longitude,latitude,class
9.82563,36.81855,1
3.0819,35.80751,0
7.24027,34.56991,1
1.60481,35.55047,0
6.76514,36.55581,1
10.90887,33.60776,0
3.1349,36.60116,1
3.84587,36.39551,1
1.63896,36.37794,0
2.66485,35.50831,0
8.86223,36.29562,1
5.54056,34.39751,0
-0.24432,35.80213,1
-0.17084,35.24752,0
9.37265,36.96191,1
3.66367,35.36143,0
3.81723,34.14343,0
2.12012,33.24393,0
7.19122,36.29572,1
9.48845,34.454,0
10.11925,35.75256,1
5.4407,36.31788,0
9.71934,33.8732,0
5.30365,36.33362,1
6.56259,37.01633,1
7.06175,36.54584,1
5.70618,34.98003,1
5.32825,36.32897,1
6.81073,35.10632,0
7.23981,34.57056,1
3.52017,35.60476,0
4.62534,34.45669,0
5.79417,36.75546,1
0.79078,35.45355,0
6.35951,35.82581,0
7.58071,34.36384,0
9.00941,36.53077,0
6.00725,36.11528,1
5.55477,36.43822,1
-0.24407,35.81434,1
2.75457,36.45805,1
1.26581,34.5239,0
-0.23589,35.80971,1
5.49594,33.48795,0
8.91875,36.77628,1
7.73205,36.79962,1
6.41459,36.79747,1
1.17412,36.47999,0
3.96664,34.82541,0
4.48476,33.13636,0
-0.70665,35.72169,1
8.17237,35.23018,1
-0.23885,35.81042,1
6.0637,35.45428,0
7.0558,35.13548,0
3.95744,36.77853,1
2.67107,36.40094,1
-1.1073,34.81986,1
8.36249,35.66309,0
4.67107,35.78183,1
7.61973,36.20824,1
9.343,34.9366,0
7.67028,36.75709,1
4.14402,36.62579,1
9.94553,36.25283,0
3.39106,36.67986,1
10.03499,33.91882,1
2.94334,36.71991,1
5.26693,36.55734,1
1.8685,35.73727,0
-1.1728,33.347,0
2.56064,35.75317,0
9.52136,37.26415,1
-2.00833,33.89608,0
8.84121,34.53036,1
10.61604,36.77938,0
2.94403,34.72319,0
7.8107,35.67736,0
6.04853,36.58998,1
-0.24192,35.81063,1
2.75859,36.6699,1
-0.2267,35.80582,1
4.74489,36.64977,1
6.025,35.86682,1
6.89777,36.27981,1
1.52249,36.072,0
9.8056,36.82566,1
2.45584,33.36775,0
3.38525,34.39473,0
2.7515,34.30055,0
-0.23228,35.81039,1
3.76004,36.36766,1
3.07917,36.75116,1
6.81718,36.44555,1
4.22352,35.53737,1
6.87193,33.99523,0
5.79525,36.47799,1
6.87097,35.54945,1
5.69293,35.65575,0
5.64398,35.90526,0
-0.66685,35.08086,1
-0.23578,35.80865,1
5.27839,34.74515,1
4.38768,36.4841,0
7.17641,36.5248,1
2.35116,36.25371,1
-0.25292,35.74749,1
2.59703,35.07745,0
4.18153,36.63559,1
10.11906,34.9653,1
4.47114,36.88756,1
-1.26342,33.38592,0
-0.23524,35.8103,1
7.45755,36.91965,1
1.99195,34.46993,0
4.61253,35.56103,0
9.11771,37.01669,1
5.64577,35.09335,1
-0.28115,35.52833,1
0.42122,35.16975,0
10.0811,33.92797,1
5.08454,36.52993,1
5.20456,36.53535,1
2.46991,36.46804,1
-0.71189,35.52224,1
-0.268,35.81701,1
8.48719,33.39713,0
4.58423,36.65247,1
5.89139,36.62701,1
8.52982,34.93665,1
3.50083,35.6708,0
3.00944,36.67956,1
4.15682,35.79548,0
5.58359,35.53309,1
4.61536,34.13017,0
8.67268,34.25348,0
1.35646,35.34062,1
6.74903,35.88391,1
5.51964,36.12455,1
10.00231,34.13002,0
8.54642,33.36292,1
3.17747,36.52171,1
-0.23791,35.812,1
-1.2442,34.50501,0
5.70366,36.59962,0
4.59348,36.65635,1
10.09418,37.05949,1
3.31326,36.40651,1
7.49757,34.08008,0
-0.24409,35.80835,1
5.00188,36.7792,1
8.52841,34.93875,1
1.05098,36.2558,0
10.69054,34.80993,1
2.6597,33.87237,1
-0.01862,35.54624,0
5.77475,36.45286,1
7.47462,34.967,0
6.44024,35.69776,0
0.20143,35.0715,0
4.58814,36.65572,1
9.61777,33.2836,0
-1.38997,33.15625,0
0.14273,33.47387,0
9.77634,37.27153,1
2.54159,34.97114,0
-0.23791,35.8104,1
0.83841,35.10658,0
6.16394,36.27272,1
-0.00818,35.76959,1
0.14651,35.79341,0
10.76154,34.92289,1
10.75252,34.99607,0
-1.17624,35.5013,0
-0.93662,35.56453,1
-0.27103,35.82032,1
4.21252,36.64793,1
1.83847,33.44494,0
6.49483,34.82093,0
5.11035,34.38988,1
10.16858,36.6211,0
9.80732,36.82311,1
9.21821,37.02068,1
3.3127,33.13495,1
3.56523,35.12594,0
7.44154,33.86786,0
4.56066,36.72142,1
3.22632,36.63043,1
-1.66305,34.16729,0
9.41621,36.94659,1
9.72675,36.34266,1
10.32776,35.38826,0
8.89931,33.43581,0
8.79835,34.37938,1
-1.15807,35.17614,0
8.21227,34.9246,0
5.5291,33.32968,0
9.29023,37.22049,1
-1.02496,34.71792,0
0.62932,33.58928,0
6.02924,35.86618,1
3.09944,36.60064,1
-0.23651,35.81144,1
9.6851,33.52908,1
-0.83374,34.20166,0
-1.65666,34.69372,0
1.53086,35.80848,0
7.92804,35.66166,0
2.70394,33.50726,0
5.78603,36.26019,1
2.346,33.47211,0
3.32843,36.75716,1
2.18672,35.2663,1
-0.26727,35.81711,1
7.3079,34.62696,1
2.83934,36.49262,1
7.71067,36.80101,1
6.96501,35.01436,1
8.35868,35.69833,1
10.28042,36.16068,1
11.05928,36.94554,0
8.83595,33.26818,0
3.28204,35.18932,0
0.33116,34.80014,1
9.00295,37.03173,0
2.14252,35.07134,0
8.57648,34.44622,0
-0.25761,35.77311,1
5.48106,36.33813,1
8.08006,34.63508,0
7.92424,36.55611,0
9.86243,34.21329,0
1.23255,36.12906,1
3.3287,36.58554,1
1.35803,35.34,1
5.17399,35.61702,0
6.10899,36.63084,1
8.51089,35.27094,1
-1.92689,33.10401,0
3.76438,36.3681,1
1.56752,33.47072,0
10.00603,36.75016,1
-0.24049,35.81025,1
6.45654,36.36346,1
4.0402,36.61977,0
1.95228,35.48453,0
1.10158,34.57218,0
0.1222,33.59603,0
8.82662,34.35762,1
5.36558,36.51237,1
8.50489,36.59296,1
-0.2407,35.80866,1
1.35591,36.1309,1
-1.27262,33.53822,0
-0.23271,35.81031,1
7.07839,33.64822,0
8.35363,34.17015,0
6.30903,35.64635,1
0.6855,33.78807,0
7.61843,36.20549,1
9.73851,34.46087,0
7.18901,36.30113,1
-0.23624,35.81004,1
2.08758,34.21438,0
5.41644,33.76759,0
-0.21473,35.80664,1
3.74853,36.18369,1
5.60991,36.38571,1
10.58635,34.60512,1
4.77161,35.54302,0
-1.49761,33.3202,0
8.42998,34.31082,1
6.58474,36.33811,0
2.0874,36.52442,1
4.40927,36.67008,1
-1.94784,37.00557,0
3.38539,36.68784,1
-0.81855,34.43021,0
-0.56109,35.16275,0
5.27292,34.74918,1
3.08121,36.75034,1
3.86336,34.86919,0
3.17648,36.52435,1
-0.26854,35.81958,1
-0.26635,35.81683,1
8.62353,35.34701,0
9.98706,34.53389,0
3.66063,34.89003,0
8.67971,34.85258,0
-0.61055,33.48175,0
-1.50128,35.05315,1
9.68231,33.532,1
7.24118,34.57389,1
4.93393,35.80454,0
3.61563,35.69251,0
5.48677,36.54121,0
-0.23104,35.80993,1
5.84217,34.67804,1
2.3363,35.71018,0
10.66702,36.84027,1
2.16038,33.49025,0
7.12898,36.09021,1
1.37303,35.21294,0
7.84014,35.76948,0
6.47771,36.58746,1
-0.35328,33.67926,0
9.41391,37.14922,1
2.51544,35.24006,0
8.35371,35.47686,1
5.76202,35.89673,1
8.53926,34.35292,0
5.26954,36.33748,1
3.32905,36.75671,1
5.26779,36.33783,1
-0.23542,35.80926,1
2.74525,33.28105,0
5.19994,36.50008,1
3.85306,34.84339,0
6.55177,35.51548,0
-0.26651,35.8167,1
-0.23711,35.80894,1
4.1623,36.62308,1
8.04334,35.38996,1
-0.66704,35.03614,1
4.08001,36.31971,1
2.99463,36.48089,0
4.30831,35.03652,0
1.84506,34.92041,0
5.41822,35.92837,0
9.15297,36.78807,1
6.01874,33.31118,0
4.55659,33.44085,0
6.89413,36.2284,1
4.13865,36.62733,1
9.46065,34.2706,0
5.77017,35.71586,0
2.0728,35.02427,0
4.50223,36.87757,1
-1.23494,34.92457,0
9.42662,34.16072,0
5.69992,36.29913,0
3.30316,36.54848,0
-0.2553,35.74725,1
0.19198,35.81059,0
0.0391,34.73915,0
5.96087,35.43522,0
-0.22833,35.14085,0
1.99704,33.39291,0
-1.60412,34.87622,0
9.48015,36.92757,0
5.43777,36.17337,1
1.78042,36.51143,0
3.03504,36.11816,0
10.36682,34.64173,0
4.52835,33.24068,0
2.77245,34.74731,0
10.2024,36.67238,1
9.77703,37.07567,1
6.46999,36.20182,0
5.79887,35.05578,1
2.71712,34.51096,0
-0.26847,35.81937,1
10.09572,35.48545,1
7.70762,36.2751,1
7.99412,33.40254,0
4.63281,35.65713,0
-0.23415,35.80886,1
7.70545,36.78685,1
-1.3496,35.31551,1
6.68711,33.12277,0
7.4697,34.29053,0
4.93691,36.47406,1
-0.23703,35.80896,1
4.15916,36.86851,1
4.44194,35.88263,1
2.76118,36.67076,1
5.64815,36.40777,1
6.9898,36.86673,1
10.01533,35.46555,1
3.05126,36.6305,1
-0.4816,35.58368,0
6.64181,33.66997,0
6.30544,35.64609,1
-0.23558,35.80849,1
9.32367,35.21089,0
0.14114,35.90878,1
4.61447,35.80617,0
2.09369,36.52507,1
10.98771,35.6078,1
6.06135,33.77941,0
9.06242,34.55303,0
-0.23818,35.80937,1
6.28822,36.85327,0
9.05178,33.34005,0
3.35564,33.40275,0
3.03329,35.32893,1
9.92861,34.88524,1
-0.54734,33.2738,0
9.1063,35.68415,0
10.02907,36.5026,1
5.57559,36.17767,1
9.38946,35.70044,0
6.54845,37.00726,0
8.74584,36.07623,0
8.98957,35.91558,1
4.49966,33.08618,0
9.63046,36.84365,0
4.14455,36.71239,1
1.13732,35.79676,0
11.10656,33.48101,1
10.67519,34.74155,1
5.91799,33.96935,1
4.60697,36.64694,1
5.29262,34.51449,0
9.82414,36.82575,1
11.10812,33.48245,1
4.44091,36.63603,1
4.85883,34.97163,0
1.38845,34.9759,0
9.18866,35.89251,1
6.45572,36.37057,1
8.27757,36.37908,1
10.91046,36.75103,1
2.18756,35.26629,1
2.11237,33.65149,0
5.32825,36.64039,1
-0.2428,35.81019,1
8.9882,36.72415,1
-0.27077,35.81688,1
-0.93639,35.56458,1
3.5674,33.16446,0
6.94348,36.88162,1
2.70203,34.22066,0
9.57037,35.63697,1
1.5742,36.10833,1
7.23951,34.57095,1
8.19458,36.45554,1
2.72733,36.43017,1
6.4018,36.5197,1
10.95133,35.40294,0
3.84732,36.38886,1
6.6205,36.4353,1
7.23981,34.57264,1
10.82329,36.53064,1
8.43496,33.90315,0
-0.84165,35.68321,0
7.13439,36.37279,1
3.13547,36.60116,1
3.06775,36.52211,1
3.88266,35.72528,1
7.24102,36.03388,1
0.81451,34.55055,0
9.17015,35.15525,1
5.24852,36.49268,1
5.80241,36.78248,0
3.37008,33.03994,1
9.51955,35.46631,0
-0.27513,35.8067,1
5.27794,34.74493,1
1.82021,34.86606,0
1.18523,34.55283,0
9.7905,33.92413,1
1.5396,34.74796,0
7.02489,33.84627,0
6.18451,36.58454,0
6.46533,35.05682,1
4.58457,36.54171,1
-0.18774,35.7993,1
6.96875,33.74347,0
10.17165,35.53529,0
4.16023,36.62909,1
1.73275,36.11196,0
-0.51723,34.03549,0
-0.26961,35.81668,1
-0.24102,35.80457,1
4.57573,34.54346,0
5.87921,36.1948,0
3.57047,35.80531,0
-0.38458,35.5031,0
9.15186,36.96771,1
10.58655,34.60085,1
9.04846,34.0704,0
1.47785,33.91151,0
6.86371,35.56496,0
6.11982,36.64837,1
3.57098,33.85035,0
8.73068,34.63381,1
-0.18645,35.80175,1
5.01799,34.92952,0
3.333,36.58615,1
7.23913,36.03808,0
9.12508,34.76403,1
4.59392,36.65129,1
10.03021,33.96379,1
8.25894,36.36163,1
10.05722,33.56109,0
2.48709,34.75949,0
5.72329,36.51365,1
10.06441,34.29805,0
3.1067,33.59776,0
3.166,36.54364,1
0.67907,35.9952,1
5.13289,36.32277,1
4.59238,36.6599,1
-0.23737,35.80887,1
8.35613,36.45719,1
3.13732,36.60074,1
-0.23782,35.80882,1
6.74739,35.88841,1
6.75254,36.60144,0
1.73281,36.55008,1
1.93294,33.11144,0
5.9513,33.71078,0
5.0321,34.75305,0
10.6433,36.64268,1
0.25595,35.94529,1
9.7217,33.83447,0
3.32476,33.06975,1
6.14721,35.00071,0
10.46443,35.10176,0
8.75085,34.40676,0
9.67317,35.33874,0
1.17152,33.77397,0
0.88144,33.70977,0
-1.49012,35.28448,0
-0.24101,35.81105,1
2.02105,36.10569,0
-0.2389,35.80938,1
9.74619,33.83103,0
-0.24033,35.81126,1
3.79406,36.78734,1
9.56519,37.2592,1
0.08538,33.3472,0
2.89541,34.52221,0
-0.57625,35.63559,1
0.8753,35.85177,0
9.68649,35.60653,1
6.55672,37.01603,1
6.69498,36.66355,0
1.65857,34.3971,0
9.06394,36.81544,1
4.93543,36.47992,1
1.13233,33.53492,0
10.02147,33.45213,0
2.34344,34.49358,0
4.16524,36.62038,1
-0.23646,35.80992,1
9.5799,34.13386,0
4.604,36.65761,1
9.24381,37.02277,1
0.30495,35.71125,0
5.96303,33.46397,1
2.78883,33.32537,0
1.47045,35.0251,0
3.4018,36.6605,1
8.144,36.58045,1
9.01074,35.19545,0
3.32763,36.75805,1
-1.75563,34.85968,1
5.81876,33.5757,0
-0.23704,35.8087,1
6.64004,34.30019,0
5.4812,36.33085,1
4.56312,33.09405,0
0.95632,34.71233,0
11.10559,35.20439,1
-0.76182,35.73644,1
-0.14287,34.08688,0
2.99193,36.03883,0
10.02342,36.50377,1
3.26641,36.62906,1
3.86039,35.07017,0
-0.23514,35.80989,1
-1.28959,34.77272,0
7.44501,36.40781,1
6.10808,34.55927,0
0.35235,36.05502,0
2.1873,34.72173,0
9.22498,37.01746,1
5.94469,35.62498,1
6.51165,36.29211,1
8.96059,36.64592,1
-0.23814,35.81217,1
6.56613,37.01773,1
0.12738,36.02042,1
4.86247,36.09056,1
7.75482,36.94507,1
4.12242,33.40806,0
6.75096,36.34829,1
10.04223,35.9571,1
4.01667,35.81938,0
7.08861,33.78777,0
7.06466,33.7211,0
3.08164,36.75105,1
-0.92178,35.55524,1
8.21665,36.66984,1
-0.89872,34.86406,1
-0.23427,35.80891,1
5.1992,36.50336,1
1.35599,36.13626,1
5.11677,36.54544,1
3.36687,34.01338,0
1.84984,33.5005,0
4.59334,36.64766,1
4.96998,33.28175,0
0.82933,34.71585,0
5.97969,36.59901,1
7.30034,36.74814,0
8.27061,36.37823,1
6.07193,33.07676,0
8.25502,33.31122,0
7.12055,36.49151,1
5.27456,36.63065,0
6.62477,33.31836,0
7.697,36.66966,0
0.28753,34.1043,0
7.42489,36.50715,1
11.10678,33.4794,1
7.28471,36.88811,1
4.42425,35.86904,0
8.51179,36.35296,0
4.90836,36.13711,0
10.68727,34.92207,1
5.13619,36.33711,1
10.58584,34.60244,1
-1.86695,34.0673,0
10.54503,35.3552,1
3.08272,36.75143,1
4.27503,35.51634,1
11.10447,35.22484,0
6.04981,36.61576,1
6.02967,35.86686,1
-1.35183,35.24958,0
4.08916,36.59569,1
5.26807,36.5534,1
5.96156,34.00544,1
5.75937,36.54332,0
-0.23569,35.81031,1
-0.2139,35.8032,1
9.27632,35.01481,0
10.58315,34.60141,1
-1.7307,35.09015,1
5.07765,36.74498,1
9.55576,37.258,1
8.54254,33.36883,1
7.36093,35.7683,1
7.4345,36.61526,0
-0.24045,35.81289,1
-0.24137,35.81218,1
7.62761,36.72478,1
3.98052,36.41054,1
10.66968,33.0329,0
-0.26485,35.80545,1
7.87007,33.73476,0
5.42461,36.60367,1
-1.92668,33.7086,0
-0.21359,35.80231,1
8.17268,33.92859,1
3.20764,36.60926,1
5.51881,33.79946,0
-0.26612,35.55244,0
8.72713,34.90418,0
3.76368,36.37209,1
10.58864,34.59808,1
2.93738,35.49451,0
1.27846,34.97593,0
3.11112,34.10313,0
4.17676,36.63248,1
6.61668,36.18433,0
-1.31246,33.31375,0
5.74418,33.84342,0
7.30285,36.76649,1
7.68451,36.56008,0
7.55009,36.39308,1
8.52892,34.93877,1
7.30813,34.62742,1
8.43705,36.4502,1
-0.75921,35.05552,0
11.06645,34.67487,0
-0.77349,33.87597,0
4.58984,34.13644,0
6.79935,36.09044,1
2.71705,36.45644,1
3.13701,36.5969,1
4.02106,36.31458,1
4.59558,34.75493,0
10.60045,34.77076,1
5.75964,34.85579,1
8.95251,36.54327,1
0.61944,33.04809,0
4.14585,35.27898,0
2.77038,34.23387,0
6.48981,36.93413,1
5.61073,34.38149,0
6.35632,33.47738,0
9.78145,34.75422,0
8.30073,34.17068,0
-0.86551,35.55917,1
1.03614,34.85173,0
-1.58012,34.66693,0
-0.67229,35.52451,1
5.3074,35.61861,0
10.70379,36.46997,0
5.91684,33.59883,1
5.57122,36.18074,1
0.13303,33.82005,0
-0.26748,35.76445,1
0.28217,34.45194,0
6.29338,36.62877,1
-0.23534,35.8096,1
-2.05127,33.44493,0
6.02538,33.52113,1
7.20592,36.41485,0
4.39464,36.67506,1
5.17972,36.51213,0
4.47892,35.70771,1
11.10878,33.48401,1
4.15709,36.7563,1
-0.0054,34.19656,1
1.19392,36.13834,1
-0.11777,34.60629,0
9.81327,37.28135,0
-0.23186,35.80937,1
3.28194,36.7891,0
8.73964,36.57203,0
10.02436,36.50443,1
8.23478,36.64366,0
0.61681,35.08437,0
-1.57709,34.20975,0
8.98515,33.71629,0
1.09659,35.53885,0
-0.25665,35.74756,1
-0.79737,34.37585,0
5.41176,33.11567,0
10.54931,33.2444,0
5.895,36.41176,1
4.54379,35.28872,0
9.71631,34.99465,0
6.12299,36.59896,1
7.16605,36.31474,1
8.04692,36.80785,1
10.55455,36.57825,1
2.69035,36.27377,1
-1.92706,34.08224,0
3.26663,36.62891,1
8.70595,35.22067,0
1.55383,34.79808,0
5.66932,33.02255,0
-0.24046,35.81123,1
-1.10255,35.05697,0
10.54106,36.3973,1
-1.34159,35.31194,1
-0.45678,35.59367,1
3.08121,36.75134,1
-0.83899,35.0441,0
-0.89617,33.93614,0
7.24293,34.5713,1
5.25742,34.59622,0
5.25588,36.42573,1
4.25909,35.74393,0
10.72567,33.62455,0
8.00168,35.52373,0
10.12217,36.74592,1
3.46206,36.48532,1
4.58063,36.6487,1
7.03893,36.15035,0
3.24073,36.74161,1
2.6793,33.68331,0
-0.25263,35.74805,1
-1.46536,34.97324,1
0.46673,33.12769,0
2.57938,33.81088,0
5.52087,36.12811,1
6.81904,36.43855,1
-0.75666,34.80736,0
-0.23485,35.80869,1
3.97939,34.21811,0
3.76433,36.87917,1
10.36659,34.63667,0
3.18751,36.70917,1
1.35454,35.33901,1
4.95605,35.46693,0
10.47524,36.70105,1
0.17715,35.1726,0
4.59876,36.65698,1
-0.23826,35.81279,1
-0.17918,35.79866,1
10.84801,36.87814,1
4.60524,33.61183,0
11.10426,35.20501,1
-0.01416,34.24641,0
7.60851,34.14705,0
9.57862,36.66063,1
6.93104,35.09886,0
6.62702,36.4296,1
2.46038,34.007,0
5.97457,33.72392,0
7.21102,35.13434,0
7.2302,34.67294,0
-1.15953,33.13631,0
1.74371,35.44968,0
3.41787,34.76161,0
9.6386,37.07836,1
3.3381,36.69444,1
5.51206,33.24022,0
6.43092,36.9475,1
6.90087,34.32047,0
3.32925,36.75786,1
10.97691,33.79505,0
0.07683,35.24885,0
9.68068,33.53316,1
10.21503,36.88947,1
5.13219,34.51077,0
4.13361,36.61782,1
7.08483,33.62154,0
7.23992,34.57104,1
5.20047,35.92969,0
2.67766,36.48486,1
-0.2137,35.80345,1
-0.52209,35.10647,0
6.94955,36.86546,1
6.25185,36.06062,1
5.88708,34.4384,1
0.3166,33.92316,0
2.65743,33.87302,1
3.62719,35.17725,0
6.11137,36.07593,0
4.13486,36.6298,1
7.18411,36.29982,1
3.51027,36.18843,0
9.58251,36.65754,1
8.40794,36.50988,0
9.81757,37.13602,1
4.43553,33.7252,0
6.76233,36.25844,0
9.68409,33.5282,1
7.66486,36.75684,1
-0.2349,35.80892,1
9.716,37.30001,1
8.09065,34.15698,0
4.54624,33.3672,0
6.52635,36.36713,1
8.82753,36.67797,0
8.12418,36.57162,1
3.76696,36.77169,1
9.85015,34.80942,1
7.28453,36.25943,1
4.54789,36.12904,0
6.93383,36.88163,1
4.55635,36.71181,1
6.45553,36.36584,1
0.76894,35.71661,1
5.10646,34.39238,1
-1.94357,34.29981,0
9.88236,36.38952,0
10.24475,36.77018,1
-0.2358,35.80872,1
10.92389,36.91241,1
8.07493,34.95373,0
9.71245,36.80373,0
3.02855,36.67163,1
2.93236,36.13986,1
4.55064,36.71601,1
8.10636,36.42992,0
10.27993,36.15968,1
4.40565,36.66613,1
2.51143,36.47588,0
7.24298,34.56821,1
0.35338,35.73577,0
-0.23342,35.81134,1
10.58287,34.60112,1
3.82951,36.67352,0
-0.23497,35.80926,1
3.17509,36.52155,1
10.0278,36.49959,1
-0.259,35.77809,1
8.27397,36.19516,1
8.76699,36.54377,1
5.27466,34.75051,1
4.0657,36.81397,0
5.01497,33.69094,0
9.36384,33.35786,0
-0.59267,35.51208,1
0.32743,34.79827,1
11.10697,33.48241,1
7.15871,35.90359,1
2.92057,36.5468,0
4.13224,36.32636,1
9.31525,36.82288,1
1.22764,36.0507,0
9.22531,36.34074,0
-0.26797,35.8177,1
10.26775,34.60248,0
9.95768,35.63243,1
4.83318,36.53165,1
4.50055,35.71003,1
-1.65646,34.62424,1
5.57934,35.53373,1
-2.03499,34.50483,0
8.19321,34.93527,0
10.58053,34.60166,1
7.11991,36.49486,1
3.22942,33.0164,1
3.65921,36.04546,0
7.9853,34.32239,0
5.68216,36.7063,1
10.03592,33.9169,1
-0.22793,35.81055,1
5.88399,34.4395,1
-2.18099,34.46943,0
10.61846,36.76203,0
5.10941,34.39186,1
-0.10133,34.99012,0
3.22727,33.8102,0
8.54329,36.80442,1
6.38128,36.72844,1
7.62816,36.7206,1
3.47993,36.62017,1
-0.23245,35.80893,1
-0.28061,35.52861,1
8.31954,35.46843,0
6.12171,36.77578,1
6.23206,36.6594,1
-0.31921,33.58051,0
4.16439,36.62809,1
-0.23225,35.81012,1
6.8021,35.24631,1
4.15498,36.62411,1
7.61947,36.20877,1
6.51238,36.28881,1
4.99569,34.1655,0
-1.78101,33.25924,0
-0.26565,35.81677,1
9.60956,35.9124,0
9.24625,36.56491,1
10.72004,34.81295,1
0.68129,35.9967,1
9.50455,36.43906,0
0.43535,35.96078,1
8.86341,33.53393,0
4.86977,36.65783,1
0.4946,34.96412,0
8.03036,34.49342,0
-1.20909,34.95646,1
7.28993,36.89252,1
1.35496,35.34033,1
6.15922,36.20448,1
9.2432,37.02912,1
7.72672,34.22766,1
10.35374,33.25852,0
0.14656,35.91631,1
5.75179,33.8353,0
-0.23913,35.81269,1
4.08155,36.60469,1
1.76959,35.32364,0
8.90588,35.91768,0
3.62211,35.35722,0
8.80703,35.38475,0
4.58294,36.53394,1
-0.26987,35.81719,1
8.26134,33.4792,0
9.30747,37.03432,0
3.27216,36.637,1
5.70779,34.54826,1
7.67962,36.79448,1
-1.53958,34.81846,1
2.70725,36.53658,0
4.42163,34.92632,0
5.27619,34.74362,1
-0.23287,35.81002,1
5.00782,36.79076,1
3.18031,36.70549,1
6.33953,36.6259,1
4.82879,34.60452,0
-1.50147,33.28735,0
10.23799,33.53304,0
1.0351,34.34449,0
7.67638,35.48179,0
4.98423,36.3426,0
6.95872,36.87411,1
6.30582,35.25311,0
6.20763,35.41195,0
6.20988,33.10749,0
6.98621,36.39814,1
5.84101,34.6742,1
3.74634,36.1842,1
2.91434,36.69888,1
4.54998,36.7113,1
7.24025,34.57127,1
-0.83809,33.22878,0
7.24026,34.57181,1
8.27184,36.37888,1
6.63475,35.48531,1
9.51282,37.22858,1
10.15632,35.63615,1
3.11741,36.68042,1
5.1446,35.59752,0
3.13776,36.59694,1
6.8188,36.37884,0
9.68211,33.53313,1
1.37557,33.38149,0
4.12678,36.87574,1
4.05399,34.16972,0
-0.30407,35.03718,0
3.27113,36.62284,1
2.29671,33.58187,0
2.61867,36.51438,1
8.35179,34.29459,1
8.139,33.63765,0
-2.07056,33.92207,0
0.5701,35.85433,0
2.84049,36.63234,1
4.55121,36.72071,1
10.08368,33.59046,0
-0.23608,35.81155,1
6.11615,36.60305,1
10.55051,35.90376,1
2.92433,36.14055,1
5.40535,35.47266,0
8.47127,33.55517,0
9.53321,37.22942,1
10.80736,36.55782,1
4.50021,35.3603,0
7.54815,35.02648,0
3.65662,35.53938,0
-1.08896,33.09177,0
-0.9414,34.94708,1
9.13267,35.36675,0
7.23861,34.57238,1
0.12737,36.0209,1
5.02872,36.45522,1
8.60135,36.56357,1
6.43866,36.40109,1
0.14981,33.01898,0
9.28096,33.74811,0
9.06947,35.7954,0
5.97944,35.70105,0
2.37312,35.51075,0
6.28938,36.54766,1
4.54946,36.72961,1
-2.11386,33.36626,0
-2.06333,33.17804,0
2.71424,34.16251,0
6.42075,36.53494,1
6.33593,36.67252,1
7.87914,36.39481,1
7.70147,36.79505,1
10.58413,34.59663,1
4.93773,36.47688,1
3.02725,34.88035,0
-0.87332,33.82713,0
10.44312,34.91088,0
0.48091,36.04267,0
-1.55689,33.82236,0
2.75627,36.47402,1
6.13122,36.60229,1
9.39014,35.3123,0
-0.23635,35.81211,1
9.79926,36.81503,1
4.43485,36.89654,1
-0.23801,35.80879,1
4.07997,36.31907,1
10.14172,33.84959,0
3.08105,36.75106,1
6.74402,36.9488,1
-0.23262,35.8088,1
10.63405,34.73972,1
10.42522,33.49278,0
3.06625,36.52419,1
5.91613,36.61886,1
3.07938,36.75015,1
0.94597,36.00312,1
10.88981,35.23779,1
5.8399,36.17798,1
7.76979,36.90052,1
4.13551,36.6253,1
0.42376,36.16696,0
-0.18922,35.79737,1
3.45383,36.4831,1
10.5856,34.59834,1
10.06679,36.72797,1
7.24097,34.56996,1
0.78925,35.9303,1
3.83084,35.95861,0
5.49071,33.60055,0
7.19549,36.24098,0
-2.17935,34.17193,0
7.72795,36.88504,1
9.70132,33.92985,0
3.24781,33.23719,0
8.12982,36.57864,1
10.32189,33.72159,0
5.48764,36.3349,1
-0.24154,35.80991,1
10.82199,36.53294,1
10.26215,36.09164,1
4.67543,33.05934,0
6.95996,36.88361,1
1.33625,33.58097,0
5.00471,35.94362,0
5.96059,36.60947,1
2.68839,36.27035,1
1.66259,34.63935,0
9.95919,35.63408,1
3.09534,34.93875,0
7.71361,36.74543,1
-0.23708,35.80987,1
10.0408,34.29205,0
-0.26889,35.81824,1
7.13139,35.44196,1
-0.99273,33.71283,0
-0.33036,34.78635,0
1.91171,33.89502,0
7.93419,35.97144,0
9.71877,37.29863,1
7.063,36.35697,1
7.24035,34.5722,1
-0.15945,34.22791,0
4.56563,36.71558,1
-1.83068,33.94816,0
0.18522,33.47037,0
7.59692,33.64565,0
-0.81047,35.52798,0
5.55715,33.23703,0
3.90631,35.18192,0
1.80554,33.33588,0
7.56152,33.06714,0
11.01044,33.30944,0
3.74077,34.59291,0
-0.23492,35.81063,1
1.38998,34.48616,0
7.99599,36.28519,1
-0.23462,35.80856,1
6.6917,33.44032,0
5.946,36.78718,0
10.30264,35.51598,1
9.17491,36.19736,0
0.5548,35.1899,0
3.41535,36.49365,1
5.10813,34.38993,1
8.04298,36.54602,0
7.13064,35.44523,1
6.58309,36.04049,1
-0.26902,35.81741,1
4.17194,36.6344,1
6.04715,36.58567,1
4.16412,36.63396,1
8.7651,34.44932,0
-0.22779,33.04166,0
9.24663,36.77758,1
4.99777,36.77604,1
4.59532,36.54055,1
9.87508,37.05024,1
5.78305,36.17554,1
7.93083,36.15354,0
8.88842,34.76076,0
2.67177,36.40541,1
5.12293,34.9906,0
-0.26835,35.81798,1
5.05593,35.0708,0
8.02098,35.29129,0
4.69649,34.94296,0
1.19637,36.13722,1
3.98587,33.78668,0
10.40184,34.96999,1
10.54713,35.68779,0
7.68079,36.79054,1
7.71243,36.2605,1
6.07411,36.49375,1
9.14635,36.47802,1
5.83745,34.65937,1
8.80496,35.70743,0
1.35598,35.33957,1
4.79906,36.00968,0
5.94612,34.54474,0
3.49554,36.46401,1
4.50624,35.14125,0
4.17102,36.6379,1
5.05584,34.40984,0
4.96905,36.64284,1
7.98057,33.84912,0
2.68165,36.61966,1
2.13429,35.7776,0
0.17344,34.32964,0
10.67415,36.52921,1
-0.28057,33.71381,0
6.79744,35.23923,1
3.95258,36.76223,0
3.99288,36.70546,1
0.85536,33.80909,0
4.26372,36.65855,1
8.6839,33.53481,0
8.13703,36.58035,1
3.62526,36.55185,0
9.29466,37.03559,1
9.28937,34.07594,0
5.16516,34.031,0
1.26902,34.76781,0
7.25332,36.47762,1
6.63246,35.48905,1
5.8968,33.53216,0
5.83959,33.63151,0
11.01488,35.76173,0
4.5944,36.6528,1
4.55403,36.71937,1
6.27145,35.36324,0
8.39613,33.76862,0
6.30948,36.42339,1
-0.23277,35.81139,1
5.04329,35.72136,0
9.50365,33.90277,0
5.93394,35.54364,0
-1.00345,35.18595,0
6.69589,36.44449,1
5.35429,36.48418,1
11.02414,35.52398,1
5.27087,35.73258,0
5.70837,34.98248,1
8.14099,33.17452,0
6.5584,36.04232,1
5.90433,33.93316,0
-0.23789,35.81166,1
-0.23342,35.81002,1
9.6823,33.37874,0
-0.24005,35.81355,1
1.35373,35.34068,1
7.43427,36.86927,1
7.6688,36.60707,1
5.98204,36.81536,1
8.27676,36.3736,1
7.6691,36.75417,1
8.55094,33.44816,0
0.47337,35.98316,1
6.57161,36.01392,1
7.24015,34.57116,1
2.75052,35.45168,0
-0.77924,34.7665,0
-1.94043,34.31914,0
6.03471,33.72003,0
9.23602,36.83374,1
-1.96066,34.92058,0
5.02707,35.9559,1
-0.2661,35.8167,1
9.27882,35.32747,0
9.0906,36.71608,0
1.71607,35.92652,0
7.16436,35.90425,1
-1.10983,34.80883,0
2.02248,34.22306,1
1.9642,34.71201,0
3.76911,33.22809,0
0.29288,34.32044,0
-0.23558,35.81228,1
3.25353,36.6328,1
6.70612,33.11954,0
4.4695,36.86013,1
1.62713,33.30932,0
0.11196,33.69362,0
9.34175,36.89621,1
-0.2705,35.81692,1
6.74932,34.83481,0
3.10795,36.70684,1
3.38421,35.78942,1
5.53337,35.70751,1
1.57342,33.08585,0
5.54193,36.51376,1
6.55533,35.94255,1
2.47038,36.49175,1
4.53381,34.48756,0
4.1165,36.0874,0
6.95971,35.82017,0
7.74084,34.26303,0
-0.24145,35.8121,1
3.11769,36.49632,0
5.16242,34.677,0
5.32579,36.28955,1
4.61982,35.9971,0
0.54547,35.94159,0
8.8595,34.48308,1
2.65147,36.47307,1
-0.74016,35.21134,1
10.17593,34.81328,0
7.31033,34.6273,1
-0.30347,35.82695,1
-0.23909,35.81012,1
5.30719,36.01834,1
3.5849,36.55678,1
5.07095,35.97707,1
9.68182,36.2877,0
0.5308,34.32461,0
7.40189,35.90548,1
5.45626,36.56334,1
9.50404,37.22989,1
8.89975,33.55193,1
5.07352,35.97886,1
0.05202,34.61881,0
5.28964,34.32361,0
4.60068,36.64987,1
0.97225,35.50505,0
-0.26999,35.81739,1
2.82262,34.92261,0
3.86107,36.6685,1
5.34424,34.88587,0
4.25889,36.45842,0
6.36066,36.23624,1
-0.23853,35.81051,1
4.74381,36.55496,1
1.57365,35.93244,0
3.48999,36.63181,1
5.47925,36.23695,1
5.35928,35.64949,0
0.08783,33.07138,0
8.73381,35.51351,0
6.48048,35.42048,0
7.07545,35.15945,0
5.0837,36.6217,1
3.08247,36.7502,1
6.60039,36.57254,1
-0.238,35.81209,1
6.6401,36.7173,1
-0.21842,35.8069,1
-1.9803,35.00016,0
6.27352,35.22135,0
6.15934,33.79235,0
1.036,34.95061,0
-0.31087,34.69353,0
-0.47605,35.64326,1
6.89186,34.53348,0
1.85876,33.33038,0
8.1425,35.06024,0
0.78625,35.92809,1
6.54444,35.72273,0
-0.26988,35.76855,1
10.32025,36.59219,1
1.52244,34.35,0
2.73105,35.90775,0
6.96041,36.88566,1
-0.23713,35.81047,1
1.02876,36.24551,0
7.55583,33.72399,0
9.72397,36.77422,1
-1.98782,33.22613,0
1.73252,35.95611,0
1.30171,36.1461,1
2.14103,34.4171,0
4.71499,36.5135,0
8.5429,34.02314,0
6.19768,35.59826,1
1.17972,33.25903,0
8.95866,33.57232,0
10.64164,34.68683,1
3.6976,33.2054,0
4.57852,35.85693,0
2.31132,35.87553,0
7.30852,34.6271,1
-0.23735,35.80918,1
9.5699,37.25981,1
4.88135,35.92953,0
5.46872,36.55151,1
7.30627,36.76706,1
6.95927,36.88404,1
10.26175,35.99841,0
6.91248,36.77959,1
9.25117,34.90246,0
7.30908,34.62714,1
8.77515,36.62554,1
4.14477,36.63173,1
7.23898,34.57096,1
9.55647,37.09486,1
-0.24301,35.81156,1
4.39044,33.53517,0
8.06045,36.28894,1
7.02365,34.8155,0
4.16482,36.63779,1
8.04657,33.41016,0
6.56692,37.02195,1
9.35912,36.90934,1
2.28682,35.39194,1
6.51604,36.9168,0
-0.23582,35.80956,1
5.25402,34.68085,1
-0.33351,35.82713,1
5.11871,36.54366,1
-0.34583,33.47398,1
4.40867,36.36683,1
-0.36605,35.82795,1
1.59729,33.26723,0
7.23795,34.57002,1
0.64947,35.4192,0
2.65276,36.47698,1
6.17158,35.98517,0
7.23915,34.57255,1
5.63869,35.09492,1
10.69739,36.56799,1
6.37731,35.71111,0
1.088,34.14124,0
0.25708,33.30493,0
-0.2355,35.81112,1
1.27204,34.42844,0
8.97866,36.76194,1
2.5849,33.28884,0
10.5474,35.35406,1
11.04149,33.17292,0
0.30984,34.76706,0
-1.23534,35.36411,0
8.06823,33.40119,0
6.01602,36.64939,1
0.84846,33.71853,0
3.42022,36.2135,0
5.7594,35.8984,1
8.03182,36.84272,1
3.63355,35.34768,0
-2.10796,34.15797,0
6.79987,35.24087,1
-0.23589,35.80836,1
9.60741,35.77484,0
10.98667,35.60607,1
-0.62514,35.19548,0
-0.23163,35.81118,1
6.01338,36.21045,1
6.90024,36.37611,0
7.55122,33.73812,0
8.32591,34.92294,0
5.0787,36.52343,1
2.86678,34.76062,0
2.40554,36.40595,0
9.58518,36.6602,1
10.63377,34.7396,1
10.58535,34.60074,1
0.99256,34.37787,0
-0.61904,35.39547,0
5.91495,35.52045,1
10.9091,35.41922,0
8.17279,35.23016,1
7.04247,36.2522,0
4.17329,36.63644,1
-1.29731,33.07611,0
7.90413,33.95439,0
6.51326,36.02838,0
10.76539,34.85337,1
8.16905,35.23184,1
0.43588,35.96037,1
5.06784,36.50076,1
5.25885,34.34693,0
6.13747,35.3072,0
6.09166,34.68092,0
0.23045,35.35852,0
-0.1714,35.62187,1
6.4518,34.54539,0
8.68197,33.35974,0
9.68936,35.20743,0
4.14628,34.2984,0
1.23704,36.13389,1
10.58193,34.60331,1
8.49195,36.33272,0
5.33101,36.64084,1
7.60674,36.82532,0
0.94632,36.00463,1
-0.23607,35.81004,1
0.08812,34.80659,1
-1.90322,34.86339,1
10.0207,35.42926,1
7.09925,36.52439,1
8.43588,36.01446,0
0.83961,34.21675,0
6.5869,35.98251,1
1.47008,34.18928,0
7.77188,33.20844,0
6.70519,33.62878,0
2.03123,34.20482,0
-0.18712,35.80258,1
-0.23697,35.8091,1
9.05354,33.48108,1
2.92544,36.65136,1
10.2231,36.01048,1
9.29389,36.76705,1
4.59065,36.54503,1
6.79886,35.24609,1
8.98108,34.17771,0
-0.19897,35.50571,1
1.47909,33.32876,0
2.75646,36.47301,1
6.95464,36.88232,1
5.86888,36.05645,1
9.32052,35.06682,1
2.60561,36.00282,0
5.98712,35.63646,1
9.31231,37.14233,0
5.00621,36.78964,1
4.16754,36.62354,1
9.5018,35.39266,0
3.38494,34.05511,0
-0.27355,35.80532,1
3.64871,36.82918,0
5.7552,35.3475,1
6.938,36.27034,1
-0.23518,35.80863,1
7.80312,35.87539,0
1.35744,35.33838,1
2.88447,36.47778,1
6.95246,36.88227,1
1.964,33.92863,0
6.64426,36.8214,1
5.88401,34.4412,1
4.47903,35.70833,1
4.47905,35.7066,1
8.92127,36.76651,0
-0.28121,35.52743,1
4.50003,36.87349,1
3.13822,36.59677,1
0.49879,33.67876,0
-1.40901,33.36124,0
6.74676,34.9194,0
-0.26877,35.81673,1
4.27307,35.79106,0
9.31474,36.79098,1
7.15667,34.1709,0
5.17199,36.42817,1
-0.25604,35.74915,1
7.15592,34.48648,0
6.51538,34.04578,0
9.14607,36.47535,1
7.30148,36.76319,1
7.46821,35.57344,0
10.33923,33.30647,1
-0.23637,35.80912,1
6.35301,35.68673,1
6.25459,33.64785,0
7.22499,33.3062,0
-0.24,35.81209,1
4.85871,36.01913,0
-1.06324,34.54424,0
8.48642,36.47184,0
3.3882,36.69094,1
8.6891,34.88067,0
6.31996,36.99447,1
10.38784,34.96442,1
6.61569,33.95356,0
7.23917,34.56979,1
5.68497,34.6974,1
-0.24198,35.80906,1
7.23871,34.57427,1
10.78956,35.70187,0
3.35224,33.17765,1
5.75439,35.3531,1
9.19234,34.39834,0
7.92342,35.40739,0
10.08025,35.98966,0
-1.15796,33.97548,0
5.06802,36.69995,1
4.67255,36.58525,1
10.45725,35.70133,0
-0.2622,35.62646,1
3.82275,36.81922,1
3.03568,33.17344,0
6.0306,35.83302,1
4.21393,35.58748,0
-0.17336,35.61127,0
11.1081,33.48307,1
6.00443,33.43266,0
7.34085,34.05769,0
4.74766,33.30351,0
2.05306,34.44164,1
6.42476,36.50806,0
-0.1845,35.80182,1
9.13025,36.88071,1
3.35482,33.56285,0
8.17535,33.92738,1
4.56386,35.48677,0
4.5056,34.43374,0
3.31249,36.73679,1
5.39706,35.36066,1
8.53137,34.9374,1
6.2505,36.88671,0
8.83402,36.96348,0
-1.35099,34.06355,0
3.72086,36.57777,0
-0.51239,33.12329,0
7.01748,33.48207,1
9.18921,35.23222,0
-0.4438,34.20127,0
-0.93364,34.33905,0
7.18512,36.57603,0
7.73276,36.30403,1
8.04187,35.39044,1
3.59273,35.76491,0
1.19778,36.40807,1
9.69364,36.74506,1
9.41069,36.71486,0
3.91264,36.89076,1
2.63561,35.61921,0
5.80857,36.5638,0
8.04005,36.82744,1
4.59275,36.49107,1
-0.23687,35.80935,1
2.68906,36.27433,1
3.04423,36.70697,1
4.36658,34.70366,0
5.33309,36.64012,1
-1.41315,33.47601,0
1.66335,36.11796,0
6.02508,36.18108,1
3.9551,36.7387,1
8.2529,35.0746,0
7.70558,36.7916,1
7.86456,36.82772,1
3.25712,34.56605,1
9.65016,37.07324,0
10.19501,36.72633,1
10.43367,36.66918,1
1.35519,35.33902,1
6.57388,35.52619,0
3.82926,35.17831,0
7.4524,36.92224,1
7.41053,35.90685,1
6.45363,36.96377,0
-1.37439,34.86016,1
2.92135,35.17018,0
8.55998,33.7065,0
-0.74532,33.03328,0
9.81787,34.87574,1
5.35535,36.35216,0
-0.2383,35.81162,1
4.78879,33.61618,0
6.00622,33.46718,0
6.91996,33.38738,0
10.27602,34.86993,0
1.71976,34.30881,0
10.58702,36.76157,0
-0.46814,33.03444,0
-0.26711,35.81727,1
8.51971,36.5456,0
-0.26741,35.81737,1
9.11558,36.85121,1
4.13726,36.61497,1
0.23696,34.55485,0
10.04511,33.74368,0
-1.60748,33.63433,0
4.17252,36.63316,1
7.30186,36.76529,1
-0.17977,35.79943,1
-1.34115,35.31086,1
-0.25323,35.75919,1
9.98897,33.87632,1
7.24028,34.57044,1
9.59482,35.58542,0
9.04729,34.46497,0
10.2081,36.70855,0
6.6575,35.17798,0
-0.23253,35.81066,1
6.43535,36.39573,1
-0.71839,35.61119,0
-0.28245,35.02231,0
5.84418,34.67263,1
4.73134,33.79933,0
2.5297,34.55146,0
-0.64107,34.0982,0
8.57853,36.21063,0
10.4037,36.09442,1
5.90709,33.10242,0
8.54463,33.52249,0
-0.2299,35.80887,1
3.33229,36.58946,1
5.95798,36.72031,1
5.41189,34.7898,1
6.8056,35.24654,1
9.75502,37.10108,0
-0.23626,35.81119,1
6.58394,35.98108,1
10.01288,34.14001,1
2.46694,35.37011,0
4.55619,36.70771,1
5.89681,34.7103,1
3.35141,36.48464,1
6.92993,36.87068,1
9.19234,33.47648,0
-0.79584,33.89926,0
2.7046,36.52143,1
7.02134,35.56863,0
4.18099,36.63181,1
8.9711,33.69669,1
3.30717,33.13197,1
5.30741,36.01978,1
5.89481,36.04032,1
0.33118,34.80121,1
-0.23685,35.80877,1
-0.23024,35.81091,1
4.43867,36.79538,1
-0.23488,35.80989,1
0.23157,36.08483,1
7.30624,34.62689,1
10.14243,37.22206,0
5.5727,35.50149,0
0.78581,35.92366,1
3.98521,33.63608,0
1.5607,33.56387,0
7.70814,36.79689,1
4.4001,33.89532,0
6.05411,35.99535,0
3.90402,36.34238,1
9.98177,34.07359,0
8.13393,36.58268,1
10.10268,36.74582,1
3.23626,34.56446,0
3.09578,34.24251,0
7.17928,34.43378,1
-0.14941,35.44512,0
-0.34554,33.47329,1
2.60691,34.1744,0
-0.22509,35.80391,1
5.30812,36.02153,1
4.76468,35.60294,0
4.61666,36.65176,1
0.31397,33.60008,0
4.12387,36.67897,1
5.52907,36.5129,0
6.56491,37.02149,1
5.66926,36.69293,1
-0.36551,35.61697,0
8.21046,35.33412,0
9.72925,33.08786,0
10.00556,36.75191,1
8.35794,36.43162,1
3.45619,35.79758,0
-0.66712,35.04086,1
1.5402,35.04782,0
11.10785,33.48055,1
6.34009,36.62943,1
-0.24344,35.81092,1
0.32485,35.66674,0
8.453,33.82743,0
9.68018,33.53461,1
2.81177,36.61908,1
7.24306,34.57001,1
2.24495,33.14714,0
-0.23615,35.80989,1
7.15791,36.3581,0
3.99821,36.44531,1
6.22644,36.66065,1
-0.23853,35.81116,1
7.6193,36.37384,1
3.86082,36.66432,1
7.23054,35.80378,1
3.79881,36.34757,1
9.48177,35.34813,0
9.22844,34.34199,0
2.05352,34.43908,1
-1.07178,33.10104,0
7.22122,36.11909,0
9.89331,34.66831,0
5.00476,36.78865,1
8.87385,36.67235,1
6.94312,36.88197,1
-0.23624,35.81079,1
10.22255,35.42986,0
2.8342,36.4912,1
0.80434,35.50914,0
2.11227,36.25484,1
4.58277,36.76365,0
7.62688,34.73802,0
3.76285,36.14771,0
9.68364,33.53222,1
9.39534,36.68622,0
11.10793,33.47933,1
7.07181,34.02264,0
10.12032,35.75025,1
-0.23334,35.81104,1
-1.85682,33.58609,0
5.82413,34.69678,1
-0.70581,33.18617,0
3.92849,34.10177,0
2.97822,33.59014,0
7.77293,34.50336,1
6.61741,36.31628,0
10.64236,34.68694,1
6.57856,34.92329,0
7.2189,36.32354,1
5.79916,36.48253,1
9.3595,33.91699,0
8.16742,35.234,1
3.32129,33.12142,1
10.29047,35.8186,0
5.313,36.01944,1
-0.20211,35.80134,1
9.29938,36.86958,1
0.27082,34.15851,0
10.10552,36.7303,1
5.13247,36.32676,1
3.87698,35.72507,1
6.76943,36.55998,1
5.99604,35.64533,0
6.5094,36.29196,1
2.46939,36.49263,1
8.68096,33.16574,0
6.33859,36.85715,1
7.2394,34.57162,1
6.19621,36.25835,1
5.15639,34.63079,0
5.40652,36.56478,1
2.53835,36.37604,1
7.30641,36.76677,1
10.1048,36.72919,1
6.07175,34.40356,0
-2.03744,33.82571,0
8.67508,35.94163,0
4.16671,36.62729,1
1.77372,35.44814,0
2.87651,35.02947,0
11.00767,35.4933,1
5.63719,36.52388,1
7.70588,36.78705,1
-0.23258,35.80869,1
-1.92605,37.21838,0
10.53616,35.85023,0
5.10206,36.0378,0
8.52982,34.93998,1
7.73245,36.91378,1
5.53788,36.64084,1
6.41974,36.79742,1
-0.26968,35.80933,1
9.21868,36.91677,1
9.61124,33.04387,0
0.98418,34.62485,0
9.684,33.53176,1
2.85439,36.31324,1
-0.21404,35.80367,1
7.06965,35.9635,1
4.59068,36.64349,1
6.5981,36.49673,1
5.27527,36.35966,1
10.8988,36.82248,0
3.47354,34.77095,0
5.50648,34.39782,0
0.27955,35.36183,0
2.41367,33.80379,0
4.26804,36.65612,1
0.16518,34.47573,0
5.83484,34.64427,1
9.22566,36.91675,1
7.41867,36.3905,0
1.61735,34.21171,0
5.71109,34.98578,1
-0.23653,35.80913,1
8.13855,35.16188,0
-0.23707,35.80881,1
8.12288,36.57848,1
-1.63333,34.91848,1
4.42705,35.04772,0
9.78279,36.80512,1
7.18935,36.39767,1
8.2134,36.66752,1
4.099,35.13991,0
3.23873,36.6262,1
5.66391,36.54657,0
9.03914,35.87947,0
1.80053,35.29937,0
7.97851,33.26191,0
10.31063,34.36278,0
4.50076,33.96676,0
6.86394,36.39502,1
3.2944,34.87893,0
3.36824,33.1403,1
2.95074,36.03398,0
6.74507,34.68197,0
3.02692,35.36403,1
7.36744,36.84657,1
3.85082,36.91256,1
6.52203,34.50237,1
8.54584,33.3631,1
8.45094,36.54928,0
9.63127,36.9293,1
4.3626,33.14259,0
7.24237,34.56846,1
10.23891,35.33162,0
8.39158,34.7001,0
7.33324,34.44709,0
4.59533,36.50841,1
7.98413,36.20943,1
0.12579,36.01764,1
7.62778,36.81524,1
3.45143,36.71125,1
-0.23124,35.8096,1
2.90838,36.56358,1
5.47809,36.33258,1
4.55995,36.71382,1
-0.23329,35.81113,1
-1.00494,35.18038,0
8.13266,36.58956,1
10.68442,35.32538,1
7.73488,36.30766,1
-0.23633,35.81181,1
7.29949,36.76531,1
-0.23537,35.80861,1
6.22854,36.92141,0
9.39247,33.18593,0
0.63182,33.84116,0
-1.93894,33.82027,0
9.39135,34.89922,0
-0.23867,35.81104,1
10.02766,36.49913,1
-0.21164,35.80444,1
3.3237,33.1838,1
9.25925,36.61257,0
7.01672,35.89072,0
-0.26975,35.8175,1
-0.1909,33.5727,1
9.6818,33.53398,1
0.08895,34.80576,1
8.27792,36.37984,1
9.0692,35.41398,1
10.15861,36.67339,1
-1.12571,34.74076,0
9.67329,37.31914,1
10.74759,35.137,1
4.42101,36.84008,1
-0.27071,35.81956,1
3.546,34.30821,0
5.11198,34.38731,1
6.40377,36.51836,1
-0.93606,34.43896,0
3.44738,36.71149,1
1.35669,35.33882,1
-1.88709,34.13152,0
3.2548,36.54366,1
6.1237,36.51455,1
0.12498,36.01897,1
8.97038,33.26233,0
6.10933,33.2191,0
9.24162,37.13794,1
6.82336,36.4577,1
6.18036,35.74052,1
9.43416,34.0275,0
4.13936,36.62284,1
8.09214,33.82142,0
-0.26247,35.6243,1
-0.23478,35.80937,1
6.79642,35.24065,1
6.05492,36.6748,1
-1.35437,33.38948,0
10.37461,34.71498,1
-1.26783,35.00139,0
1.49155,35.7466,0
5.00324,36.78063,1
8.12678,36.35655,0
3.73514,35.19892,1
3.39597,36.08362,0
5.9933,33.131,0
-0.18632,35.80261,1
-0.18075,35.8006,1
9.65179,36.78565,0
-0.23916,35.81217,1
-1.15797,33.90317,0
2.94289,33.53532,0
3.59529,34.1286,0
4.73261,35.22035,0
6.41381,36.79622,1
-0.35773,35.82357,1
0.48413,33.33898,0
-0.03793,34.71395,1
-0.24377,35.81215,1
6.98865,36.63562,1
7.23976,34.57006,1
3.34881,36.67438,1
3.80143,36.79356,1
8.9615,36.57374,0
-0.23926,35.81161,1
1.89022,36.04547,0
3.8415,36.3949,1
-0.23844,35.81199,1
6.88327,34.40448,1
0.81366,33.04854,0
9.28464,36.44286,0
5.76605,35.34523,1
7.96832,33.16969,0
3.08284,36.75043,1
-1.07129,35.07266,0
9.47085,35.95671,0
-2.18114,35.0568,1
2.56073,36.50192,1
9.81874,36.82515,1
-0.25568,35.77304,1
8.30495,35.58029,0
7.11552,36.49413,1
3.80496,34.78722,0
4.42027,36.66115,1
3.04825,36.63224,1
4.49958,35.04376,0
6.12181,36.55659,1
2.44352,33.08949,0
2.70635,35.44658,0
1.01075,35.40566,0
2.4386,33.95298,0
-0.0061,34.20148,1
6.37857,35.19371,0
-1.3304,35.3276,0
4.41512,36.66393,1
6.61973,36.43576,1
-0.32757,35.79154,1
8.53448,33.98401,0
7.72686,34.55751,0
-1.69534,34.18171,0
-0.18751,35.80269,1
-0.23726,35.80857,1
9.58631,36.69963,1
-0.67391,35.61456,1
1.99009,34.64597,0
7.79997,35.72106,0
10.04226,36.74849,1
5.28256,35.56186,1
3.56104,33.32611,0
-0.26823,35.76116,1
6.71353,34.40821,0
4.99673,35.96445,1
4.50629,36.77913,0
7.31014,35.42499,0
8.35228,35.47215,1
5.26433,34.03491,0
-0.7095,34.14785,0
6.67897,36.92233,0
3.58765,35.81235,0
10.63527,34.69981,1
10.64369,34.68673,1
9.68034,33.53175,1
5.45603,36.56712,1
-0.23896,35.80998,1
-0.23743,35.80867,1
2.11695,35.49961,0
9.788,37.12973,1
1.40453,36.49915,1
-1.76712,34.10508,0
-1.84372,33.61237,0
3.89974,36.49125,1
0.92268,35.97082,1
9.39847,36.47796,0
5.78235,36.17888,1
0.28039,35.52498,0
9.30811,36.75418,1
1.94403,36.32744,0
9.68501,33.52975,1
-0.45217,35.05551,0
3.42547,36.73012,1
7.76032,36.58329,1
7.62035,36.04369,0
2.91637,33.70459,1
4.89144,33.61933,0
7.53256,33.71634,0
5.48162,34.08716,0
-1.05714,33.30241,0
6.12723,33.09198,1
11.10756,33.47932,1
4.71757,33.68698,0
2.77822,33.42366,0
8.42433,33.76921,0
3.92318,36.42462,0
3.33243,36.39488,0
5.42224,36.40486,0
8.95591,33.67206,0
-0.23398,35.80883,1
8.57199,34.62383,0
0.63725,34.04273,0
6.25493,36.73245,1
6.55077,35.1559,0
-0.58761,35.31876,0
3.46576,35.0668,0
9.79659,36.39085,0
-0.27033,35.81733,1
6.20723,36.59489,1
8.53063,34.93699,1
2.36212,33.30758,0
7.61984,36.20557,1
9.14562,35.09798,0
2.25752,35.41907,1
7.62015,36.20612,1
4.07678,36.31859,1
6.47472,36.073,0
8.2362,33.38426,0
-0.28585,34.59516,0
-0.57771,33.7875,0
10.15419,36.67402,1
2.52125,36.48748,0
10.68316,33.22747,0
-1.65455,34.14661,0
6.66032,35.8721,0
7.56247,33.63605,0
9.27202,35.09197,0
1.9566,35.31346,0
9.6766,37.31543,1
8.84132,35.35991,0
-0.26833,35.76367,1
8.21318,33.27872,0
-1.6637,34.02075,0
6.47721,36.70984,0
9.67977,33.52926,1
4.17832,36.63903,1
9.13535,36.88339,1
5.75269,36.76698,0
5.84345,34.66935,1
9.68537,33.52882,1
1.03399,35.19637,0
-0.38208,35.51781,0
0.53628,34.94053,0
-0.20396,35.50445,1
8.0486,35.39196,1
6.37619,36.73105,1
2.70728,33.88287,0
9.64958,34.62445,0
3.81847,34.65195,0
3.8964,36.40698,1
7.30695,36.75873,1
0.23632,34.80574,0
-0.3339,35.82276,1
6.32489,36.97708,1
4.49593,35.70698,1
5.16185,36.65933,1
5.15325,36.55531,1
8.21776,36.67226,1
7.65472,36.73116,1
5.57807,33.70445,0
10.59292,36.62939,0
5.07915,36.527,1
9.51745,35.13259,0
-0.94247,35.56726,1
7.3904,36.35533,1
5.99322,33.95841,0
9.97457,34.75231,0
10.69962,36.56779,1
5.68763,35.18562,1
6.65653,34.59571,0
3.62239,36.43053,1
3.30817,33.13141,1
7.38922,36.93261,0
8.6915,33.11851,0
6.09437,33.19572,1
-0.2738,35.76916,1
7.43456,34.39709,0
7.309,34.62725,1
6.46931,35.06278,1
-0.23887,35.81112,1
5.72833,33.54981,0
0.90921,33.86535,0
1.20341,34.07963,0
5.6335,36.19509,1
6.95919,36.88399,1
9.21434,35.55614,1
6.62585,36.2546,1
-0.92585,33.12705,0
7.85753,34.56554,0
4.01681,36.81301,0
1.80523,34.7142,0
4.81554,35.49582,0
8.95712,33.46772,1
5.57728,33.9599,0
3.32256,36.73904,1
9.72187,37.30439,1
7.64089,36.15169,1
6.33359,34.47218,0
9.23099,36.85633,1
9.35777,37.12459,1
2.79348,35.80838,0
0.4139,36.15728,0
4.61237,36.64758,1
5.76276,34.39492,0
6.21324,34.5816,0
10.59092,33.57217,0
10.03553,33.91871,1
3.42758,36.72501,1
6.43935,36.39598,1
1.99073,34.2147,0
5.7013,35.46926,0
1.03344,33.84954,0
-0.2384,35.80908,1
4.54864,36.73684,1
5.52727,35.79023,1
9.23435,33.30436,1
3.12906,34.39544,0
6.25193,36.72839,1
2.02707,34.22291,1
3.9821,34.76258,0
3.75636,33.82885,0
10.00825,36.75171,1
6.27722,35.62248,0
2.31494,33.47144,0
-0.76398,35.6147,1
7.89738,35.64162,1
5.80111,34.8575,1
-0.23804,35.80858,1
-0.34761,33.47396,1
6.0257,35.87165,1
5.05604,35.4814,0
4.43809,35.87929,1
6.09605,36.66448,1
5.08446,36.6184,1
-0.88762,35.01722,1
8.53007,34.939,1
4.59757,36.66051,1
6.25949,36.74975,1
9.33752,36.90113,1
8.04598,34.73169,0
7.51641,33.18554,0
5.40231,35.35512,1
2.70693,34.15153,0
3.25445,34.49256,0
-0.23499,35.81202,1
9.24312,34.8853,1
-0.57629,35.50403,1
9.44495,34.30808,0
1.24657,35.20824,0
10.22215,36.77864,1
-1.23734,35.12234,0
-0.27041,35.8179,1
4.18018,36.61735,1
7.33757,33.74499,0
6.29136,36.69781,1
0.31927,33.18991,0
3.49461,36.46296,1
2.75178,36.47163,1
5.81518,36.43627,0
10.7192,34.70423,1
7.67984,36.79305,1
10.12022,35.74905,1
3.01376,36.52438,1
7.22756,34.47049,1
7.06939,35.41362,0
-1.4123,34.59402,0
10.16174,36.0483,0
6.86553,33.74327,1
4.54395,36.56594,1
3.19563,33.73546,0
9.41471,37.14594,1
9.52965,37.06401,1
5.65358,34.856,0
8.13927,36.57985,1
3.27365,34.14198,0
9.01321,36.91583,1
4.05463,36.6403,1
5.68463,34.84998,1
2.62932,35.71194,0
-0.23765,35.81068,1
-1.76883,34.57698,1
9.18449,36.81498,1
10.19762,36.77877,1
4.39905,36.67565,1
4.13258,36.62684,1
5.72905,34.01952,0
8.52768,34.93665,1
4.55844,36.33472,0
3.08177,36.75118,1
5.76744,35.34651,1
7.00174,33.24716,0
4.12791,36.61306,1
6.35369,36.12764,1
-0.3943,33.33118,0
3.92559,34.5672,0
9.92444,34.88485,1
5.31907,36.58785,1
9.75534,37.15728,0
4.16241,36.75681,1
0.47915,34.23064,0
3.13514,36.61433,1
3.26073,36.39435,1
-0.09074,35.09337,0
5.99484,34.9092,0
7.29895,34.71836,0
7.82464,36.08714,1
10.62681,35.57584,0
6.22874,36.66197,1
8.11283,35.94136,1
-1.22152,34.42123,0
4.30395,36.67652,1
-0.61363,35.64022,1
-0.23673,35.8102,1
-2.10774,33.64711,0
6.29246,36.70115,1
-1.19617,33.54393,0
9.23607,36.90288,1
-0.2698,35.81764,1
3.741,36.17797,1
4.61131,36.65113,1
4.99468,35.96657,1
-0.83707,34.96207,0
4.64021,36.55327,1
-0.23378,35.8121,1
-0.27316,35.53199,1
6.63779,34.18208,0
4.57246,36.53905,1
4.42894,36.8573,1
10.31511,36.59356,1
8.00699,36.26312,0
4.70928,34.07014,0
0.90531,33.61131,0
5.51822,36.21532,1
-0.23813,35.8094,1
8.54064,34.83983,0
1.70288,36.4143,0
-0.36375,35.82535,1
3.35186,36.48188,1
9.31975,36.82404,1
5.23619,36.45213,1
-0.24013,35.81255,1
2.7656,34.69777,0
4.43343,36.89797,1
8.23206,36.67722,1
10.19607,36.72266,1
9.70002,36.38405,0
-0.33592,34.78569,0
7.50159,33.92827,0
-0.2385,35.80886,1
7.26021,34.5661,1
1.10493,34.68419,0
2.43039,36.10656,0
4.77551,36.17011,0
-0.24613,35.81419,1
2.24731,35.34849,1
1.63965,33.8395,0
5.21936,35.76974,0
2.7807,34.91437,0
2.59328,34.95468,0
7.21298,34.54453,0
8.48125,35.30472,0
7.43664,36.84708,1
9.04418,34.66005,0
10.31229,36.58979,1
-0.24103,35.81221,1
0.74487,35.78522,1
3.68746,34.64378,0
6.94941,36.86485,1
9.68314,37.31699,1
-0.2366,35.81038,1
8.42937,36.29177,0
-1.00637,35.24918,0
10.08435,33.88535,1
6.7609,34.47934,0
-1.45899,33.69219,0
10.61122,33.06508,0
3.95851,36.73724,1
3.10348,33.86729,0
10.70977,34.81744,1
6.10017,36.13503,1
0.57739,34.60267,0
0.85993,35.69864,0
7.99367,33.31819,0
6.74564,36.37672,1
5.67191,33.4035,0
6.96066,35.57135,1
6.76978,33.25161,0
6.33889,36.13015,1
0.2266,35.61461,0
4.79365,33.15706,0
9.52432,37.03602,1
9.67889,34.75438,0
-0.24493,35.81159,1
4.11978,36.61671,1
5.17851,36.64526,0
1.93665,35.31445,0
6.51075,36.44785,1
-0.24049,35.80843,1
2.46432,35.54293,0
8.75161,33.58571,0
8.41784,35.06269,0
7.23919,34.57041,1
5.80062,34.4693,0
9.78395,36.65502,1
4.06829,36.87158,1
9.74524,34.91922,1
10.35818,36.41395,1
6.02506,35.8711,1
2.0531,34.4383,1
4.94224,34.8698,0
7.67977,33.75328,0
8.6114,36.76585,1
2.16245,35.90322,0
4.89663,35.18583,0
4.17866,36.63448,1
3.42187,36.49968,1
-0.17907,35.7989,1
5.45807,36.56223,1
4.07648,36.31724,1
-1.41379,34.08009,0
8.94543,33.71803,0
3.22513,33.01921,1
5.92788,34.76452,1
5.19964,36.61474,1
-0.2696,35.81686,1
7.17152,33.38274,0
-0.23626,35.81228,1
0.55843,35.73761,1
6.82441,33.98835,0
2.47095,36.49013,1
2.02362,34.22519,1
3.35017,36.61873,0
10.07732,35.591,1
3.39668,36.51046,1
-0.25469,35.77309,1
-0.24455,35.81195,1
3.534,33.18164,0
1.27779,35.51336,0
1.46146,35.3353,0
8.53068,34.93847,1
4.24105,34.5825,0
-0.23534,35.81112,1
2.86404,36.60152,1
3.12636,36.46264,0
8.81928,34.54562,1
10.64058,34.68747,1
1.27216,33.29755,0
9.40288,36.71158,0
8.47248,34.90776,0
4.4661,34.58868,0
6.50984,36.29269,1
5.13195,36.33073,1
6.91334,34.62491,0
9.20876,36.82654,1
6.8247,35.13778,0
4.29755,33.24825,0
4.59577,36.64562,1
8.38309,36.37383,0
4.9895,34.36754,0
5.2732,34.74941,1
4.58938,36.64853,1
6.60472,34.95278,0
8.18014,33.94416,1
4.90935,34.3231,0
9.0957,33.50415,0
-0.40236,34.14603,0
4.17516,36.62594,1
5.50531,35.43745,0
5.8883,36.03839,1
4.21901,35.2475,0
-1.13152,35.13516,0
5.23164,34.11757,0
9.80385,36.81549,1
7.29087,36.29833,1
7.30942,33.74049,0
6.02059,36.27387,0
5.47724,36.33712,1
5.05925,36.72064,1
2.43557,34.81409,0
-0.26475,35.76419,1
5.40074,36.50409,1
10.00623,36.8666,1
6.91005,36.77867,1
4.39531,36.67168,1
5.20248,36.53592,1
6.33063,36.85688,1
2.97365,36.11892,0
5.47915,36.33093,1
7.29844,34.61792,0
2.83915,36.7106,1
8.27798,35.86867,0
-0.23862,35.81156,1
9.96181,35.63013,1
-0.36881,34.56039,1
1.2318,36.0008,0
9.64836,34.291,0
5.08526,33.52273,0
1.04165,35.2544,0
9.31147,33.83077,0
9.74419,34.1355,0
5.73133,35.34979,0
6.17076,36.13475,1
6.81013,34.90188,0
7.62661,36.37514,0
9.21205,33.35505,0
6.40602,36.49457,1
6.69089,36.40405,1
-0.65479,33.86185,0
2.02645,34.2228,1
5.61576,36.10893,0
4.82068,36.87068,1
8.86905,34.33048,0
11.10846,33.47989,1
-1.86753,34.17327,0
1.98372,33.15632,0
-0.23745,35.80992,1
4.48763,36.85779,1
10.73262,34.71007,1
8.42299,36.29791,0
9.27448,33.45376,1
10.99297,35.31878,0
-0.23653,35.81039,1
5.26795,35.372,0
9.06069,35.88437,1
3.9121,34.24933,0
-0.28716,35.47533,0
5.88808,34.4387,1
6.48137,36.95704,1
8.70229,36.77953,1
6.35578,36.12593,1
3.30773,33.12764,1
7.23878,34.57116,1
6.76359,33.91789,0
-1.30171,33.1136,0
0.86096,34.12027,0
6.33416,36.67313,1
7.06178,36.36056,1
9.01028,36.95665,0
9.12125,35.09453,0
-0.24314,35.21357,1
1.12015,35.91509,0
4.88269,34.81437,0
3.63013,36.1508,1
3.90885,34.49039,0
4.14453,36.6301,1
9.32274,33.04424,0
2.83353,33.59879,0
6.80358,36.09023,1
3.96856,34.01168,0
3.91036,34.80653,0
9.36416,36.19127,0
0.41291,33.29895,0
5.07012,35.9787,1
9.79103,36.96426,1
7.01872,34.12538,0
0.86595,33.87192,0
-0.94183,34.9469,1
3.04652,36.18711,1
10.10462,36.73183,1
5.40667,34.60014,0
3.719,36.53074,1
4.31366,36.14369,0
7.72984,36.31142,1
1.75789,35.22779,0
4.14222,36.53823,1
10.62381,36.77876,0
6.28115,33.34791,0
-0.33115,35.82343,1
-0.18517,34.83097,0
-0.40699,35.72849,0
10.45188,34.62146,0
10.02911,36.50371,1
8.53867,33.36744,1
4.27966,36.76757,1
-0.04547,34.72756,0
3.67298,34.32172,0
4.40979,36.24223,0
8.09507,33.3412,0
5.11868,36.54004,1
5.93971,33.98283,0
-0.2359,35.809,1
6.16117,36.26552,1
2.17179,33.70009,0
0.80201,34.53098,0
8.6491,33.08543,0
9.28672,34.9886,0
0.30004,35.52755,1
4.57736,36.53454,1
5.4087,34.79098,1
-0.2351,35.81052,1
-0.23756,35.81083,1
6.47347,36.50846,1
-1.35319,33.6007,0
2.43469,34.58661,0
9.6419,35.97115,0
7.28408,36.8919,1
2.42231,33.24741,0
4.15007,34.2857,0
8.08412,34.72972,0
3.77274,36.66059,1
-0.23592,35.81179,1
1.23706,36.13445,1
5.53074,35.79001,1
5.71195,34.98633,1
10.13459,35.24988,0
-1.69306,33.50588,0
-1.65862,33.32967,0
2.94836,35.90083,1
2.92065,36.61744,0
-0.27126,35.80463,1
10.92707,35.08929,0
7.53065,36.13607,1
8.94737,33.67273,1
-0.32001,33.8605,0
2.86632,36.60372,0
5.74168,33.84343,0
6.74382,36.92898,0
9.021,33.44297,1
6.34678,35.68811,1
-0.28701,35.81813,1
4.18441,36.6338,1
3.48214,36.18605,0
10.42055,36.69801,1
2.85074,36.6364,1
-0.23695,35.80919,1
1.31602,34.43506,0
3.66976,35.74354,0
-0.59293,35.50983,1
10.78194,34.75991,1
7.78125,36.96336,1
5.8891,35.84543,1
5.70647,34.98576,1
9.60315,35.76908,0
-0.3574,35.82631,1
7.3568,33.23889,0
9.02388,35.21593,1
1.05396,34.98178,0
10.21882,33.72591,0
6.08732,33.34885,0
9.06005,37.01905,1
9.31549,36.7876,1
5.80803,33.54754,0
7.07537,35.09549,1
4.39607,36.66831,1
5.40873,34.77626,1
10.15447,36.5174,0
6.50037,35.71621,0
0.43112,35.95964,1
-0.26982,35.81701,1
3.0539,34.99918,0
10.92684,36.91074,1
3.47078,36.58084,0
3.58182,35.45372,0
6.7655,36.55696,1
5.33828,36.09649,0
5.80165,36.00085,0
10.37576,36.21037,0
0.75112,34.63293,0
6.75673,34.6913,1
6.77759,35.21957,0
1.14116,33.01744,0
1.67009,34.3396,0
6.34089,36.12848,1
4.47315,36.85198,1
-0.18484,35.80048,1
10.89193,34.91338,0
2.95915,36.48545,0
6.03097,33.99618,0
7.17417,33.84009,0
-0.23739,35.8111,1
1.35588,35.34148,1
10.89342,36.75493,0
9.59588,36.88864,1
-0.24098,35.80509,1
5.78018,33.74369,0
0.80034,35.92949,1
7.14905,35.37729,0
2.03091,34.22208,1
-0.35823,33.35536,0
10.02982,36.5023,1
7.36655,35.2762,0
3.83492,36.90831,1
10.5919,35.66973,1
4.58925,36.53723,1
-0.23484,35.81044,1
6.098,36.02201,0
0.85786,33.36142,0
-0.2393,35.80891,1
8.77387,34.64432,1
3.2315,36.58889,1
9.43227,36.85765,1
3.13474,36.60123,1
5.47859,34.44469,0
7.21709,35.7234,0
-0.23816,35.81305,1
5.9484,36.59603,1
9.7379,37.00082,1
10.02612,34.44635,0
10.59853,34.60735,0
10.2069,36.66684,0
8.68845,36.26749,0
10.8088,34.86583,1
9.40187,34.81737,0
9.49564,35.0309,0
5.85647,36.12847,1
6.92532,36.31892,0
6.09455,35.48646,0
8.11375,35.94197,1
-2.03023,33.71699,0
10.61835,36.71911,1
10.59472,36.63865,1
6.12507,36.60551,1
6.38213,36.70564,1
6.157,35.61789,0
5.63547,36.19258,1
0.16331,35.38059,0
10.78262,33.23081,0
6.47488,35.06932,1
5.2206,36.36951,0
10.53219,33.22644,0
3.77937,34.44355,0
8.30812,33.91363,0
9.79203,33.92417,1
3.50232,36.58232,0
7.91239,35.31981,0
10.14814,35.77956,1
-0.17912,35.79881,1
2.14862,36.24457,1
2.46838,36.44557,1
7.43484,36.84489,1
6.26457,36.51558,1
6.45534,35.05968,1
2.78802,36.2879,1
10.02218,36.50473,1
2.41685,34.84908,0
4.12134,35.38043,0
4.08681,34.85336,0
2.00954,34.45836,0
-0.23788,35.81156,1
5.24405,35.78501,0
-0.2379,35.81281,1
6.02391,35.87152,1
4.16184,36.63216,1
9.61378,37.27743,1
7.90717,36.8122,0
3.67587,36.78822,1
4.16828,36.63383,1
4.37883,34.78444,0
3.39395,34.54769,0
9.77778,37.0789,1
5.7063,34.98104,1
2.3705,35.38275,0
11.10952,33.48047,1
-1.95307,35.01283,1
4.47266,36.87138,1
6.38089,36.1677,1
6.93637,36.88166,1
8.31513,33.88554,0
10.23316,36.65407,1
-0.24093,35.80924,1
2.29283,36.24609,0
2.7522,36.4725,1
7.21405,35.34349,0
7.3045,34.62503,1
11.01684,35.58203,0
8.16309,34.36691,1
5.30182,36.00044,1
7.20898,35.10806,0
9.91336,35.10194,0
-0.66515,35.07818,1
2.66938,36.53773,1
5.06823,35.97731,1
10.21597,35.34551,0
-0.23702,35.81301,1
-0.23794,35.81063,1
5.13242,36.33499,1
9.5283,33.18563,0
-1.47207,33.11733,0
6.38162,36.44339,1
8.6083,36.76159,1
8.35363,36.54113,0
10.78939,33.02119,0
4.15661,36.62209,1
5.18069,35.12455,1
4.16356,34.14784,0
9.39716,37.16029,1
3.00471,36.51352,1
2.74834,36.47523,1
5.91274,36.62318,1
2.44557,35.89918,0
-0.00634,35.67469,0
3.084,36.75064,1
3.67725,33.06255,0
5.37575,36.21682,1
8.12153,34.82185,0
10.90165,35.36091,1
7.766,33.18678,0
9.48162,34.88435,0
-1.73234,35.09145,1
7.24098,34.56884,1
7.79101,36.76929,0
9.90375,36.36723,0
5.63748,36.19254,1
1.34544,36.43121,0
-0.2022,35.33048,0
-1.76732,34.2084,0
10.34907,36.26794,0
3.32182,33.18524,1
5.123,36.53587,1
3.27076,33.22987,1
1.42009,35.09677,0
6.42932,36.77802,0
8.5427,33.3684,1
7.7027,36.76012,1
7.28478,35.85657,0
-0.18265,35.80234,1
5.94954,33.01653,0
10.10734,35.98703,1
1.31365,36.17643,1
-0.20642,33.09658,1
8.69086,36.33174,0
7.0684,35.91686,0
-0.23605,35.80947,1
3.53213,36.44759,1
5.24088,35.52197,0
5.89148,34.43791,1
8.05742,36.28899,1
7.90357,36.81322,1
9.02792,33.05588,0
4.35288,33.47364,0
4.15433,36.8827,1
-0.23756,35.80844,1
-0.23464,35.80931,1
7.37198,35.79896,0
0.24687,34.37079,1
4.16247,36.62796,1
7.42471,36.56764,0
-0.67054,35.07753,1
8.16883,35.23549,1
6.05413,35.92062,0
1.13733,35.81956,0
3.86941,33.28321,0
6.58266,34.95043,0
3.18661,36.71254,1
2.69141,36.27133,1
4.86043,36.09051,1
-1.10806,34.82314,1
5.24481,36.48859,1
4.79338,36.55067,0
6.45785,34.85292,0
8.4021,33.99884,0
-0.47459,34.53883,0
-0.88293,35.65159,0
6.28424,34.59589,0
-0.69356,33.04807,0
2.82342,36.10549,1
5.98221,33.98111,1
6.4695,35.05787,1
5.97206,34.65718,0
2.18846,33.6304,0
7.73235,36.30824,1
9.47517,36.86462,1
6.34279,35.64445,1
-1.33635,34.34499,0
3.29284,35.66705,0
6.09533,34.52807,0
9.72891,36.34476,1
2.72715,35.75615,0
1.40107,35.11138,0
5.89041,36.03899,1
7.92763,36.28828,1
4.27853,34.29652,0
0.74145,36.32162,1
3.93771,34.81668,0
3.33074,36.75679,1
1.51879,33.74188,0
3.25609,36.54169,1
4.50659,36.83256,1
3.63526,34.376,0
0.92524,35.93173,0
3.24149,36.53313,1
3.4564,36.48537,1
9.29079,36.65247,0
5.51933,36.12537,1
8.75157,33.87418,0
-0.20288,35.50283,1
-0.67149,35.60822,1
9.01238,36.91912,1
-0.2696,35.76373,1
0.41037,35.00543,0
5.25191,36.56464,1
9.86285,34.44167,0
9.50844,37.22924,1
9.48653,34.46102,0
1.74039,36.41051,0
6.02894,35.86682,1
8.84736,33.43577,0
9.47238,33.90718,0
8.5289,34.93872,1
6.7501,36.17648,1
6.55826,37.01899,1
5.12325,36.53946,1
6.22259,36.5857,0
8.13231,36.57973,1
8.01594,33.89542,0
3.95619,36.69233,1
7.07281,35.09488,1
6.05429,36.61635,1
4.76967,36.03644,1
10.45385,33.26139,0
7.05167,33.77622,0
4.99723,35.96488,1
6.83811,33.3463,1
2.73423,35.24372,0
9.11353,36.64373,1
6.84412,33.40137,1
-0.00752,35.77357,1
-0.26488,35.76077,1
10.50494,36.69617,1
5.33268,36.64083,1
6.12099,36.55996,1
5.41286,34.78392,1
6.0244,35.87104,1
1.62742,33.31528,0
-2.08062,33.04303,0
-1.90754,34.99387,0
8.12822,36.57567,1
4.4115,36.65997,1
5.2267,33.75191,0
4.6719,35.0862,0
10.27814,35.79845,0
7.19701,33.18787,0
11.11035,33.4825,1
4.76246,35.71823,1
3.65472,36.79034,1
-0.26617,35.77383,1
9.89352,34.63877,0
3.96516,36.47682,1
-1.31651,34.54397,0
2.7161,35.04423,0
-0.27032,35.81759,1
0.17292,34.1062,0
3.91886,34.0013,0
5.00379,36.77668,1
1.59066,33.71181,0
-0.23806,35.80908,1
-0.64737,33.80298,0
2.69465,36.2716,1
9.70277,34.89534,0
6.6134,34.80717,0
0.69965,34.71545,0
-0.59455,35.51208,1
10.25284,36.37389,0
8.6625,35.12276,0
7.87185,36.39705,1
-0.22211,35.80715,1
-0.24056,35.81424,1
-0.43241,34.20328,0
5.84275,34.65003,1
0.95597,36.20462,1
1.27137,35.91831,0
6.70033,36.57469,1
8.72626,34.43539,1
-1.30796,34.45541,0
4.9556,35.44737,1
0.3017,35.53842,1
8.2075,36.6699,1
9.13464,36.88007,1
6.461,36.44056,0
6.35955,36.06653,1
-0.23534,35.81155,1
4.17538,36.63032,1
8.52683,34.93716,1
6.98288,35.09248,0
10.68759,35.18015,0
7.65409,36.76455,1
-0.23603,35.80902,1
7.13165,36.37347,1
10.79811,36.5225,1
1.87973,34.28232,0
-0.67179,33.88769,0
3.1222,34.36416,0
-0.244,35.80874,1
10.02519,36.49985,1
9.78653,37.26809,1
8.75008,33.40584,0
5.18536,33.5777,0
3.90542,33.20525,0
1.58031,36.52578,1
2.92751,33.43868,0
5.77592,35.09297,0
6.11273,33.40069,0
7.03808,34.80429,0
8.39791,33.59442,0
0.06426,34.37469,0
8.27151,36.37339,1
-0.00898,35.7704,1
-0.2384,35.80941,1
10.58555,34.59927,1
7.23406,34.10252,0
10.99025,36.7479,1
-0.49232,33.63352,0
2.65874,33.87235,1
9.43858,33.45715,0
10.30048,35.17827,0
7.19715,34.7434,0
7.70119,35.60172,0
5.15542,36.55556,1
4.90361,36.10698,0
7.93379,34.50974,0
10.63899,34.78045,1
6.1202,36.56332,1
-0.27795,35.82053,1
5.6487,35.76459,1
-1.43183,34.80013,0
6.07631,35.48929,1
6.80627,34.99577,0
5.01967,33.29993,0
9.65114,33.97162,0
3.13338,36.66821,1
9.68229,35.86707,0
6.69439,33.35232,0
4.13223,36.32972,1
5.40311,34.44949,0
6.85856,35.097,0
-0.17968,35.79929,1
8.53209,34.93867,1
-1.37646,35.27993,1
8.52742,34.8225,0
-0.23877,35.80903,1
6.10485,36.75374,0
9.72213,37.30288,1
10.63587,34.73967,1
10.2694,36.29046,0
3.74511,36.18373,1
10.3026,35.51255,1
-1.34159,35.31062,1
7.41886,35.22538,0
5.68784,35.1851,1
8.18483,33.93129,1
7.301,35.35693,1
9.38108,36.25456,0
3.85116,36.91074,1
1.6164,35.34341,0
9.4118,36.6893,1
2.36329,36.48742,0
6.82242,35.62945,0
6.94165,36.8445,1
10.12104,34.36048,0
-1.97652,37.22807,0
1.10323,34.76686,0
3.08272,36.75013,1
10.58565,34.6046,1
1.43348,34.57358,0
4.91608,33.51745,0
4.99804,35.9654,1
5.10824,34.39061,1
2.83218,36.51089,1
5.51775,36.12505,1
9.40425,36.9013,1
9.01188,35.40547,0
8.95919,34.58469,0
5.48212,36.52253,1
-0.70434,35.522,1
2.76295,36.60482,1
-0.24034,35.80867,1
5.47471,36.24282,1
1.38807,33.84697,0
5.78106,33.90741,0
4.4729,34.07876,0
1.54956,36.04167,0
4.38238,34.86991,0
3.24347,36.73565,1
3.32844,36.76022,1
3.4841,36.61897,1
3.42642,36.43331,1
-0.29226,35.82416,1
8.19108,36.5002,0
4.58388,36.53782,1
0.23278,33.33545,0
7.30995,34.62704,1
8.56367,36.60695,0
7.13063,35.44445,1
3.71696,35.03816,0
-2.1046,34.69274,0
5.89243,34.43966,1
2.75316,36.63582,1
6.3714,36.73798,1
2.27522,34.53382,0
2.06018,36.35538,0
9.90687,34.52467,0
8.52834,34.93818,1
1.3477,36.15459,0
4.74103,36.4124,1
8.32875,35.75416,0
-0.63748,35.01406,0
3.083,36.75025,1
-0.70598,35.52055,1
5.24468,36.49199,1
4.31704,36.29919,0
9.58137,36.99002,1
2.65752,33.87506,1
10.45812,36.22276,0
3.32983,36.01852,0
6.218,35.67912,1
9.0582,33.68766,0
2.20791,33.84472,0
2.99231,34.9308,0
3.19286,34.19427,0
4.16528,36.6295,1
5.50147,34.7569,1
-0.27074,35.81772,1
10.76412,34.85698,1
-1.62166,33.65024,0
9.33056,34.83301,0
9.19201,35.88852,1
6.57407,36.93077,0
0.97742,33.98255,0
4.99594,36.77861,1
10.06741,36.85058,1
4.32442,35.38472,0
8.25131,34.10539,0
5.95089,35.62184,1
4.17763,36.63149,1
-2.01956,33.39977,0
10.61943,36.61729,1
6.81641,34.66808,0
2.27839,35.38907,1
4.11995,36.62127,1
-0.18179,35.80205,1
6.30459,36.3324,1
6.02647,35.87106,1
1.09952,35.39693,0
-0.24021,35.81253,1
10.63209,36.8668,0
3.11558,34.37277,0
8.80904,35.64141,0
8.54147,34.90395,1
0.14782,34.34887,0
-0.23944,35.80882,1
3.06336,34.57412,0
6.75686,34.79068,0
7.20587,34.80308,0
7.23947,34.57065,1
1.35498,35.34039,1
3.8165,35.35488,0
3.18175,35.19447,0
3.0994,34.01661,0
1.77107,34.70571,0
-0.34617,33.47418,1
-0.23438,35.80915,1
5.19831,34.70438,0
0.04281,34.25187,0
5.19189,36.54611,1
9.99651,36.66453,1
3.81348,36.54803,1
8.2791,36.36565,1
6.15678,36.15048,1
3.30893,33.12452,1
2.88155,36.59886,1
5.65949,36.76751,1
3.33463,33.06904,1
-0.23845,35.80999,1
10.91962,33.23422,0
3.11981,35.21498,0
5.40079,35.35396,1
9.92272,36.20121,1
6.25342,36.75201,1
7.46475,35.78996,0
6.12336,36.60723,1
8.79506,34.37861,1
3.46755,36.42399,1
5.40498,35.35461,1
8.12437,35.19196,0
4.29534,36.53916,0
4.56163,36.71054,1
3.27172,36.62288,1
4.02546,36.82938,1
2.88642,36.47662,1
10.53442,36.61742,1
3.42559,33.48329,0
7.89845,36.41904,1
5.0131,34.48082,0
4.10819,36.73301,1
-0.24971,35.8125,1
1.27674,35.19596,0
1.29732,33.76567,0
4.8618,36.09037,1
2.76551,35.67939,0
3.3427,36.65995,1
-0.23835,35.80956,1
10.33535,36.28281,0
9.72336,37.30348,1
5.00829,33.16412,0
2.27025,33.91955,0
-0.26733,35.81886,1
6.78778,36.78511,0
10.59135,35.66639,1
9.99767,36.66523,1
3.74694,34.71046,0
4.22871,36.8701,1
-0.26768,35.81712,1
10.12316,34.79472,1
5.43075,36.17319,1
10.01849,36.83172,1
5.8456,34.66891,1
0.71198,35.89805,0
-0.23924,35.81029,1
7.23898,34.57238,1
2.40739,33.35013,0
-0.23822,35.80999,1
9.30057,36.77697,1
5.29864,36.09907,1
9.62707,33.09428,0
-1.1056,35.25068,0
9.21716,36.96385,1
6.29472,36.84596,1
9.87634,36.82194,1
5.77658,36.45329,1
3.94969,36.8701,1
4.45683,36.68664,1
8.49832,33.26202,0
9.67702,37.05253,1
9.97853,35.2178,0
5.63576,35.14898,1
8.1757,35.40211,1
3.39161,35.83319,0
4.49871,36.35815,0
-0.7897,35.45266,1
3.0788,36.752,1
-0.45969,34.58096,0
-0.27967,35.82083,1
-1.19698,34.64895,0
-0.23534,35.81285,1
10.69669,34.89168,0
3.05886,36.54212,1
3.32621,33.06982,1
7.65267,36.76869,1
-1.00215,33.43404,0
7.84394,34.32707,0
-0.23466,35.81083,1
2.13211,35.42788,0
2.88138,36.59811,1
3.04371,35.98434,0
2.39057,33.91833,0
5.08545,33.6918,0
11.00849,35.49346,1
7.24333,34.49491,0
9.67512,37.31448,1
3.25568,36.63084,1
1.20183,36.41027,1
9.77899,33.63796,0
3.48242,36.62224,1
2.81082,36.58563,1
3.83097,36.36121,1
6.5117,36.29276,1
4.56589,36.53578,1
4.46586,36.85988,1
-0.96887,34.09695,0
2.87495,33.44382,0
9.92421,36.87982,1
9.83648,35.79692,0
2.38007,36.38773,0
10.82272,36.53297,1
9.07634,35.33401,0
5.9564,35.62244,1
-1.82877,34.75087,0
8.67766,34.17285,0
6.57694,33.33238,0
2.63782,35.98458,0
9.39242,34.23429,0
6.87249,34.64914,1
9.80462,35.59065,0
0.88481,36.28901,0
3.32542,33.06778,1
7.87722,35.0146,0
2.79706,33.91683,0
3.86877,36.12771,0
3.08208,36.75046,1
3.37793,33.25142,0
-0.70356,35.52148,1
6.95772,36.88365,1
0.82312,34.9141,0
4.46438,36.8789,1
-1.87182,33.86164,0
5.93491,33.11359,0
0.34567,35.34577,0
9.96899,33.88173,1
10.43096,35.38814,0
8.42939,35.73577,0
7.23951,34.5688,1
2.14112,33.7945,0
-0.83311,34.12604,0
4.55737,36.72121,1
1.55074,34.28297,0
6.16848,36.13419,1
3.85821,34.99482,0
10.51789,36.68467,1
7.5081,34.54547,0
7.45209,36.49766,0
6.17401,36.14149,1
4.42803,34.33622,0
0.10093,33.80426,0
8.18789,35.24387,1
3.13897,36.55046,1
1.96196,34.71881,0
3.1357,36.5496,1
10.63759,34.74184,1
-0.29043,35.71286,0
10.51398,36.62902,1
-0.26687,35.81671,1
8.12301,34.24496,0
7.16303,34.70862,0
6.36372,33.75888,0
1.95518,36.55723,1
-1.79858,33.32287,0
4.4787,35.70785,1
-0.2706,35.81674,1
3.08217,36.75044,1
4.25297,33.05299,0
9.53784,33.82084,0
8.16793,35.23241,1
8.06616,35.90684,0
5.1494,36.6317,1
2.7344,36.50412,1
0.71978,33.54723,0
6.81975,36.45337,1
7.70701,33.57941,0
8.001,36.53881,0
8.1279,35.24432,0
1.34172,35.54808,0
4.41589,36.66056,1
2.48304,34.47781,0
5.57652,35.51727,0
-0.24229,35.81116,1
-1.82004,33.44343,0
8.81782,33.36731,0
2.40236,33.14742,1
0.85245,35.26396,0
10.64288,34.68779,1
7.38014,36.33168,0
2.09433,35.96981,0
-1.75922,34.32265,0
0.0022,34.99127,0
8.16277,36.36278,1
-0.24529,35.81321,1
-0.23714,35.80899,1
-2.05711,33.74321,0
3.32435,33.12502,1
2.29195,36.21386,1
8.11531,35.9429,1
10.19414,36.72446,1
-1.72407,34.79596,0
-0.91998,35.55388,1
0.12721,36.01831,1
-0.06901,33.26029,0
10.58804,34.60437,1
6.57507,35.18434,0
10.52902,35.31995,1
4.34625,33.15021,0
-0.96388,33.87445,0
-0.91637,34.6677,1
-1.13192,33.28006,0
6.33355,36.85656,1
-0.24088,35.80471,1
-0.26796,35.8051,1
4.36976,36.65807,0
9.87802,37.00009,1
4.13034,36.62287,1
-0.23937,35.81035,1
9.79053,34.68742,0
-0.85942,34.12179,0
2.05159,34.43614,1
3.11805,36.6839,1
-0.03639,34.66626,0
7.61301,33.41459,0
9.27239,36.9834,1
10.05993,36.8096,1
10.86018,35.10564,0
2.6455,36.13566,1
6.12851,36.60406,1
10.21621,35.59832,0
8.26967,34.95944,0
0.2014,34.15763,0
9.54099,36.41934,0
2.76353,33.19548,0
-1.77372,35.0345,0
9.71635,37.30172,1
2.75963,36.23141,0
-0.46827,33.676,0
-1.84923,34.46722,0
8.84923,36.60418,1
4.14801,36.48429,1
-2.01959,34.72334,0
1.46168,35.18343,0
10.97815,33.27458,0
7.48253,36.57355,0
6.83714,35.65527,0
4.71436,35.48844,0
0.59522,36.09146,0
-1.02455,33.56515,0
5.78448,34.23748,0
6.35242,35.91545,0
8.67897,35.15373,0
6.48879,35.99657,0
9.08191,37.07445,0
10.25145,36.77432,1
6.98677,36.63197,1
5.08493,36.53351,1
4.76025,36.09474,0
8.94556,36.5444,1
3.08272,36.75031,1
10.18786,36.25444,0
3.45881,36.4783,1
6.23801,35.53579,1
8.82283,36.61486,1
6.24755,33.0736,0
0.64116,33.52741,0
8.11973,36.78278,1
-1.29096,35.24366,0
3.3136,36.73441,1
8.97492,36.35288,0
9.45318,37.04248,1
6.01531,34.70969,1
-0.57642,35.63668,1
9.07316,36.7169,1
7.68134,36.28873,1
5.02153,33.70501,0
4.38722,36.82338,1
10.76291,34.92299,1
1.2366,36.13384,1
8.27213,36.3796,1
9.9891,33.87326,1
2.47194,36.49315,1
2.63463,36.56557,1
9.18768,35.88737,1
9.67871,36.93086,1
-0.23626,35.81178,1
2.90934,33.70664,1
6.41126,33.82828,0
5.19677,33.41703,0
6.10342,35.10111,0
10.31345,35.22779,1
9.76412,37.09822,1
5.98931,35.63696,1
3.50317,34.87307,1
2.25152,35.38388,1
3.08049,36.75103,1
8.7952,35.38813,0
6.09901,35.93063,0
0.97196,34.54468,0
6.02495,35.8716,1
3.94012,35.14568,0
8.43052,35.81709,0
5.07194,36.74385,1
5.95582,35.62622,1
9.40656,36.6891,1
6.23372,36.87419,0
4.91123,34.3794,0
6.38056,33.32026,0
9.26775,35.5136,0
6.24782,36.74946,1
6.96543,34.57418,1
4.50854,35.75366,1
3.17507,33.23677,0
9.57974,36.66186,1
9.98907,33.87284,1
9.34797,36.74521,1
-1.6341,34.91937,1
1.41085,35.5613,0
2.35214,33.65923,0
5.1521,34.6036,1
5.47675,36.33442,1
7.23152,35.75278,0
-0.41969,34.12809,0
7.30866,34.62649,1
10.10237,36.73244,1
9.68077,33.52943,1
3.35376,33.17325,1
-1.29977,34.89267,1
-0.28074,35.53051,1
4.19651,36.63824,1
2.91135,36.41356,1
7.07013,34.02138,0
3.51201,36.7186,1
6.92943,34.80936,0
7.24345,34.57153,1
-0.23839,35.81009,1
2.4638,36.49173,1
3.02492,35.50806,1
5.08463,36.70391,0
-1.02355,34.63573,0
9.9578,35.28625,0
7.7135,36.25748,1
7.62135,35.0643,0
7.92443,36.20658,1
7.86126,33.79677,0
1.31781,33.5172,0
4.17754,36.63576,1
9.68217,33.52951,1
10.64255,36.64596,1
2.0456,35.86646,0
-0.60828,33.08924,0
-0.57254,34.08876,0
7.31462,34.01689,0
2.72227,36.1643,0
9.88763,37.22534,1
4.19796,33.24357,0
10.71589,34.70324,1
3.327,33.18305,1
6.34419,36.62729,1
5.76624,35.34636,1
8.27423,36.37732,1
2.89027,36.76162,1
-0.23528,35.81077,1
6.96613,36.88305,1
3.0823,36.7509,1
2.03155,34.64166,0
5.1092,34.39142,1
-0.82802,35.40809,0
3.78156,33.1844,0
10.40711,34.73267,0
4.2459,33.75059,0
6.16004,35.73025,0
-0.59306,35.51101,1
10.07667,37.13901,1
-0.23565,35.81239,1
7.24128,34.56981,1
8.13292,36.57629,1
0.97618,35.20852,0
7.95292,34.94032,0
5.73013,35.01856,0
4.11201,34.69067,0
3.35848,36.77132,1
3.32887,36.75875,1
6.82801,34.66863,0
5.15452,34.66507,0
8.18424,36.65153,0
2.83904,36.6313,1
8.73459,34.36102,0
4.99642,33.29246,0
9.79252,33.92371,1
4.77118,35.94118,0
7.21203,36.74678,1
0.68744,35.27963,0
6.08839,36.67466,1
3.29042,36.67369,1
3.95576,34.96929,0
9.87427,36.82748,1
7.8694,36.04871,0
-0.28753,35.81376,1
3.76291,36.37607,1
8.71866,34.62055,1
-0.27051,35.80539,1
3.41932,33.12558,0
10.03517,33.91829,1
4.90266,33.92506,0
-0.2339,35.80901,1
9.13173,34.8644,0
5.08418,36.52635,1
3.2772,36.66705,1
4.0387,36.24917,1
-0.27445,35.80783,1
2.4379,35.61451,0
3.32854,33.12932,1
6.24671,36.74991,1
2.75229,35.15492,0
-1.49999,35.05143,1
9.92224,36.79758,1
-0.23702,35.81118,1
-0.2321,35.81082,1
9.67628,37.05584,1
-0.1822,35.80099,1
5.11235,33.68917,0
-1.38712,35.15537,1
-0.24135,35.81287,1
-0.26863,35.8168,1
0.96806,34.42456,0
5.75191,33.83652,0
7.95307,35.49322,0
3.43623,35.47223,0
5.60588,35.222,0
4.39973,36.67227,1
10.64551,35.24779,0
1.69549,33.52451,0
3.75066,36.17575,1
0.04495,34.38622,0
6.51413,36.28988,1
-0.87748,34.85506,0
5.27688,34.74892,1
7.67949,36.79435,1
-0.45284,35.51456,1
5.89882,33.39097,0
-0.33101,33.85603,0
-2.11052,33.5874,0
8.04757,35.39214,1
6.87816,35.26293,1
3.73763,34.32786,0
4.54391,36.71546,1
4.60144,36.64629,1
9.5755,35.03011,1
-0.20797,35.802,1
4.61551,36.6553,1
4.17061,36.62537,1
3.39766,34.45686,0
2.14861,34.49807,1
9.60739,37.04352,1
-0.236,35.81062,1
9.80478,34.77385,0
9.61087,37.27918,1
5.87051,33.12493,0
0.02901,35.40919,0
6.85894,33.90357,0
5.92037,33.96753,1
9.81134,36.82716,1
8.44429,36.33044,0
-0.23836,35.81028,1
9.86433,35.7613,0
2.44769,33.21274,0
10.1037,36.72831,1
-0.10492,35.18746,0
8.11516,33.40986,0
6.12437,33.93612,0
1.35524,35.34032,1
0.73061,33.24047,0
4.41488,34.38136,0
7.42512,35.11154,0
5.56835,36.65104,0
8.61479,36.75546,1
8.6398,36.59663,0
1.18933,36.13702,1
9.81392,35.72305,1
-0.26809,35.81675,1
4.30016,36.59213,0
-0.2358,35.8084,1
5.95019,35.6256,1
-0.20342,34.59856,0
3.16879,36.54305,1
4.00735,35.44524,0
3.50152,34.74014,0
4.95781,35.10017,0
1.12464,35.05928,0
4.17174,36.62988,1
9.90315,33.74257,0
-0.23733,35.81153,1
4.14142,36.62582,1
1.25632,35.54135,0
3.09456,34.2448,0
9.10981,36.85462,1
-0.23556,35.8099,1
7.22704,34.03597,0
-0.23913,35.8123,1
0.25799,35.94687,1
-0.31235,35.83298,1
4.19073,36.87349,1
0.12097,34.05138,0
7.73077,33.73503,0
2.41051,36.17178,1
5.78825,36.44619,1
8.73838,36.70109,1
2.54628,34.4384,0
5.75481,35.35257,1
-0.78068,33.25484,0
8.83003,34.39149,1
1.97787,36.49094,0
2.59361,35.78488,0
11.01088,35.49272,1
4.41002,36.66671,1
6.1731,36.34085,1
2.84088,36.63277,1
9.71758,37.30235,1
4.59512,36.64921,1
0.12526,34.01934,0
8.96043,36.49059,1
-0.92357,35.5529,1
-1.49233,34.86703,0
9.86676,36.83502,0
-0.57874,34.38957,0
9.57128,34.48971,0
2.92804,36.144,1
7.54277,33.55959,0
8.54603,34.37715,0
10.58861,34.6044,1
7.48223,36.7426,1
1.19876,36.43317,1
3.98012,36.73127,1
1.97615,36.54572,0
-0.23852,35.81091,1
7.78718,35.51867,0
-0.23167,35.81203,1
-0.71068,34.85752,0
3.49576,34.02345,0
8.98107,36.93942,0
7.24314,35.23526,0
8.79236,34.62321,1
9.54749,36.804,0
3.30963,33.13372,1
4.20657,34.27368,0
7.09374,36.52311,1
7.09167,36.52364,1
7.45322,36.91895,1
9.71328,37.08694,1
10.20326,33.6679,0
10.82531,36.53284,1
6.11709,36.55596,1
3.65562,36.80555,0
9.92289,35.70247,1
3.80726,36.30567,0
7.36818,33.07162,0
2.91518,33.7045,1
-1.51334,34.82923,0
1.09391,33.07338,0
10.39414,35.25841,0
10.65355,34.75304,0
7.33623,36.03691,0
4.53782,34.75122,0
7.07954,35.07729,0
7.24298,34.57126,1
0.05892,35.80047,1
1.03398,34.31568,0
4.32362,35.99092,0
-0.186,35.80315,1
-0.78646,33.18835,0
5.76584,35.41561,0
7.09714,36.52495,1
1.63402,35.80938,0
5.29487,36.56293,1
6.4028,33.83639,0
6.59527,33.80997,0
5.04961,36.50935,1
3.31679,36.38818,0
2.01109,36.09734,0
5.41141,34.78473,1
5.48876,36.23031,1
-0.18565,35.80106,1
6.34847,37.02838,0
3.18695,36.61208,1
4.70823,35.62647,0
1.12165,34.71147,0
0.89812,33.85825,0
-0.35491,35.82951,1
6.42188,36.5295,1
-0.22653,35.81186,1
3.85109,36.90961,1
2.29311,36.21474,1
3.16112,35.03659,0
10.10515,36.73108,1
-0.16622,34.01019,0
7.85576,35.48807,0
8.76515,34.64262,1
10.90303,33.05909,0
6.55612,36.23168,1
0.26748,35.96555,0
7.02191,33.48129,1
10.82492,36.48399,0
6.21469,35.67693,1
1.81911,35.32217,0
4.47263,34.67039,0
6.84158,33.34656,1
2.72944,36.42179,1
6.0964,36.66662,1
9.16929,33.1782,0
-0.35875,35.8001,0
0.47399,35.7388,1
1.50567,36.12638,0
3.56005,35.06482,0
10.93608,36.73053,1
10.87269,35.66233,1
4.56576,35.262,0
3.95947,36.77359,1
4.49378,36.14062,0
5.4911,36.61446,1
10.74413,34.9615,1
10.67757,36.61942,1
4.11798,34.14664,0
4.64875,33.50241,0
-0.23683,35.81086,1
6.16459,34.5236,0
0.12488,35.35461,0
6.51445,36.28936,1
3.79468,36.54517,1
-0.1553,34.05724,0
-0.24132,35.81434,1
-0.23349,35.80888,1
2.7218,36.45515,1
-0.23935,35.80982,1
9.70879,33.8342,0
8.52975,34.93717,1
9.15792,36.91739,1
2.39827,36.52633,1
4.87421,36.50245,1
3.08459,34.46278,0
4.83248,33.35773,0
2.89202,36.59692,1
-0.23744,35.81113,1
-1.64869,34.59829,0
8.87493,34.54457,1
7.48178,36.74759,1
4.83214,36.69655,1
1.12477,36.48384,1
2.74299,33.79551,0
8.37999,34.04293,0
3.4743,36.32879,0
3.56539,33.80709,0
0.67249,34.07283,0
2.41329,33.11979,0
-0.21467,35.80422,1
5.11111,34.38634,1
1.6801,35.46678,0
-0.23831,35.8086,1
-0.03827,35.37003,0
0.32741,34.80242,1
3.32889,33.18209,1
8.46509,34.46551,0
10.34037,36.71923,1
2.87791,35.05982,0
-0.26597,35.76377,1
8.53005,34.93834,1
9.68184,33.53246,1
9.50921,37.23254,1
10.45527,33.38116,0
-0.70592,35.36912,0
3.18381,36.52022,1
9.40696,35.87332,0
9.26781,36.67728,1
-0.2366,35.81195,1
3.67141,34.78715,0
6.95896,36.88337,1
6.22735,36.36212,0
-0.23783,35.8085,1
7.38193,36.54974,1
-2.11548,34.67914,0
7.67987,36.79035,1
-0.10774,33.96929,0
9.86999,36.23269,1
9.52694,34.06023,0
10.57233,35.30184,1
10.27989,36.15866,1
0.0752,34.9312,0
2.29813,33.99984,0
-0.23308,35.80864,1
7.1667,36.54636,1
10.53066,35.32265,1
2.53729,34.05699,0
-1.17498,34.80777,0
6.20815,36.35615,1
8.54716,36.64129,0
5.54671,36.36665,1
-0.36765,35.28232,0
6.85239,35.10041,0
5.48169,36.52311,1
-0.23417,35.80994,1
8.92364,36.49489,0
5.48454,36.23097,1
6.90039,33.81932,0
6.64161,33.08821,0
3.08287,36.75008,1
5.30885,36.01536,1
3.04325,36.7822,1
6.17328,36.1407,1
8.1807,35.58956,0
6.64105,36.45472,1
5.88874,34.4386,1
-0.18769,35.80045,1
4.81661,36.87041,1
2.90375,36.52724,1
5.00416,36.78704,1
6.57643,36.85459,0
4.73452,33.23671,0
5.88799,36.07138,0
3.55626,35.57385,0
-1.59978,33.64363,0
-0.93306,35.22426,0
6.27165,36.81203,0
-0.26555,35.76459,1
5.24813,36.49308,1
6.54813,36.32751,0
3.12263,34.65035,0
-0.88078,34.65299,0
4.62894,35.44445,0
8.53032,34.9382,1
1.80366,35.63067,0
2.55027,34.11247,0
2.79802,34.92918,0
0.23215,36.08139,1
3.11862,36.68106,1
3.10044,36.59881,1
10.63803,34.73639,1
-0.27012,35.81774,1
1.22391,36.08789,1
8.79853,34.3638,0
8.20824,36.26444,1
3.31218,36.73524,1
7.79771,35.41465,0
9.82006,35.7215,1
4.40415,36.67286,1
6.91742,35.10543,1
8.72625,34.63305,1
7.45458,36.88,1
-0.65569,34.02003,0
2.88131,36.59835,1
7.83031,36.39577,1
-0.79738,33.85935,0
3.76069,36.36366,1
9.41454,36.68766,1
9.65966,35.11429,0
9.67861,33.52859,1
10.27772,36.15856,1
6.01876,33.54747,1
7.05837,35.97866,0
-0.23692,35.81108,1
3.52083,35.65938,0
8.8316,34.22097,0
2.72412,34.31358,0
8.75754,34.56619,0
6.08689,36.63193,1
10.15578,35.90193,0
9.03222,33.51924,0
-1.29039,34.0245,0
8.27148,36.19236,1
9.26165,35.88458,1
6.27461,35.5836,0
-0.62194,35.66174,0
-0.2356,35.81068,1
5.71959,34.98278,1
10.10582,36.73095,1
6.02204,35.87093,1
0.87056,35.33227,0
4.46994,36.56497,0
1.75724,34.6824,0
-0.04964,34.93619,0
10.88776,35.23693,1
3.91331,36.45094,0
6.77061,36.72536,1
6.12497,36.56396,1
2.75206,36.46992,1
10.98627,35.61595,1
9.54363,37.24813,1
0.77271,35.80993,1
7.46789,34.78791,0
9.3102,36.69155,0
8.68398,34.1994,0
7.23839,34.56927,1
4.99707,35.96627,1
5.57301,34.47753,0
-0.95001,35.66762,0
3.84374,34.7096,0
4.56835,33.09547,0
3.07972,36.75003,1
2.62245,35.90046,0
3.10372,35.68678,0
3.99342,36.70103,1
-0.4367,35.39741,0
-0.25103,35.81411,1
6.40546,36.2226,1
9.39628,36.9078,1
-0.23158,35.81209,1
-0.69198,35.59762,0
8.9953,35.83972,0
10.39868,36.20743,0
10.88242,35.62698,1
7.0664,33.36177,0
8.20922,36.26258,1
10.85435,35.36698,0
3.13819,36.60108,1
-0.23064,35.81151,1
6.96108,36.88438,1
5.14058,36.65604,0
0.75906,35.37256,0
10.10942,34.57157,0
3.42786,36.7218,1
3.07083,33.63139,0
-0.23773,35.80911,1
6.40406,35.40024,0
1.24677,34.24661,0
3.71926,36.56272,1
5.07951,36.53057,1
8.91633,36.74647,0
6.2166,33.53058,0
6.94679,36.87318,1
2.97129,34.39595,0
6.96879,34.52693,0
2.35455,33.68193,0
7.33987,33.4552,0
0.49528,36.11188,0
0.1489,35.36289,0
5.28183,34.66529,0
5.49827,36.07041,1
9.6222,36.02024,1
10.1064,36.72796,1
8.94776,36.54683,1
3.15532,34.31535,0
8.45013,33.18419,0
7.30968,34.38285,0
9.75805,37.10129,1
3.37093,33.03992,1
9.29322,36.77045,1
-1.00351,33.13752,0
9.34354,33.07533,0
9.27901,36.81894,1
9.14672,35.12821,0
6.70554,36.55822,1
4.47881,35.70778,1
7.6073,35.21546,0
10.5886,34.60355,1
7.69754,36.79238,1
7.28259,33.23115,0
1.82312,35.22815,0
8.13351,36.57284,1
8.1285,36.58551,1
-0.23798,35.80914,1
5.70282,35.77972,0
-0.47539,35.64669,1
7.23227,35.80405,1
2.83559,36.49537,1
7.3352,34.09305,0
5.88876,34.43858,1
4.00214,33.32938,0
7.63592,34.78581,0
4.12914,36.62474,1
-0.23689,35.80883,1
9.81381,35.57262,0
9.47089,33.64233,0
5.88723,35.85039,1
5.20137,35.71112,0
6.41232,36.7999,1
10.28516,36.89779,1
6.54777,36.19733,0
3.57163,35.52134,0
-1.79343,33.78448,0
4.75991,35.70867,1
3.54124,33.67716,0
9.19883,36.8231,1
-0.27055,35.81755,1
5.83928,34.66998,1
5.99216,36.12506,1
-0.23702,35.80959,1
5.93704,34.1782,0
-0.25155,35.81344,1
6.9042,34.44403,1
-0.23524,35.8109,1
3.16744,33.65428,0
-0.23581,35.80844,1
6.33174,36.70734,0
8.1483,35.60842,0
9.78949,36.81325,1
2.92713,33.04244,0
10.0583,35.1054,0
4.75892,36.63964,1
7.2866,36.88903,1
5.56012,35.92882,0
9.76066,37.10954,1
3.07719,36.7528,1
4.92848,36.4046,1
6.83401,36.57151,1
6.81856,36.45682,1
-0.23459,35.80924,1
4.54468,36.42754,1
0.96722,35.21771,0
8.95565,36.49796,1
9.15049,35.83423,0
8.50086,36.27806,0
4.58518,36.54563,1
2.71054,36.51262,1
-0.23542,35.80861,1
-1.89107,33.41937,0
7.61943,34.35871,0
2.37729,36.4636,1
9.57634,36.23082,0
7.00402,36.09331,0
2.7202,36.459,1
6.68226,35.20918,0
10.58774,34.5992,1
7.48402,33.57784,0
5.27835,34.92311,0
4.50706,36.83259,1
5.41857,34.55212,0
0.13184,35.32331,1
-0.91133,35.46801,0
6.34067,34.61101,0
-1.62257,33.57159,0
9.23562,36.35099,1
0.4569,35.7998,1
10.17369,33.39451,0
6.96705,34.6475,0
5.54056,36.51737,1
-0.2382,35.81126,1
1.7109,34.53456,0
6.21872,35.67649,1
5.73579,35.54892,0
4.74317,36.36612,0
9.2335,36.90027,1
-0.23415,35.81064,1
2.76219,36.60608,1
3.83246,33.74119,0
0.63658,35.69787,0
6.52014,34.90195,0
9.48046,36.67502,0
7.67853,36.79686,1
10.57687,35.25706,0
5.87582,35.88715,0
6.80334,35.2411,1
-0.71227,35.5196,1
5.27907,34.50581,0
9.75446,37.04385,1
5.00819,36.7881,1
9.27327,34.49842,0
-0.24191,35.8144,1
2.95656,35.50238,0
-0.23436,35.81097,1
10.59053,35.11817,1
3.78725,35.46919,0
9.80269,36.46393,1
-0.26786,35.81715,1
6.33379,36.62185,1
-0.236,35.81012,1
6.23774,33.75263,0
-0.82683,33.22514,0
0.33119,34.80086,1
10.14154,37.09477,0
3.08073,36.75102,1
10.00677,36.44866,1
5.24491,36.52194,1
1.10638,35.77023,0
5.05065,36.51262,1
2.84898,36.60463,1
-0.2371,35.809,1
1.45595,34.87267,0
-1.40912,34.65735,0
10.86029,36.88154,0
6.07676,33.70292,0
-0.21639,35.50798,1
-0.23521,35.81002,1
-1.12391,35.36986,1
2.05556,34.54953,0
5.64338,36.46576,1
-0.26985,35.81671,1
7.17713,36.79814,0
6.57527,36.69635,1
5.60834,35.14091,1
10.98646,35.39535,0
1.90993,35.18829,0
8.5093,35.26663,1
1.1093,36.30396,0
-0.95353,34.77767,0
1.20381,33.55586,0
8.81765,34.86771,0
8.36091,35.32868,0
5.24959,33.31988,0
4.1675,36.63056,1
8.52801,35.23269,0
0.51215,34.01124,0
9.33163,36.49825,0
4.97409,34.57634,0
5.05281,35.93357,0
3.05632,36.2744,1
2.75801,36.67139,1
6.60887,36.65198,1
8.94872,33.47351,0
8.55634,36.39099,0
10.36957,36.30491,0
9.15724,36.92332,1
8.2685,36.37819,1
3.05277,35.33597,1
9.559,37.26545,1
6.65819,36.58059,0
6.44932,33.18357,0
-0.55907,33.47241,0
-1.44206,33.25396,0
3.69299,36.84567,1
10.62009,35.80052,0
9.68205,33.52946,1
-0.23987,35.80978,1
3.45791,36.4842,1
1.61634,34.99809,0
0.47108,35.67223,0
7.31963,35.77818,1
4.44983,34.44818,0
8.33985,35.65836,0
6.25854,36.75212,1
9.17777,36.91729,1
5.24913,36.48932,1
4.71823,33.25314,0
10.35153,33.23443,0
5.71088,34.98648,1
2.71812,36.44915,1
5.12783,36.54249,1
9.24831,36.56327,1
5.27621,36.02362,1
7.9353,33.46207,0
9.78104,36.80294,1
-0.2364,35.81042,1
5.26629,36.58822,1
8.79681,34.37935,1
3.32961,36.75654,1
5.51589,36.21292,1
7.02025,36.44672,0
-0.23229,35.80885,1
0.13989,35.90847,1
7.23934,34.56981,1
9.53621,37.27555,1
8.61503,36.76607,1
2.82901,33.2284,0
2.09268,36.529,1
-0.26746,35.81786,1
4.55082,36.43293,1
-0.27042,35.76939,1
-0.23657,35.81161,1
9.72445,37.29974,1
4.35982,34.07528,0
7.3326,36.64104,1
8.13762,36.5769,1
6.25379,36.7328,1
1.35625,35.33767,1
7.69054,33.89304,0
1.19552,36.13625,1
1.66988,36.23466,1
2.56553,33.57769,0
9.90508,35.92721,0
9.40125,37.17603,0
10.88118,35.6254,1
2.75118,36.47466,1
0.8736,33.86159,0
4.60764,36.64335,1
5.27803,34.55205,1
-0.23529,35.80924,1
2.03957,35.53765,0
4.87581,35.20645,0
3.5473,34.46879,0
3.3053,35.56536,1
-0.1821,35.80061,1
4.17675,36.635,1
5.76894,36.74633,1
3.31071,36.73428,1
8.70543,35.10049,0
9.68359,33.52994,1
0.36542,35.74614,0
8.43121,34.30912,1
6.75142,36.83382,1
2.44176,33.94686,0
-0.23454,35.80865,1
9.40506,36.89628,1
9.15142,36.73704,1
3.71204,33.9036,0
7.71048,36.27588,1
7.21912,37.08668,0
2.81991,33.66863,0
9.31156,36.49553,1
0.12532,36.01866,1
0.41047,36.17744,1
10.46559,34.94067,0
10.54477,35.24834,0
10.0684,33.91619,1
-1.10392,34.55394,0
0.69033,33.59103,0
6.94117,33.32743,0
-0.48541,35.49552,0
5.70534,36.11044,1
6.94954,36.86835,1
0.90178,34.51548,0
-1.51684,35.27023,0
9.31532,36.32492,1
8.63011,36.64233,1
2.78608,36.28369,1
-1.21401,33.51234,0
3.91066,35.63407,0
9.68202,33.53077,1
0.89019,34.80446,0
6.75874,34.26922,0
5.31624,34.07744,0
3.26913,36.63007,1
8.54102,34.25426,0
-0.23512,35.8097,1
1.85871,34.5006,0
5.55677,33.9284,0
8.17199,35.40305,1
1.28674,36.44139,1
-0.41135,35.73513,1
-0.93471,33.98638,0
3.95699,36.69561,1
5.40436,34.79124,1
5.71615,36.42075,1
4.15226,36.62677,1
4.32726,36.78001,1
9.78864,37.1254,1
8.85372,35.58362,0
6.96396,36.88476,1
7.58087,35.3302,1
7.4464,35.13125,0
10.94716,33.403,0
6.25408,36.73228,1
-0.23844,35.8093,1
3.8504,36.27337,0
2.42468,33.37352,0
6.54647,33.58368,0
4.97307,36.43886,1
6.55493,37.02053,1
2.27413,33.58358,0
1.41279,33.10701,0
5.49645,33.11927,0
0.87602,33.64532,0
8.05401,34.72176,1
-0.23738,35.8118,1
3.22103,33.01918,1
9.4308,35.84823,1
4.53949,36.23658,0
9.40616,35.81032,0
10.7895,36.56393,1
1.6522,35.87409,0
4.21171,36.45583,0
4.1879,35.50821,0
7.44048,36.40755,1
6.64897,36.3713,1
-0.23972,35.81015,1
5.12629,36.32611,1
6.43846,33.65987,0
8.1244,36.78338,1
-0.24095,35.80915,1
-0.34946,35.81217,1
5.33091,36.3233,1
7.45527,34.84177,0
6.30933,36.42445,1
-0.60606,34.0983,0
3.43755,35.18316,0
2.75347,36.47085,1
9.32056,35.06721,1
3.25155,35.20334,0
8.10487,34.06503,0
7.66688,36.75629,1
6.77906,36.06065,0
3.19247,36.45809,0
-0.23638,35.81217,1
6.08837,36.63281,1
0.86747,35.2241,0
2.75749,36.67061,1
2.51636,35.80866,0
0.43268,35.09394,0
6.867,35.55421,1
6.58346,36.04084,1
3.30841,36.69617,1
5.66476,34.87074,0
-0.26929,35.81769,1
5.65824,36.77223,1
9.59772,36.85388,0
4.16005,36.61996,1
-2.16315,34.9974,0
6.6382,36.46418,1
8.18226,36.46133,1
5.69284,36.2407,0
6.47127,34.56153,0
-0.21746,35.8033,1
-0.2334,35.81045,1
3.27432,36.62453,1
2.89952,36.64063,1
9.24681,37.19713,0
4.15757,35.88389,0
10.02522,36.49988,1
-0.63446,35.46397,0
0.09525,35.09232,1
7.89176,33.07195,0
9.73451,36.60429,1
7.02237,33.22871,0
7.67959,36.79451,1
7.24055,34.57033,1
6.68248,35.38407,0
9.17591,36.93843,1
8.5999,33.35455,0
6.24574,36.52986,0
-0.5281,33.2418,0
6.95238,36.88267,1
4.63298,35.21182,0
1.15458,34.83694,0
-0.26823,35.81728,1
-0.60187,33.26864,0
-0.26644,35.76072,1
5.10958,34.38743,1
-0.30154,35.82753,1
4.2612,34.12892,0
6.03381,33.53244,1
5.91358,36.79125,1
6.51084,36.72512,1
8.75263,35.47659,0
8.27419,36.3788,1
2.91071,36.56339,1
2.76083,36.67039,1
-1.38854,35.15381,1
5.12766,36.53889,1
9.38377,33.86355,0
3.16111,36.70736,1
9.60025,37.0384,1
6.42635,36.53065,1
3.30594,36.40107,1
1.09732,35.29304,0
3.37681,33.12307,1
1.9423,36.54192,1
2.0916,36.53292,1
-1.70051,33.05873,0
5.89212,34.13379,1
4.52569,36.57403,1
10.54908,35.3537,1
1.81798,33.18979,0
6.56847,37.01663,1
5.56523,35.11171,0
6.12773,36.64264,1
4.86737,35.51775,0
-1.34085,35.31128,1
4.57631,36.53067,1
9.75606,35.55662,1
2.2894,35.39061,1
3.3873,34.61995,0
4.30068,33.24157,0
4.26483,36.65737,1
-0.24065,35.81184,1
6.70235,36.57692,1
4.12655,36.61726,1
-0.20582,35.80076,1
10.46498,35.10643,0
3.00799,36.67964,1
6.02467,35.86668,1
2.41609,33.66853,0
3.73184,36.56766,1
10.19779,36.77725,1
4.63866,36.42899,1
-0.25377,35.74693,1
5.46777,34.37416,0
5.39582,35.70973,0
7.12355,36.49892,1
9.65142,36.97852,1
6.259,36.74913,1
5.58527,36.58546,0
9.5048,37.23319,1
1.22896,34.61421,0
3.07912,36.75291,1
7.13143,35.44246,1
1.42213,33.03215,0
10.26252,35.64527,0
2.1508,36.24503,1
1.45285,35.59445,0
0.10073,35.00081,0
3.58529,36.63432,0
7.10893,33.50141,0
7.82359,33.18552,0
10.07435,37.22686,1
2.48034,36.56541,0
3.30798,33.13456,1
10.71502,35.01638,0
-0.26747,35.76385,1
7.85449,34.03021,0
10.51668,35.95602,0
9.97877,33.5589,0
-0.98105,34.46984,0
-0.23639,35.80933,1
0.91524,34.66223,0
9.97226,36.20919,1
1.63535,34.24565,0
-0.24863,35.81445,1
10.28075,36.16275,1
-0.21671,35.80222,1
-0.27609,35.80564,1
-0.23688,35.81234,1
-0.23177,35.81091,1
7.50651,33.39875,0
6.94466,36.13183,0
1.24284,33.82331,0
7.16579,34.47139,1
2.8094,35.31653,0
3.8815,35.72548,1
5.66546,34.2862,0
5.2765,34.74805,1
5.89302,34.43914,1
-0.81863,33.7995,0
-0.33648,35.8065,1
3.31824,36.65678,1
-1.26459,34.93686,0
5.44599,36.44459,1
0.20288,35.30931,0
9.54004,36.73228,1
-0.30836,35.83515,1
10.46469,35.02128,0
0.67537,33.4334,0
1.1357,33.32089,0
-0.23393,35.80862,1
0.25658,35.96185,0
2.15802,36.31817,0
5.46838,36.18034,1
2.87223,34.90962,0
10.50244,35.28649,1
6.67612,34.51219,0
-0.23659,35.80962,1
10.74168,36.60057,1
-0.23379,35.8093,1
-0.24236,35.81225,1
0.39559,33.18898,0
9.37979,36.78934,1
3.28421,34.47457,0
-1.43448,33.69421,0
4.97901,33.96598,0
8.5833,33.87197,0
4.55691,36.71652,1
3.51204,36.65226,1
-1.28595,33.86268,0
-0.96514,34.48876,0
2.87478,36.60128,1
-1.68176,34.8584,0
10.46627,33.21414,1
9.92435,34.02292,0
-0.2379,35.81046,1
8.30534,36.51955,1
10.31592,35.95464,0
9.6241,37.21542,1
9.18611,35.88586,1
5.82246,34.69374,1
7.93405,36.69699,0
5.46565,36.18493,1
1.99712,35.61583,0
7.36769,36.84068,1
4.114,36.53656,1
-0.47856,33.80934,0
9.23312,35.88796,0
9.35479,33.37485,0
1.1932,36.13927,1
6.82859,36.77584,1
8.58647,35.02063,0
8.65756,36.60388,0
8.94401,34.94048,0
9.43052,36.88482,1
8.23662,33.62535,0
6.79293,35.24042,1
7.44616,36.87881,1
6.27612,36.87473,0
9.62327,35.45311,0
9.04851,36.67723,0
2.65808,33.87545,1
3.264,33.37552,0
6.46266,33.98889,0
8.62059,36.75587,1
6.08768,36.67136,1
7.98432,36.06416,0
7.37812,34.31268,0
9.20352,36.6799,0
9.33953,36.00607,0
6.82426,34.31479,0
0.58198,33.96238,0
0.50395,36.17181,0
3.31635,36.67196,1
-0.18114,35.73238,0
7.36858,36.84357,1
1.24385,33.65367,0
9.96447,36.74479,0
6.91785,36.83276,1
5.77309,36.24802,1
6.09073,34.76664,0
3.53364,33.02193,0
6.08826,36.63704,1
9.81821,37.1363,1
4.99471,35.96559,1
6.55607,33.05967,0
-1.6571,34.79744,0
-1.11943,35.37064,1
2.64476,35.04821,0
10.11366,36.7391,1
8.51103,35.58452,0
6.74669,35.88507,1
5.47794,34.65225,1
8.79519,33.80413,1
3.58762,36.11485,0
6.98837,36.63443,1
6.9456,36.88155,1
6.91622,36.83402,1
0.72584,35.87514,0
-1.99087,34.98992,0
4.99607,35.58906,0
10.80179,34.86882,1
3.76704,36.83253,1
1.35743,35.33776,1
3.95577,36.77264,1
6.84932,36.65797,1
4.17289,36.62856,1
7.91099,33.19816,0
6.50923,36.29177,1
-1.59198,34.92482,1
9.29289,36.7747,1
4.66405,34.05545,0
-0.26903,35.81753,1
8.34012,34.79211,0
-0.26938,35.81877,1
-0.23393,35.80868,1
8.21082,36.67537,1
-1.34808,35.26777,1
-0.68478,33.70923,0
3.92742,35.43331,0
4.49894,36.87672,1
5.40285,34.78924,1
6.40265,34.36951,0
4.04849,35.73613,0
5.98816,36.0955,1
5.53722,35.28756,0
8.19462,34.22434,0
5.96298,36.71965,1
10.16806,36.35553,1
9.74631,37.08543,1
1.35793,35.339,1
3.2739,36.62035,1
9.11007,36.85292,1
5.07092,35.508,0
9.96183,35.63218,1
-1.5744,33.36931,0
10.59378,36.61836,0
4.56077,35.52341,0
4.43965,35.88388,1
6.12685,36.59268,1
5.86639,36.05551,1
8.23452,36.67612,1
4.47131,35.71286,1
1.76026,34.49112,0
-0.23084,35.81077,1
4.63325,34.61898,0
6.94992,36.8633,1
0.48347,35.02643,0
7.13578,34.74226,0
8.1149,36.18307,0
8.28441,33.27777,0
-1.65551,35.05954,1
-1.54125,35.13971,0
6.71116,35.11782,0
4.44062,36.29149,0
8.99306,34.76279,0
4.38214,36.48544,0
11.1083,33.48096,1
6.76009,33.94358,0
9.15663,35.6142,0
2.97816,33.35183,0
9.02899,36.66283,1
-0.22849,35.80886,1
-0.2366,35.80919,1
-0.23725,35.80926,1
3.85039,36.9125,1
2.13998,35.16548,0
10.55123,36.42119,0
2.81337,36.49327,1
9.41875,34.1867,0
-0.23444,35.81065,1
0.1264,36.02027,1
-0.25192,35.76586,1
8.45985,36.28019,0
6.19578,35.3707,0
4.13116,36.62614,1
4.17288,36.63091,1
3.08551,34.8416,0
7.6981,36.69003,1
2.33066,33.4453,0
6.51151,36.29058,1
5.53022,34.13103,0
5.0436,36.51235,1
6.16204,34.78523,0
10.58521,34.60719,1
3.28429,35.35212,0
5.11215,35.61843,1
5.04627,36.51399,1
9.81968,35.04891,0
7.13845,35.38763,0
9.72371,35.10181,0
3.03037,33.57538,0
3.79999,36.54456,1
7.1719,36.03284,0
8.30565,34.75011,0
4.70396,33.46416,0
-0.23838,35.81062,1
5.49989,36.12014,0
5.8421,36.32092,0
-1.82849,33.01738,0
7.76435,34.73635,0
5.89883,35.22274,0
2.87323,36.59593,1
4.93717,33.91327,0
4.93853,33.20445,0
9.81766,36.75975,1
2.91024,33.70524,1
5.86651,36.05648,1
5.95729,36.71687,1
-0.26293,35.80445,1
3.93029,36.79424,0
6.8601,34.06379,0
6.00253,36.48969,1
9.0915,35.37502,0
9.8149,35.72216,1
2.14298,33.96587,0
0.1773,35.53856,0
-0.26863,35.81982,1
3.68849,36.8463,1
10.70608,33.19693,0
4.26068,36.69838,1
-0.28125,35.52784,1
4.47393,36.83904,1
-1.88988,34.32234,0
-0.65351,35.00055,0
1.11157,34.55228,0
4.5424,34.94584,0
10.06839,33.91635,1
10.37581,35.78743,0
9.83915,35.17124,0
4.61025,36.65467,1
-1.10403,35.51065,1
4.29941,34.87734,0
-0.55812,34.82854,0
4.54905,36.73322,1
-0.28196,35.81284,1
6.5742,34.90304,0
9.01976,36.12971,0
0.71916,35.41726,0
2.99955,36.67628,1
9.94908,35.52576,1
1.89638,34.59553,0
3.28293,35.72993,0
0.32922,34.79844,1
6.03639,34.45579,0
6.06588,34.18081,0
10.93308,35.50421,0
6.05069,36.6124,1
2.17987,36.45067,1
2.02241,34.22192,1
4.54853,36.56655,1
6.22283,36.38147,0
9.29669,35.2744,0
9.23189,36.45582,1
7.0562,33.21087,0
1.24729,35.9439,0
6.96485,36.88221,1
2.21699,35.23064,0
10.45896,36.40821,1
8.03985,35.47835,0
6.43569,36.39833,1
8.70114,36.84834,0
5.92966,33.53488,0
-0.5833,35.20234,1
3.08283,36.75003,1
-0.23948,35.80919,1
5.48162,36.33083,1
4.74518,36.55274,1
4.89552,35.61918,0
5.24387,34.71735,1
9.33819,36.89725,1
10.78617,33.79927,0
7.5752,35.32957,1
0.56251,36.05879,0
6.14287,36.15306,1
4.12741,35.59119,0
7.36056,35.76725,1
7.45724,36.47043,1
0.60882,33.21968,0
6.08398,36.67532,1
8.95918,33.46472,1
6.96189,33.72922,0
-1.35344,35.08458,0
9.40939,36.68744,1
9.9579,35.63388,1
7.3169,35.81508,0
3.45097,36.73525,0
7.43419,34.95609,0
9.21375,36.90183,1
-0.23411,35.80864,1
6.95907,36.8852,1
4.17033,36.62991,1
6.73872,36.7954,1
3.53827,34.86477,0
10.6329,35.39255,0
7.51511,34.22874,0
10.10521,36.73087,1
-0.25527,34.63035,0
2.2377,34.94963,0
7.87693,33.23394,0
9.51642,35.58402,0
1.00231,35.48337,0
6.56199,37.0166,1
-0.23894,35.80872,1
8.1381,36.58673,1
2.30627,34.82376,0
3.61985,36.68534,1
-1.40806,35.29134,0
-0.23588,35.81136,1
10.53369,36.64702,0
5.74586,36.58976,1
8.11491,35.9446,1
9.72323,37.29914,1
10.98535,33.75587,1
4.59377,36.53276,1
1.01802,36.23602,0
8.74196,36.70601,1
7.2628,36.63183,1
-0.28101,35.52789,1
9.78676,36.83283,0
1.89222,35.97723,0
4.56508,36.71351,1
3.32326,34.21863,0
4.13807,36.61824,1
6.12157,34.42368,0
0.9747,34.47534,0
9.24235,36.75934,1
3.31333,36.73352,1
2.16176,33.35466,0
4.19712,36.46609,0
0.90273,33.53221,0
-0.24248,35.80928,1
9.43133,33.48959,0
4.11852,33.7791,0
8.50275,36.8043,0
3.44561,34.57807,0
-0.23948,35.81205,1
10.23145,36.93552,0
8.94854,33.67308,1
9.92217,35.15409,0
2.66055,35.37206,0
2.18157,35.58822,0
5.13353,36.61989,1
2.46768,36.49445,1
2.56496,36.50125,1
2.27309,36.15244,0
6.38724,36.70623,1
3.08308,36.75051,1
7.68706,36.79514,1
1.93088,35.11555,0
-0.23919,35.80984,1
1.29422,33.18084,1
10.25039,36.72771,1
10.58132,34.59817,1
11.07429,36.86746,1
10.4394,33.56316,0
6.31372,36.01914,0
-0.23431,35.80937,1
0.12629,36.01863,1
3.18127,36.51597,1
7.30941,34.62613,1
2.36863,36.46138,1
4.4005,34.54497,0
5.27398,34.7452,1
3.88071,36.09489,0
8.16825,35.23127,1
-0.30083,35.83285,1
7.24248,34.57036,1
9.2884,37.22101,1
9.01844,36.91325,1
5.08528,34.08296,0
-0.36017,35.84184,1
-0.22631,33.54739,0
8.26064,36.36541,1
6.95844,36.88427,1
6.23941,33.42713,0
8.05242,35.39223,1
8.37916,34.99599,0
7.66478,33.2102,0
6.01041,35.93268,0
0.46376,33.09996,0
-0.3371,35.8069,1
7.16919,36.31319,1
9.59636,35.30813,0
4.76316,35.71424,1
-0.2328,35.81027,1
8.52744,34.93807,1
0.81178,36.18063,1
6.13608,35.75684,1
4.3029,33.76922,0
4.13631,36.62082,1
4.12636,36.62633,1
5.39354,36.15758,0
10.08698,35.65684,1
1.56955,36.16862,0
3.25365,36.63091,1
2.27427,34.26179,0
10.63516,34.68793,1
8.98187,34.13989,0
3.96346,33.89614,0
7.62843,34.27131,0
1.00714,35.49637,0
10.66946,34.86531,1
2.99565,33.94441,0
-0.32662,35.78854,1
7.15567,33.47563,0
9.58321,36.65981,1
8.52743,34.93997,1
-0.23664,35.81032,1
0.77437,35.10014,0
-0.2346,35.80961,1
-1.41492,33.29906,0
4.03132,35.37097,0
8.49834,36.24739,0
3.05091,36.27417,1
9.90916,33.16783,0
9.48174,34.35174,0
7.22553,36.20174,0
7.69286,35.30491,0
1.06185,33.88439,0
9.18592,36.66299,1
4.54365,36.73257,1
4.87889,33.18179,0
6.5837,35.98243,1
5.60469,35.91293,0
1.00434,36.37798,1
1.79827,34.1951,0
8.1333,36.58612,1
-0.23774,35.81247,1
-0.23696,35.81034,1
7.84103,36.71569,1
4.63078,35.10914,0
3.32995,36.75849,1
8.07321,36.3433,1
6.18662,34.89458,0
1.25131,34.55893,0
0.04328,35.62654,0
0.42177,36.01848,0
10.53045,36.59892,1
3.07074,33.57905,0
7.38627,36.55064,1
1.25843,35.85113,0
3.18332,33.79017,0
10.49799,33.45935,0
3.10894,33.6385,0
0.29243,34.64583,0
5.88749,34.43851,1
2.67953,36.27938,1
-0.2384,35.81156,1
1.129,36.48316,1
5.79719,35.05457,1
-0.26343,35.75952,1
5.80026,36.47848,1
4.28742,35.33516,0
3.32726,33.06485,1
6.19276,36.59202,1
9.0703,33.73354,0
-0.27007,35.81932,1
0.33121,34.79892,1
-0.23826,35.80954,1
5.16134,36.65985,1
3.12575,36.68346,1
1.2001,33.56183,0
7.35133,36.71458,1
9.13557,36.95778,0
4.41666,36.65719,1
6.28508,36.8308,1
4.82403,33.50096,0
4.60607,36.65051,1
5.77383,36.46015,1
5.39472,35.41395,1
4.1654,36.62495,1
10.20981,35.55072,1
3.34797,35.33221,1
3.24137,36.64048,1
5.34989,33.77738,0
8.52987,34.93747,1
10.88345,35.6285,1
6.377,36.72776,1
6.51056,36.28938,1
6.39128,36.10106,1
4.43371,36.90747,1
0.74542,35.75028,0
7.64216,33.38099,0
1.19397,36.13676,1
7.23814,34.5701,1
-0.23319,35.80902,1
3.32742,33.12814,1
11.10787,33.48177,1
9.81253,36.82881,1
3.0895,34.29393,0
8.18457,36.57431,0
7.97826,34.24181,0
7.24784,35.10395,1
-0.268,35.81833,1
-0.98572,35.61746,1
5.85343,36.56877,1
9.88177,35.97985,0
3.80341,34.27349,0
11.10386,35.20504,1
3.58035,34.7824,0
10.86887,33.8385,1
2.31416,35.91054,1
0.44354,34.2488,0
-0.18851,34.1757,0
2.4701,36.49344,1
-0.30966,35.42885,0
5.61885,34.81843,0
5.32205,36.25789,1
-1.5287,34.83904,1
4.96165,36.77665,0
9.07198,34.89212,1
-0.67291,34.17144,0
5.75071,35.35371,1
6.6939,36.44548,1
0.15141,35.35688,0
10.01361,34.61213,0
2.65728,36.53268,1
9.55411,35.83712,0
6.11591,36.28133,0
4.60435,36.50522,1
9.35645,36.9083,1
-0.89805,33.47207,0
0.66864,33.21868,0
-1.3479,35.23536,0
8.96956,33.69932,1
-0.23525,35.81102,1
9.55491,37.23936,1
-0.84352,35.33179,0
1.26698,36.13484,0
4.41079,36.66335,1
4.04806,36.17936,0
8.2681,36.37934,1
6.59103,33.26053,0
3.03237,33.8144,0
8.12442,36.58147,1
-0.18202,35.80064,1
8.28284,36.36486,1
2.54245,36.443,0
0.74969,36.06557,0
8.44287,35.23487,1
4.41226,36.6566,1
0.7692,35.58068,0
4.5437,36.71004,1
3.16457,36.54248,1
3.56181,36.3822,0
0.42529,35.36299,0
9.46645,36.53438,0
0.7715,35.81147,1
-0.3504,35.80977,1
10.16851,33.01813,0
-0.23677,35.811,1
6.94368,35.32933,1
1.5529,35.72908,0
4.94081,34.04472,0
6.95835,36.88596,1
-0.23745,35.81107,1
-1.84032,33.37204,0
8.85903,33.75648,0
4.68126,34.18772,0
3.06245,36.57798,1
-0.18139,35.80078,1
-0.79278,33.92609,0
7.30833,34.62563,1
-0.25906,35.77485,1
8.48998,36.05305,0
5.60135,35.80168,1
4.61608,35.98691,1
9.71599,37.30465,1
5.97788,33.97311,1
-0.58122,35.20459,1
7.37605,33.4764,0
5.99825,33.94446,1
9.68336,33.53253,1
10.28045,36.16274,1
6.42064,36.79866,1
3.26056,34.01598,0
8.95615,36.49926,1
6.83511,33.39867,1
9.81974,35.72331,1
8.04407,36.01708,0
4.40125,36.66553,1
6.22428,36.71939,0
7.49426,33.73369,0
-1.61728,34.24472,0
9.39274,36.90667,1
-0.23887,35.81046,1
8.06556,35.06126,0
9.49716,34.85597,0
2.77232,36.48654,1
7.55752,36.95628,0
2.75041,36.47446,1
-1.2875,34.94772,0
4.07862,36.50772,0
-0.03229,33.61249,0
-0.2374,35.81269,1
3.26344,33.53916,0
5.66672,34.90897,1
-0.18692,35.80113,1
0.32677,34.79837,1
7.66921,36.77705,1
4.70333,34.09471,0
7.64861,36.76314,1
2.05708,34.74896,0
4.5659,36.70985,1
6.29295,34.18791,0
3.88292,33.68307,0
1.19544,36.13836,1
-0.24089,35.81318,1
8.2639,36.36058,1
6.22853,36.65769,1
10.82495,36.53227,1
7.11811,35.11595,0
-0.23624,35.81225,1
0.29065,36.11929,1
-0.58575,35.20779,1
2.90683,34.7804,0
0.36906,34.9318,0
-0.23521,35.80904,1
10.03276,36.08398,0
5.63467,36.19465,1
8.82703,33.79453,1
6.21692,36.04042,0
7.90568,36.80803,1
4.18256,36.63836,1
3.52669,36.78524,1
5.58877,36.37114,1
8.33473,35.73442,1
8.2125,36.67105,1
6.55952,34.78742,0
0.92181,35.96948,1
2.46763,36.4938,1
9.33014,36.90311,0
7.73369,36.8864,1
7.75351,36.2941,0
7.2389,34.57153,1
3.01692,34.64103,0
-0.66464,34.97781,0
7.30156,35.35769,1
6.57184,34.97812,0
3.38478,35.78752,1
8.16425,35.23309,1
-0.2473,35.81308,1
4.60327,33.83446,0
3.17365,34.22137,0
5.15306,36.55386,1
-0.22815,35.80566,1
-1.48526,33.5206,0
9.33684,36.905,1
1.87689,33.69349,0
-0.23462,35.81048,1
1.03569,35.06299,0
1.46286,33.84447,0
6.96124,36.88081,1
-0.23776,35.8114,1
8.73467,36.57606,1
10.73826,33.05352,0
10.85938,35.10472,0
6.71734,36.65075,0
4.32635,36.78379,1
6.46817,35.05972,1
1.86763,36.52524,0
3.58539,33.42542,0
2.62843,33.7853,0
8.95334,34.31991,1
2.75639,36.66942,1
5.40089,34.78659,1
6.69582,35.19495,0
-0.80859,35.45361,0
8.3558,34.35093,0
-0.23747,35.81202,1
7.36168,35.76794,1
5.45285,36.21991,1
5.93111,34.76354,0
1.16542,36.40766,0
10.75238,34.85549,1
-1.75779,34.86004,1
10.24698,35.60251,1
3.32932,36.75874,1
-0.26775,35.76321,1
4.4439,34.5473,0
7.50845,36.65443,0
5.30663,36.02097,1
0.27142,34.78089,0
9.54013,36.72994,1
6.93532,36.27673,1
-1.09409,35.51541,1
-0.24197,35.81227,1
9.92876,36.96659,1
9.5931,37.01593,1
1.48422,34.66326,0
9.42796,36.94974,0
4.13844,36.62551,1
9.77817,37.05247,1
0.0748,35.13884,0
2.48177,33.72585,0
4.1803,36.63546,1
0.235,36.09231,1
0.2396,36.0929,1
5.3716,35.64791,1
8.13636,36.41716,1
10.68957,35.46263,1
9.43361,36.91901,1
0.33007,34.7979,1
10.73529,35.5285,0
2.5141,34.90308,0
6.33833,35.18773,0
6.35757,34.33326,0
-0.03285,34.72627,0
7.08581,34.25364,0
5.89609,36.4122,1
0.99282,35.7365,0
9.62551,36.1525,1
3.71921,36.64525,0
9.98857,33.87468,1
10.60466,34.81142,1
10.19631,36.72324,1
6.14226,33.0681,0
8.79245,34.3806,1
1.71737,33.05559,0
5.84143,36.1811,1
1.73479,35.34459,0
7.24032,34.57082,1
3.07501,36.6392,1
2.38298,33.73495,0
4.56313,35.69883,1
1.07996,36.47349,0
4.32405,33.68732,0
7.71354,36.25595,1
10.10445,36.73294,1
9.60851,37.2762,1
6.63826,36.07178,0
1.23523,36.13346,1
10.02415,36.50442,1
0.13645,33.71142,0
7.951,35.89587,0
-0.53108,35.72882,1
-0.98777,35.61503,1
8.20379,34.82644,0
-0.24244,35.81345,1
2.0535,34.43884,1
1.45089,35.88786,0
2.49245,33.07755,0
8.16963,35.40376,1
10.01064,36.47496,1
3.59836,36.69438,0
-0.16799,35.02346,1
-0.23838,35.81181,1
7.15143,33.68332,0
5.63488,35.14953,1
5.8442,36.21807,0
2.40698,34.18225,0
-0.23561,35.81042,1
3.73546,36.79247,1
2.88141,36.59622,1
8.05629,35.3925,1
5.26034,36.42695,1
4.74965,34.04512,0
4.41437,36.6673,1
8.37264,35.79705,0
9.88619,33.75583,0
0.52332,33.84024,0
-0.26949,35.81818,1
1.39418,33.8561,0
6.49912,36.42188,1
5.46769,36.18381,1
3.11955,36.67937,1
4.37687,36.84357,1
6.56157,37.02299,1
-1.21821,33.52985,0
7.45031,36.36278,1
8.42191,33.9964,0
4.09333,34.08796,0
9.80763,36.82073,1
5.53833,36.51534,1
-1.38176,33.87391,0
-0.57494,35.63538,1
-0.36173,33.04647,0
7.53318,34.23652,0
-1.15692,33.76919,0
7.88464,34.79099,0
6.63832,36.24752,1
8.49227,34.25473,0
8.84275,35.57296,0
4.16084,36.62142,1
9.16693,37.05026,0
-1.35007,33.60433,0
10.14053,33.71176,0
5.63411,36.17729,1
0.43459,35.96243,1
6.32988,36.08361,1
6.09136,36.63237,1
5.90743,36.7242,1
8.52961,34.93729,1
7.70096,36.78764,1
-0.24153,35.81141,1
6.39417,35.29889,0
0.53936,36.22687,0
9.67909,33.52993,1
9.58312,36.97845,1
-0.94354,35.56828,1
5.54438,35.50208,0
0.23948,34.35026,0
9.18274,33.13782,0
3.85779,34.79669,0
3.28187,36.38591,1
10.27072,34.39639,0
6.96265,36.88063,1
9.78877,36.81306,1
7.73491,36.77178,0
9.38205,34.3581,0
4.54885,36.71261,1
4.18131,36.84103,1
4.36917,35.26409,0
4.18178,36.63508,1
8.16848,35.23117,1
8.42881,34.30962,1
-0.23805,35.80844,1
4.57065,36.53128,1
3.98738,36.14833,0
1.64193,33.69058,0
5.63119,33.92705,0
5.04904,36.51484,1
8.74222,36.37627,0
7.78111,36.96532,1
0.33051,34.79848,1
2.9271,36.14429,1
-0.67517,34.70838,0
11.10962,33.48098,1
9.35948,34.78545,0
2.22296,34.63697,0
6.38849,36.09215,0
0.23618,36.08542,1
10.5856,34.60306,1
4.55649,36.70796,1
10.23274,36.65535,1
2.46901,36.49303,1
9.00802,36.45626,0
8.05332,35.39385,1
0.31799,34.83804,0
7.63395,33.59541,0
-1.49691,34.20187,0
8.5317,34.67253,0
1.41862,35.74583,0
3.26022,36.39219,1
4.95804,35.4391,1
9.78231,33.38739,0
8.27622,36.37285,1
7.80296,36.79217,1
-1.13834,33.08636,0
7.70233,34.53476,0
0.12644,36.0212,1
9.89057,36.16008,0
6.05329,36.51551,0
5.90395,36.41238,1
-0.23517,35.8106,1
10.36092,35.29336,0
4.16261,36.62767,1
4.57155,36.53516,1
9.6816,33.52986,1
3.24687,36.22735,1
6.67599,36.65974,1
7.78695,36.83409,0
7.66658,33.5106,0
11.11005,33.48151,1
-0.19325,35.79919,1
7.68277,36.79126,1
10.30047,35.60471,0
10.1576,36.66399,0
7.94047,35.85089,0
2.47313,36.49316,1
7.63179,36.7294,1
5.63865,36.19548,1
6.93831,36.88233,1
7.30669,34.62629,1
2.67283,36.4018,1
3.46128,36.48056,1
7.76782,36.90111,1
6.37297,37.03302,0
7.93171,34.60578,0
1.74576,35.48336,0
6.96935,36.868,1
6.96067,36.86416,1
-0.23744,35.80994,1
8.12918,36.58208,1
-0.32706,35.8436,0
-0.27049,35.81826,1
3.08042,36.75037,1
7.72967,36.88566,1
3.96851,35.28168,0
5.76481,36.6308,1
9.76091,37.09909,1
5.77186,36.45974,1
9.20467,36.84144,1
5.10825,34.38792,1
4.71794,36.10019,0
5.32884,34.10317,0
-1.6073,34.01942,0
6.13789,33.65603,0
5.83445,34.6614,1
3.42416,36.58939,0
5.10458,34.66615,1
8.74298,36.70205,1
-1.12554,34.3493,0
1.3541,35.3388,1
-0.23694,35.81194,1
9.30847,34.159,0
-0.26942,35.76278,1
7.2963,33.19334,0
5.36808,35.99095,0
6.51365,36.29264,1
-0.23524,35.81279,1
-0.28085,35.52923,1
-0.59375,35.51257,1
6.35866,36.23634,1
2.47869,33.43852,0
-0.23243,35.81022,1
-0.34053,35.77246,1
4.42068,35.02038,0
6.21617,35.67888,1
9.3645,36.82035,1
6.41828,36.71908,1
9.67988,33.53462,1
6.95851,36.86741,1
2.55192,33.92134,0
8.44422,34.22496,0
2.92959,36.21222,0
1.10648,35.61941,0
7.36317,36.843,1
4.39684,36.66494,1
4.17963,36.63813,1
8.82207,36.61814,1
6.46534,35.06173,1
5.34722,33.2758,0
-0.24455,35.80963,1
-0.50639,34.11103,0
9.86722,34.04607,0
4.99592,35.96673,1
0.0219,33.90015,0
5.00555,36.28489,0
-0.26533,35.81734,1
8.59327,35.85038,1
4.36584,34.75869,0
1.64608,36.16348,0
2.79723,36.34507,0
-0.45388,35.69924,1
-0.69898,35.0599,0
10.71047,36.46111,0
1.09933,36.3768,1
-0.20558,35.80082,1
10.63616,34.73964,1
2.65591,36.48745,1
6.85915,33.26916,1
9.21536,36.79542,1
7.70636,36.78717,1
-0.56775,33.34063,0
10.40805,35.775,0
5.03142,35.17113,0
-0.23423,35.80907,1
7.12213,34.51767,1
-1.22713,33.2222,0
9.40354,36.89553,1
2.11471,33.18606,0
2.47181,36.48978,1
3.76564,35.3792,0
-0.70316,33.56264,0
3.24095,36.73763,1
4.72743,36.21383,0
-0.19049,35.79929,1
10.51692,36.68749,1
5.41432,34.78791,1
7.63759,36.51359,0
7.14611,35.07605,1
8.09014,34.80382,0
5.78375,36.17219,1
4.7904,33.59002,0
10.83768,34.79867,1
3.22631,33.01859,1
-0.2389,35.81177,1
8.41961,35.19108,0
-0.12324,33.17914,0
10.44893,34.64039,0
4.46872,36.88962,1
7.66982,36.43013,1
7.24055,34.57069,1
9.85274,34.561,0
4.07722,36.32055,1
0.56134,35.93463,0
5.92403,36.69563,1
2.88147,34.53724,0
9.43658,34.1191,0
2.87521,34.82073,0
2.08251,33.37615,0
3.31339,36.73434,1
-0.76429,33.35173,0
9.71231,34.6401,0
10.63512,34.73907,1
2.47058,36.4922,1
7.76187,36.71444,0
3.99953,36.72747,0
10.62335,35.17078,0
9.19183,36.91045,1
9.75434,35.5605,1
0.28638,35.69327,0
6.54787,36.76153,0
6.7004,35.51376,0
5.3648,34.32902,0
6.68883,36.26625,1
-1.6704,33.18781,0
6.90488,36.875,1
6.39815,36.31287,0
1.02871,33.21482,0
-0.23911,35.81197,1
1.57917,36.00485,1
9.71632,37.30606,1
6.28549,36.35205,1
7.97942,34.04987,0
10.97014,36.87136,0
8.08314,36.167,0
9.81789,35.72256,1
5.91963,33.59661,1
10.05686,35.08144,0
10.5835,34.59719,1
8.48941,35.77028,0
9.84699,34.80861,1
5.452,35.8154,0
-0.26494,35.80514,1
6.89704,34.24194,0
9.56047,37.2586,1
6.09206,36.67072,1
4.56712,36.76893,1
10.20876,35.55254,1
4.53442,34.58771,0
10.77531,35.05863,0
2.97578,36.20582,0
8.30974,33.84129,0
3.50599,36.70811,1
-0.59424,35.50997,1
1.35522,35.33986,1
1.40518,36.29894,0
5.09718,35.61447,0
10.16969,36.00292,0
-0.24501,35.80989,1
3.08361,36.75027,1
-0.25753,35.77327,1
2.68765,36.27231,1
4.89814,34.75102,0
1.36944,36.35797,1
3.46078,36.65466,1
4.5794,36.65306,1
7.83304,34.05115,0
3.10695,35.22897,0
8.83638,34.49196,0
7.24132,34.57076,1
3.42832,36.47367,0
5.13739,36.3381,1
5.08173,34.45368,0
7.24153,34.56874,1
-0.23724,35.80931,1
3.084,36.75031,1
5.4691,36.64155,1
8.50467,34.84601,0
-0.24185,35.80898,1
7.62243,35.98847,0
7.19121,36.64494,0
9.79247,37.2749,1
1.65603,35.1396,0
7.30691,34.62653,1
9.68466,33.53153,1
3.95994,36.77414,1
5.99709,34.02565,0
1.12856,33.58306,0
-0.72886,33.24342,0
0.65674,34.34927,0
8.5566,36.62724,1
-1.17652,34.40192,0
10.66909,36.84166,1
-0.23693,35.81147,1
4.21061,34.04738,0
4.17408,36.63971,1
7.24161,34.57048,1
5.9175,33.59866,1
-0.13836,33.19121,0
6.47926,36.95515,1
-1.09989,34.68441,0
9.42161,35.99364,0
5.89679,34.8442,0
4.75885,36.63696,1
9.67549,36.56229,0
7.16985,36.31498,1
-1.30777,34.30108,0
8.53081,36.84538,0
1.44838,33.60107,0
2.22585,34.99483,0
-0.2337,35.809,1
1.84789,34.77877,0
3.32841,36.75834,1
-1.7634,37.28182,0
4.46349,36.87881,1
6.32219,36.64869,1
3.70431,35.56151,0
7.30835,34.62778,1
10.98962,33.75647,1
7.30873,34.62651,1
3.15158,36.70874,1
6.42419,36.71955,1
5.63137,35.54717,1
-0.28101,35.52908,1
7.76562,34.24085,0
9.28056,34.54883,1
4.58998,36.54253,1
-0.23868,35.81052,1
10.41505,36.58097,0
4.28888,36.86165,1
4.54287,36.50006,0
-0.23836,35.8121,1
8.5309,34.93727,1
8.7263,34.43158,1
4.60745,33.59983,0
5.10936,34.39155,1
9.10594,36.20134,0
7.84786,36.50479,0
-0.16307,35.61316,1
6.24791,36.74405,1
5.11226,34.39034,1
3.1456,35.36055,0
3.25761,36.63265,1
6.27758,33.23314,0
6.20475,35.04374,0
8.50262,33.53738,0
8.18417,34.71181,0
6.51382,36.73679,0
4.5449,36.56259,1
1.14795,33.86594,0
8.97282,33.4874,0
3.91522,36.69894,1
8.73431,34.29326,1
7.7557,34.11983,0
8.74504,36.2883,1
8.51727,34.0315,0
-0.24191,35.81422,1
0.08182,34.04139,1
4.85895,36.09288,1
5.96574,36.61046,0
8.04904,35.39162,1
8.54356,36.4444,1
9.77732,36.80476,1
6.75763,36.27363,0
11.10795,33.48008,1
4.27084,35.5157,1
-0.36771,35.84166,1
1.52174,34.70971,0
6.48789,36.68835,0
-0.2671,35.81673,1
5.39441,36.20251,1
2.36285,33.396,0
9.86566,34.47255,0
-0.23386,35.8086,1
-1.05413,33.84548,0
7.66946,35.81331,0
7.49794,33.99014,0
-0.23474,35.80921,1
3.86368,35.6678,1
1.24984,34.88795,0
8.96367,33.04697,0
9.78151,33.05554,0
6.9718,33.56384,0
10.20946,36.8743,1
8.83392,36.53128,1
-0.39518,35.73451,1
8.53717,35.45356,0
0.45696,35.98647,1
0.35656,35.19118,0
-0.02482,33.20962,0
9.63669,36.07924,0
6.2377,34.6623,0
3.42718,36.49427,1
8.9478,33.67383,1
9.82097,36.82645,1
3.19049,35.62603,0
9.18349,36.53942,0
-0.26806,35.80895,1
10.31896,36.74443,0
9.29728,36.85241,1
-0.23722,35.8089,1
7.45837,36.91636,1
-1.89844,34.03925,0
0.92386,33.36347,0
5.18705,33.52557,0
10.11837,34.96184,1
6.73389,33.58696,0
9.56569,35.01934,0
-0.59442,35.51153,1
10.80694,34.86783,1
3.32826,36.75784,1
2.75621,34.09274,0
5.55413,34.04932,0
8.74686,35.5683,0
10.16444,35.71565,1
0.59028,33.68986,0
5.97642,36.06452,1
1.32864,34.65276,0
9.60396,37.04381,1
3.86315,35.61429,1
7.83889,33.50477,0
4.89777,36.50581,0
7.17208,33.96132,0
2.76867,36.60452,1
7.43451,36.88206,1
7.20659,34.42096,1
9.13505,36.60856,1
3.06541,36.52309,1
3.1613,36.54513,1
8.28656,34.50504,0
7.2851,36.61617,1
6.17549,36.3479,1
8.36038,36.45784,1
4.58488,36.65609,1
6.14245,35.43979,0
0.37467,35.59788,0
4.60279,36.66113,1
1.49831,33.59224,0
6.06705,33.12347,1
10.00313,36.44958,1
7.81904,34.9726,0
-1.3505,35.26979,1
9.3362,36.89493,1
5.70006,36.10747,0
9.63165,36.43593,0
5.9945,36.67725,1
2.14246,36.09467,0
1.18296,33.94397,0
-0.2405,35.81033,1
-0.39919,35.46461,1
4.80607,36.36749,0
4.20551,34.83274,0
0.80005,34.04202,0
6.52709,37.01554,0
9.03695,36.7184,1
8.06543,35.36216,0
6.69217,33.13315,0
4.50621,36.43352,1
8.05322,34.27989,0
2.16562,34.86134,0
5.54949,34.53124,0
6.57067,36.88395,0
3.48344,33.73247,0
9.67268,37.05191,1
3.70095,36.33819,0
5.48615,34.36529,0
9.4767,34.92498,0
-0.2687,35.81717,1
10.02363,34.10695,0
1.40065,36.52996,1
3.98928,33.71493,0
1.45577,35.44738,0
7.79565,35.36093,0
9.21591,36.74476,1
2.25469,35.40852,1
6.58603,35.97941,1
9.14877,36.47855,1
7.24219,34.56868,1
1.54097,35.70029,0
3.74557,35.30978,0
5.53574,35.00152,0
9.74279,34.05238,0
5.40003,35.3568,1
2.5102,35.68299,0
7.23966,34.57045,1
10.1047,36.72918,1
7.39074,36.35527,1
4.17161,36.633,1
9.59132,36.70177,1
10.01081,36.75166,1
2.02256,33.55968,0
-0.1822,35.8021,1
8.13454,36.57925,1
1.96336,35.76845,0
10.58084,34.6049,1
8.9906,35.91457,1
8.99236,35.90998,1
9.80491,36.81977,1
8.59664,36.06967,0
10.80199,33.40714,0
9.20642,36.86367,1
7.71151,36.80154,1
10.19994,36.78063,1
11.0207,35.48126,0
-0.23433,35.80991,1
1.55443,35.89676,0
6.2013,35.59812,1
7.75386,35.50743,0
9.42078,37.04874,1
-0.17205,35.62441,1
4.47366,36.88981,1
4.16777,36.62812,1
3.05151,36.2682,1
8.85957,36.54129,1
8.73092,35.8936,0
1.84519,36.17798,1
7.55356,33.66509,0
5.92265,36.4618,1
-0.59365,34.7615,1
3.81292,36.852,1
3.31522,36.73506,1
-0.26881,35.81821,1
-1.11543,34.77113,0
9.8424,37.2882,1
8.48715,33.85106,0
11.01364,35.33965,1
2.88878,36.57862,1
-0.23984,35.80989,1
0.23558,36.08886,1
8.68343,36.86734,0
-0.23964,35.81014,1
5.27139,36.5578,1
9.81513,36.16151,0
9.68149,33.53195,1
7.72311,36.83778,1
-0.27032,35.81781,1
0.02192,35.5851,0
3.77769,33.74101,0
7.05107,33.25219,0
9.02974,36.662,1
-0.65943,33.6024,0
0.14329,35.1838,0
7.65329,36.11747,0
-0.18223,35.80126,1
5.86869,35.48855,0
3.93323,36.89944,1
1.23609,36.13339,1
3.95961,35.11038,0
-0.23978,35.80996,1
3.82416,36.81805,1
-0.24317,35.81281,1
6.23439,36.38357,0
-0.2313,35.81072,1
0.64726,36.26294,1
10.02912,36.50189,1
5.51224,36.33555,1
4.26159,36.79288,1
-0.33331,35.82641,1
6.79563,35.24589,1
6.94104,34.56748,1
4.40489,36.66949,1
5.7135,35.57927,1
5.30438,36.33723,1
7.04248,34.94869,0
3.02282,36.60156,0
-0.7316,34.43621,1
6.93694,36.88264,1
2.26139,36.19256,0
3.49591,36.4587,1
8.7994,34.37893,1
2.32507,34.29683,0
3.11842,36.52719,1
10.20088,36.61537,1
5.89659,34.42842,0
5.17462,36.03603,1
10.95177,36.93441,1
7.45639,36.36343,1
3.08326,36.75106,1
7.30791,34.62531,1
6.18101,36.34255,1
6.62575,36.39282,1
-1.04672,34.57979,0
-1.09616,35.52191,0
6.47358,33.63258,0
10.58601,34.60368,1
9.8122,36.82769,1
0.98466,34.98916,0
0.37388,35.9315,1
3.72603,35.19995,1
-0.23497,35.80904,1
8.1668,35.23415,1
0.00923,35.74007,1
3.90921,36.34667,1
9.2514,36.51865,0
7.58712,35.92422,0
8.80371,35.77708,0
8.04904,36.35146,1
3.53856,36.67799,1
-0.1913,35.79819,1
8.76826,35.70871,0
10.01132,34.2404,0
-0.26933,35.81728,1
3.37153,33.04694,0
0.75432,35.8394,0
2.93251,36.14124,1
0.47282,34.81532,0
0.02465,33.70409,0
5.69859,33.15084,0
5.75417,35.35409,1
10.13852,36.85404,1
0.54261,35.85891,1
4.48156,35.93943,0
3.15406,36.70856,1
4.31636,33.31253,0
8.76679,36.60927,1
5.80639,35.06609,1
6.51018,36.29156,1
3.9433,36.45134,0
-1.20978,33.50409,0
4.68655,36.41954,0
9.76198,33.68967,0
6.61761,36.34285,1
2.02568,34.22094,1
9.42603,37.00734,1
9.60417,37.03865,1
8.79379,34.24919,0
-0.19483,35.80166,1
2.64163,36.50427,1
0.2729,35.90979,0
3.51695,34.39733,0
2.92379,36.1385,1
6.64733,33.18351,0
6.43967,36.39861,1
6.02117,35.48483,1
4.16469,36.62817,1
10.30771,36.66489,1
2.41084,36.27028,1
0.43655,35.95849,1
4.56302,36.71701,1
7.4774,33.56254,0
7.67061,36.78016,1
3.04501,33.38878,0
3.07945,36.7501,1
5.83565,34.63959,0
-0.21344,35.80198,1
9.68194,33.53264,1
2.57474,33.89293,0
5.50801,36.339,1
2.06301,33.10656,0
2.67008,36.40457,1
-0.23275,35.80999,1
-0.26751,35.80706,1
6.33704,35.12533,0
3.85322,33.76798,0
0.74447,34.41407,0
0.80419,34.66771,0
3.1591,36.08995,0
7.58905,33.38695,0
5.88301,35.17243,0
-0.23649,35.80947,1
6.25042,36.7286,1
10.84942,36.93154,0
5.95913,33.46371,1
-0.7767,34.27688,0
2.60447,36.31712,0
9.31993,36.07349,0
7.24229,34.57138,1
-0.23628,35.81033,1
2.80145,36.47502,0
3.79717,34.48494,0
6.51829,33.84346,0
3.32534,36.73701,1
-0.94443,34.72264,1
3.32158,33.18429,1
4.97257,36.43796,1
7.25905,36.92618,0
2.46726,36.49249,1
6.2602,33.77831,0
-0.2392,35.8092,1
-0.24048,35.81113,1
1.0551,33.40975,0
7.12406,34.5172,1
7.30652,34.62601,1
7.09847,36.50372,0
3.23435,36.62903,1
8.16812,35.23426,1
7.0513,36.8796,1
-1.5842,34.91949,0
-0.2142,35.80339,1
-1.261,34.89928,1
9.78773,36.80732,1
-0.78031,34.05316,0
3.94985,36.27663,1
9.80857,36.81678,1
9.98905,33.87271,1
1.23567,36.1346,1
-0.23455,35.80997,1
3.01744,35.37228,1
-0.2681,35.81732,1
1.57334,33.3417,0
-0.2141,35.80351,1
9.29577,36.85648,1
9.84101,36.80971,1
5.81932,34.98802,0
2.7854,36.28754,1
-0.23853,35.81029,1
9.29234,36.85799,1
4.56706,36.71379,1
5.75424,35.35125,1
6.43597,36.9249,0
3.27164,36.56494,1
9.48001,34.77564,0
6.69871,34.8911,0
9.43162,33.7521,0
-0.22711,35.80849,1
6.17845,35.53846,0
3.23571,34.47377,0
4.52562,36.57353,1
3.25186,36.55001,1
5.62875,36.47029,0
-0.2359,35.80929,1
3.74372,36.18412,1
7.7301,36.4564,1
10.3358,33.25728,0
9.50903,36.71683,1
9.81851,36.82834,1
3.81119,36.47237,0
4.56631,36.38615,1
5.87057,34.69718,0
1.60525,36.17417,0
4.58995,36.54113,1
-0.23342,35.80964,1
7.13805,36.68381,0
3.37914,34.42484,0
5.29484,35.82575,1
5.63694,34.06566,0
9.79397,37.05515,0
11.10928,33.48264,1
5.32969,33.38423,0
10.7453,36.53563,1
9.86211,37.02862,0
-1.28173,33.92417,0
7.698,36.7951,1
8.04505,35.38662,1
4.1667,36.63258,1
6.27797,33.25856,0
6.04113,33.02046,0
8.45679,33.39791,0
5.33032,36.3098,0
2.7507,36.47145,1
9.58444,36.6621,1
-0.23651,35.81018,1
9.77555,36.71665,0
-0.23413,35.81055,1
-0.36262,34.261,0
-0.27008,35.81762,1
-0.24374,35.80922,1
3.83745,36.90988,1
3.32684,33.06834,1
4.96839,36.64627,1
5.75594,35.72648,0
1.71523,34.50241,0
-0.1809,35.80046,1
8.7071,35.49937,0
4.51003,35.06264,0
9.65381,37.22469,1
4.44153,35.88351,1
8.64436,33.55715,0
2.01402,33.95405,0
5.51032,36.53378,0
4.30614,36.80217,1
7.69173,36.77441,1
3.63603,34.88244,0
-0.61726,35.65807,1
1.49933,34.08579,0
4.17936,36.62086,1
4.36197,33.29117,0
1.35708,35.33971,1
10.68563,35.32135,1
-0.23914,35.80917,1
-0.2313,35.80851,1
8.56151,36.20926,0
10.65608,35.29357,0
8.07019,34.87404,0
9.04162,33.25373,0
9.80699,34.77322,0
11.1091,33.48103,1
3.50015,36.46346,1
-0.26762,35.81695,1
10.33233,36.00301,0
-0.17924,35.79911,1
10.36206,36.49578,0
6.83181,35.86718,1
10.06866,36.85104,1
7.70651,36.78663,1
-0.24002,35.81126,1
7.241,34.57212,1
9.71749,33.27318,0
6.83622,36.6056,1
9.2275,34.55,0
8.96019,33.95023,0
5.6834,34.82077,0
5.67586,34.64859,0
7.07794,34.57323,1
5.83287,34.74064,0
6.28233,36.79112,1
6.45345,35.03073,0
10.14702,34.34899,1
8.93028,35.88084,0
8.59136,35.85187,1
1.83732,35.76527,0
-1.20027,33.36362,0
7.02312,34.06492,0
-0.23579,35.80861,1
4.35317,35.63137,0
10.02298,36.50511,1
2.57453,33.88174,0
9.74388,37.00034,1
2.24573,36.13622,1
6.99005,33.55755,0
9.14403,36.51651,1
10.52615,34.77669,0
-0.18401,35.8002,1
2.53232,35.6429,0
7.66877,36.76014,1
-0.23588,35.81116,1
10.65652,36.51675,1
10.05822,35.86903,0
-0.41715,35.73317,0
1.15504,36.49522,0
8.7426,36.82071,0
5.71574,35.54895,0
3.08051,36.75042,1
-0.01277,34.70824,1
-0.52904,33.93809,0
6.30645,36.33175,1
7.73015,36.3072,1
-1.66282,33.42492,0
5.13236,36.33793,1
1.50678,33.53011,0
3.4316,36.72603,1
2.10342,34.17413,0
7.24957,34.26663,1
5.73241,33.50133,0
7.94192,36.48638,0
5.10841,34.39095,1
10.32044,36.59059,1
10.69036,34.88039,1
-0.26825,35.80648,1
9.76207,35.14765,0
3.16374,36.66903,1
10.08213,33.92856,1
-0.23866,35.80847,1
6.37805,36.15214,1
7.16368,35.90795,1
6.91131,34.41634,1
-0.46442,35.27072,0
2.65204,33.13981,0
3.08243,36.75163,1
-0.23979,35.81162,1
6.87705,34.33615,0
3.08135,36.75014,1
6.25301,36.75202,1
7.41722,33.375,0
-0.23357,35.81269,1
4.53711,36.74985,0
9.5915,36.69939,1
-0.21375,35.80199,1
-0.24191,35.80964,1
5.57033,36.41592,0
10.2908,34.74057,0
7.56969,33.12254,0
2.06126,34.43891,1
1.9364,35.25747,0
7.23941,36.75,0
6.41246,36.71862,1
9.19288,36.31194,0
-1.24318,34.42455,0
4.40468,36.71894,0
-0.27053,35.81791,1
5.56682,33.88024,0
5.56491,36.74763,1
10.83262,36.55964,0
4.16898,36.63435,1
-0.34992,35.80654,1
4.82668,36.69545,1
5.04349,35.92321,0
10.40967,33.48593,0
-0.34562,33.47475,1
5.29515,34.72124,1
7.62645,35.50619,0
4.01983,36.70343,1
4.12937,36.6202,1
3.34513,33.58069,0
10.57306,33.18846,0
-1.08062,34.81414,0
6.2777,33.12739,0
6.528,36.484,0
9.50981,37.11786,0
-2.0608,33.4192,0
3.31554,36.69169,0
-0.23985,35.81031,1
2.41047,36.58146,1
9.89257,35.77768,1
9.65529,36.8049,0
-0.24175,35.81071,1
3.03884,36.43044,0
9.12436,35.27782,0
2.32054,36.13617,1
7.23847,34.56985,1
-0.26469,35.62561,1
6.85203,36.69635,0
5.68628,34.79138,1
-0.23323,35.8096,1
2.26146,36.55357,0
-0.24001,35.81077,1
6.57965,36.33566,1
-0.18954,35.80453,1
5.40349,34.78436,1
5.16457,35.9886,0
-0.18728,35.79891,1
-0.66806,35.34076,0
6.05281,34.23336,0
0.85832,34.78487,0
9.41906,34.85785,0
9.68533,33.53227,1
10.94644,33.39304,0
8.7801,35.09499,0
7.24064,34.57329,1
3.08392,36.75072,1
-0.23824,35.81112,1
4.23918,34.88858,0
6.10724,36.71325,0
6.63371,36.32096,1
5.01349,34.09206,0
-0.23581,35.80905,1
10.58498,34.59792,1
-0.23599,35.80894,1
0.28477,34.42862,0
-0.23573,35.8087,1
3.24588,36.53235,1
1.3578,35.33994,1
8.47502,35.23343,0
5.63486,36.19292,1
-1.28317,34.89923,1
10.24256,35.8917,1
9.42871,36.87857,1
3.07969,36.75066,1
9.98855,33.87399,1
0.50179,35.4184,0
-0.56773,34.19745,0
10.10918,36.72882,1
4.39167,36.66772,1
10.07711,36.86549,1
5.82139,35.9621,1
8.87335,36.44099,0
4.27682,34.95433,0
0.62061,35.12394,0
4.83279,34.88037,0
10.62508,36.71223,1
6.19864,35.59462,1
9.35776,36.71124,0
5.97201,36.8259,0
4.43437,36.90041,1
7.94429,36.13271,0
8.4521,33.58011,0
6.73954,36.85063,0
2.79716,33.92393,0
7.64866,36.63686,1
-1.29791,34.9435,1
1.40423,35.99568,0
8.05872,33.53886,0
-0.667,35.03782,1
5.93911,34.19933,1
7.55798,36.81736,0
8.00933,36.374,1
7.12305,36.09427,1
-0.00805,35.77155,1
6.44783,35.58009,0
6.48012,34.30389,0
5.40483,34.73481,1
-0.58341,35.40518,0
11.07044,36.86732,1
7.89177,36.4175,1
3.32381,33.12528,1
7.65598,36.82627,1
-1.41232,33.23006,0
-1.534,34.92911,1
5.70817,36.14103,0
9.37129,36.9661,1
4.72013,35.12879,0
4.12187,33.4845,0
3.47058,34.70395,0
8.62218,36.52116,0
9.61224,37.04377,1
3.65344,35.57247,0
10.25555,36.93723,1
-0.12771,34.45557,0
2.09437,36.29023,1
3.90972,33.56911,0
6.58333,35.98342,1
7.95077,33.06168,0
0.13427,35.91096,1
1.25752,36.02303,0
8.12883,36.57223,1
8.61368,36.76178,1
10.98374,35.60816,1
-0.24113,35.81219,1
6.88165,36.10749,1
2.83047,36.49393,1
10.45124,33.55196,0
3.03657,36.28535,1
2.88193,36.59468,1
2.69291,36.27369,1
6.51165,36.28977,1
3.25479,36.6321,1
7.62045,36.62933,0
10.58764,34.60218,1
7.05737,36.35963,1
7.05691,35.81408,0
10.58564,34.6036,1
5.7095,33.25117,0
6.11698,36.59847,1
7.12389,36.09512,1
-0.25678,35.77304,1
10.09115,36.93407,1
5.87686,36.75364,0
2.80755,34.17689,0
6.0552,36.613,1
2.18103,34.12397,0
8.21793,33.1105,0
6.1223,36.60356,1
10.2071,36.8781,1
9.7336,36.76424,1
5.27385,34.74431,1
5.99986,35.85247,1
0.8244,33.97947,0
10.10546,37.09854,0
-2.02938,33.49252,0
9.92644,34.22382,0
6.92691,34.6484,1
0.82967,34.42318,0
5.99888,36.24401,1
7.01755,34.46189,0
10.07511,36.93084,1
10.76736,36.48344,0
4.32013,34.62733,1
-0.58338,35.32301,0
6.86011,33.19012,0
6.40396,36.51588,1
3.3279,36.75979,1
-0.33245,35.82771,1
5.98495,33.97849,1
9.08194,36.22705,1
9.32325,36.83923,1
7.23795,34.57121,1
10.0802,33.9277,1
3.22537,33.01898,1
9.72222,33.05238,0
9.62491,37.21214,1
9.27782,35.7006,0
-0.66539,35.08002,1
6.86025,33.37949,1
8.12759,36.57911,1
7.68446,36.28825,1
9.11194,33.27305,0
-0.39643,33.83932,0
5.89249,34.4395,1
2.70934,34.54138,0
5.49176,35.67861,0
-1.42381,33.42445,0
0.29861,35.46019,0
6.13259,35.8063,1
1.39232,35.86108,0
8.94438,33.6598,0
6.54724,36.03436,1
9.21714,37.09888,0
-2.08874,37.21445,0
6.11088,36.75484,0
4.77469,35.88666,0
-0.18333,35.80058,1
1.56196,33.98369,0
3.75208,36.17749,1
0.55275,35.5849,0
9.68427,33.53143,1
8.53028,34.93805,1
4.6538,33.51756,0
8.38807,35.86696,0
7.18765,36.20136,0
9.5494,34.07053,0
6.56468,36.54121,1
2.52765,35.28732,0
6.01506,33.38424,0
-0.24817,35.81458,1
5.21958,33.99097,0
2.02844,34.21899,1
7.24247,34.56878,1
9.56142,36.22409,0
7.24247,34.57192,1
7.68062,36.2921,1
4.08297,35.88467,0
9.16823,36.4774,1
6.27269,36.68075,1
7.24045,34.57104,1
9.68154,37.31606,1
0.44396,35.18823,1
3.86343,36.66605,1
10.74825,35.14178,1
7.70952,36.27609,1
6.09372,36.60629,1
9.18438,35.89136,1
9.89107,34.18573,0
5.6321,36.1951,1
3.32498,33.18111,1
6.80342,35.24761,1
8.77615,34.64204,1
7.94587,36.41697,1
6.63808,34.59782,0
6.36912,35.74017,0
4.29476,36.89443,1
6.61363,33.56031,0
-0.23607,35.81061,1
3.18641,36.71041,1
5.88787,34.13334,1
-1.69086,34.72925,0
10.11149,36.72909,1
7.93356,33.86568,0
-0.93198,33.23355,0
8.03588,36.82954,1
-0.39988,33.28362,0
3.91038,36.34425,1
6.5626,33.23251,0
8.19634,33.64314,0
2.16427,35.84106,0
9.78387,36.81593,1
5.75537,35.34946,1
10.89739,33.81655,0
7.00245,35.48002,0
4.96016,36.57254,1
1.23536,36.13347,1
9.68233,33.53118,1
0.53453,35.80781,0
4.17858,36.62199,1
0.06211,35.18195,1
9.55974,37.26202,1
8.3751,36.3669,0
6.46804,34.68348,1
2.36564,35.18912,0
9.1163,34.94633,0
5.8929,34.44143,1
5.31551,35.92575,1
10.66433,34.84908,1
3.14677,33.2853,0
2.71122,36.57147,1
3.26529,36.63032,1
-0.2677,35.80412,1
4.12263,36.61506,1
6.00157,36.72394,1
8.72359,34.62988,1
9.55516,33.24186,0
10.32046,36.59227,1
2.30084,35.41418,0
10.3886,35.89898,0
7.84417,36.27594,0
3.29184,35.71608,0
-1.72525,35.09163,1
4.28026,34.12373,0
4.15711,36.62263,1
2.25156,35.93539,0
4.09619,33.85559,0
4.40436,36.85266,1
1.26856,34.61549,0
7.06394,36.36164,1
-0.18647,35.80148,1
5.48409,34.31832,0
9.8053,37.1596,1
3.25952,33.38235,0
7.42614,35.55081,0
6.40257,36.5229,1
6.03507,34.37542,0
11.10786,33.47848,1
-1.52169,33.35381,0
5.37253,34.85761,0
9.21865,37.0168,1
7.24073,34.57146,1
5.79403,36.60919,0
9.57298,35.63797,1
6.03916,36.84246,1
10.8223,36.53502,1
7.30785,34.6264,1
-0.71334,34.52664,0
5.97042,33.57095,0
3.68012,36.8196,1
6.12655,36.55721,1
1.30474,35.75098,0
3.51007,34.41331,0
8.37501,36.36607,1
-2.09626,34.48787,0
8.30049,36.315,0
9.6837,33.53078,1
3.8547,36.91348,1
0.92927,35.96969,1
7.41846,36.90378,1
9.6838,33.73919,0
4.4787,35.70708,1
4.15008,36.62826,1
6.57784,36.444,1
4.47877,36.19395,1
6.37233,36.73657,1
-0.22685,35.80765,1
6.69651,36.57162,0
5.75535,35.35413,1
3.08217,36.75062,1
10.28582,35.31472,0
7.45861,33.38985,0
9.68332,33.52986,1
3.9852,34.94111,0
3.41656,36.4994,1
3.32458,33.18246,1
6.23873,35.92619,0
8.23591,35.86725,0
4.48478,35.20394,0
0.29163,36.11886,1
2.09977,34.722,0
5.58706,36.64533,0
2.56241,34.09525,0
-0.10186,33.42307,0
6.17235,36.34237,1
3.17849,36.70961,1
6.0046,36.524,0
2.77993,34.96674,0
6.02164,33.74007,0
2.47275,36.49182,1
9.07357,34.89237,1
0.00949,33.69158,0
8.54582,33.36327,1
3.79139,34.37135,0
3.2241,33.01942,1
5.99988,36.72178,1
-1.64803,33.1647,0
5.89404,35.86672,0
-0.13563,34.93241,0
9.97276,34.3422,0
4.54457,36.71331,1
2.83398,33.29034,0
8.92823,36.56432,0
0.03792,34.76384,0
5.03647,34.39346,0
6.21445,35.67623,1
10.61899,36.71556,1
5.97766,36.07646,1
9.68271,33.53142,1
9.786,36.80788,1
6.59387,33.4619,0
5.46988,36.18557,1
8.11558,35.94226,1
7.2356,34.57253,1
8.35708,35.53951,0
-0.44163,33.95866,0
5.98071,33.97805,1
7.27872,33.45506,0
7.04516,36.77386,0
6.26172,36.18565,1
7.2394,34.5698,1
9.73821,35.64417,0
6.6236,34.81662,0
2.68835,35.43778,0
0.4553,35.80058,1
-1.68473,34.48493,0
4.71605,33.31008,0
2.11143,33.95487,0
3.07968,36.75049,1
7.62144,36.65039,0
6.67715,35.6079,0
-0.23634,35.80994,1
-0.21492,35.80402,1
2.41616,33.19513,0
-0.23076,35.81172,1
2.50245,35.45789,0
5.70494,36.41942,1
-1.70178,34.77147,1
3.52964,33.44777,0
9.67599,34.54663,0
8.59232,33.2247,0
8.53145,34.93996,1
5.39765,35.26225,1
4.36515,33.18928,0
4.46653,36.86497,1
3.33004,33.06416,1
-0.23863,35.81087,1
9.48251,35.00132,1
4.16589,36.62402,1
4.4404,35.88152,1
0.6426,33.17876,0
9.7325,33.25214,0
3.66914,34.11615,0
5.40151,34.786,1
7.28599,36.89282,1
5.23263,33.59259,0
-0.24542,35.81024,1
10.32329,36.90685,0
0.45187,34.7684,0
8.14176,36.58097,1
6.63304,36.2469,1
-0.26672,35.81762,1
8.53113,34.93739,1
10.63625,34.73766,1
7.6395,36.22266,0
6.24705,34.39132,0
3.24131,36.73895,1
3.50356,34.87196,1
-0.18453,35.80116,1
-0.24018,35.80954,1
6.33985,36.51742,1
4.44982,35.87755,1
5.92265,33.69916,0
-0.23804,35.80983,1
3.4574,34.74552,0
-0.26996,35.77235,1
4.44993,36.27407,0
9.58614,36.70198,1
6.71923,36.54532,1
4.3267,33.38642,0
3.64291,36.49426,0
-0.23274,35.80878,1
-1.51192,34.4187,0
6.93841,34.58774,1
6.8209,36.44991,1
3.10381,36.70793,1
3.87981,36.30302,1
-0.23888,35.81065,1
10.71102,34.81592,1
4.89381,36.72492,0
-0.23401,35.80943,1
10.02881,36.50261,1
4.31169,34.19957,0
6.9652,34.17131,0
-0.24053,35.81049,1
2.04006,36.31926,0
1.63669,34.05356,0
-0.24328,35.81116,1
6.83939,33.24392,0
8.5312,34.93937,1
4.72227,34.07516,0
5.64754,36.41153,1
6.95095,36.87393,1
9.45479,36.91254,1
-1.298,33.92139,0
4.12527,36.62028,1
6.80426,34.66845,0
5.84111,34.67455,1
9.84108,36.54309,1
3.08677,36.6894,1
5.72527,34.39697,0
6.93328,36.88264,1
7.44985,33.32898,0
1.38183,33.52955,0
6.77725,35.34484,0
7.12524,36.08927,1
3.86303,36.73322,0
2.18085,33.87848,0
0.12774,36.02034,1
4.9401,34.95483,0
8.91156,33.21747,0
7.20683,34.36829,1
3.10709,35.15773,0
1.41828,35.45559,0
5.026,34.27513,0
-1.62101,34.91662,1
1.2653,34.30603,0
4.86112,36.09248,1
10.14796,34.34949,1
8.70234,36.77851,1
6.8788,35.25967,1
10.20767,36.90839,1
9.34649,36.06269,0
9.87683,36.26166,0
-0.18033,35.80182,1
-0.29412,35.7951,0
-0.27042,35.80635,1
4.30476,36.87276,1
0.24905,35.88397,0
7.76722,36.79186,1
10.15201,35.63555,1
-0.24192,35.80944,1
-0.7471,34.16177,0
2.05852,35.67431,0
6.64531,36.81997,1
4.157,36.63174,1
-1.0446,34.81975,0
0.29797,33.92573,0
3.08285,36.75046,1
8.73771,34.29426,1
3.53328,36.64378,0
10.63224,36.812,0
5.91525,36.61931,1
5.20666,36.53133,1
2.74962,36.4735,1
9.24111,37.13594,1
5.48792,36.57515,1
9.65373,34.37069,0
7.08324,36.17843,0
11.10825,33.4791,1
5.45446,35.89729,0
9.11547,36.8529,1
4.15142,34.43571,0
9.70399,34.78709,0
6.42416,36.72426,1
7.08929,33.54811,0
9.79432,37.26718,1
2.33759,33.84281,0
6.37884,36.11398,1
1.74386,36.09464,0
10.68185,35.15397,0
-0.26919,35.81816,1
10.55308,36.55453,0
8.99133,35.91099,1
-1.85794,33.92225,0
-0.1605,33.71998,0
5.38889,33.87639,0
5.08931,36.531,1
6.11473,35.22331,0
3.5506,35.12085,0
-0.28115,35.52826,1
9.70271,35.43644,0
8.51836,34.35319,0
8.21033,36.66772,1
-0.23597,35.80994,1
4.75884,36.05834,1
-0.23348,35.81128,1
4.60511,36.65407,1
6.01424,34.71278,1
9.87533,36.82375,1
4.92146,36.40884,1
6.60946,36.27532,0
5.2736,34.74426,1
6.29435,36.77642,1
8.19122,35.42464,0
8.93211,34.03559,0
3.35041,33.17414,1
2.71149,36.51007,1
8.13869,36.58329,1
-0.26653,35.76165,1
9.74561,36.7436,1
-1.43279,33.91585,0
6.21898,35.67717,1
10.01507,35.4649,1
6.47715,36.95296,1
5.38673,34.87755,0
9.57508,35.63673,1
6.93609,36.68649,1
-0.23466,35.81061,1
5.33137,34.74171,1
6.95197,36.86282,1
5.65975,33.20619,0
7.10461,34.51709,1
-1.11471,35.11901,0
2.34865,35.9853,0
8.76781,36.94928,1
-0.23888,35.80888,1
8.82632,36.61878,1
7.89698,34.48999,0
0.90759,33.39603,0
-1.36571,33.46568,0
4.59982,36.65344,1
2.63351,35.87138,0
-1.42253,35.06976,1
4.16905,36.63711,1
10.94619,33.10689,0
10.64673,35.06272,0
5.84011,34.86905,0
9.81047,36.82623,1
8.05541,34.59006,0
5.33294,36.29994,0
5.46489,36.1882,1
6.54023,36.28536,0
8.03899,35.03988,0
3.26055,34.51884,0
9.95719,33.36785,0
3.08066,36.7507,1
2.75922,36.67131,1
9.19824,36.82539,1
9.64465,37.24517,1
4.14173,36.6213,1
4.46938,35.47277,0
9.83002,36.82824,1
9.62193,36.91798,1
4.59456,36.53665,1
3.387,36.11914,0
-2.07691,34.7836,0
4.62705,36.79421,0
6.02438,35.8668,1
5.59909,36.03607,0
10.10753,36.72887,1
10.1477,34.34736,1
0.93473,34.0467,0
-1.7118,33.43681,0
10.31598,36.59434,1
9.57677,35.40035,1
7.59531,36.74818,1
3.36295,33.15141,1
2.91134,34.02239,0
4.98512,35.33455,0
0.28138,33.44978,0
9.4353,36.53258,1
-0.16213,35.78076,0
9.36209,34.01877,0
6.3364,35.36559,0
0.67921,33.56921,0
-0.23645,35.81083,1
6.02478,35.86677,1
9.12481,36.10916,0
7.67972,36.79304,1
7.31333,36.18982,0
-2.0589,34.56899,0
6.38047,36.73173,1
9.35663,35.51154,0
2.41904,34.3526,0
8.147,36.50623,0
-0.23809,35.80999,1
10.9925,35.50054,1
2.81498,33.3009,0
5.28952,36.29796,1
7.53073,36.135,1
4.15516,36.62868,1
0.48957,34.26428,0
2.77006,36.58973,0
1.99077,35.51793,0
9.36973,36.90074,1
7.41626,34.97855,0
-0.71277,33.25648,0
-0.23592,35.80888,1
9.84992,34.8145,1
3.45749,36.47951,1
4.43191,35.47665,0
7.80171,36.74402,1
-0.27049,35.81796,1
10.63819,33.37911,0
11.1078,33.48001,1
8.95015,36.54484,1
6.23223,35.53517,1
10.19256,34.49384,0
5.48968,33.67099,0
3.75936,36.37165,1
-0.52419,34.43266,0
9.97134,36.2038,1
6.04258,36.8427,1
2.4552,33.91808,0
4.74984,35.41057,0
4.61324,36.66238,1
3.76089,33.40177,0
9.85232,36.77586,0
5.36232,34.97891,0
1.13957,36.32959,1
3.2259,33.77322,0
-0.70237,35.72107,1
-0.34966,35.80913,1
7.11921,36.4982,1
6.77261,36.61761,0
8.79734,33.66207,0
0.29503,35.28073,1
0.46746,35.16109,0
4.65871,36.28992,1
1.6082,36.44587,0
3.2438,34.80844,0
8.34968,36.77693,1
8.74953,34.418,0
2.95254,36.53369,1
1.86269,35.30591,0
-0.2456,35.81116,1
4.30317,34.57682,0
0.65134,34.90167,0
-0.26848,35.80867,1
6.79894,36.09052,1
-0.50289,35.35089,0
5.86605,36.0581,1
6.92038,36.83726,1
9.22069,36.95035,1
5.103,34.39179,1
8.4161,34.76216,0
9.75354,35.65084,0
10.19478,36.72689,1
6.21136,33.33697,0
4.84922,35.78496,0
9.65172,36.50915,0
-0.23389,35.81153,1
5.53414,36.65018,0
10.10516,36.72722,1
-2.02554,33.11108,0
7.90332,34.78631,0
6.25955,36.74904,1
9.37998,36.79208,1
0.00805,35.13705,0
7.21563,36.81366,0
2.12104,35.38757,0
5.926,36.69453,1
-0.32497,34.81315,0
9.22327,33.0565,0
-0.24345,35.81219,1
-0.23599,35.80897,1
2.87241,36.59731,1
10.93264,34.98424,0
10.14008,34.38133,0
-0.27062,35.81769,1
5.49884,36.16796,1
1.29077,36.22351,1
9.3679,33.73217,0
-1.73353,34.66671,0
4.48759,36.84074,1
3.51371,36.6528,1
3.65582,36.10534,0
7.07358,36.83878,0
7.66089,33.29593,0
5.67271,33.23733,0
3.3716,35.96187,0
7.16078,35.90922,1
3.00888,36.67811,1
3.13207,36.70758,1
4.71317,33.35111,0
-0.82684,35.29713,0
6.007,36.11454,1
4.42106,36.65778,1
10.0219,35.42989,1
8.38915,33.10313,0
9.67465,37.32346,1
0.03899,35.40248,0
7.30835,34.72223,0
5.90292,36.4119,1
7.36203,35.76677,1
9.66348,33.66868,0
5.08655,35.82071,1
8.66401,33.16036,0
1.33149,34.48176,0
8.22873,33.38731,0
-1.76667,33.54401,0
1.35557,35.33952,1
1.68973,34.7726,0
0.04677,33.26359,0
4.00274,36.44606,1
8.91139,36.59696,1
-0.33121,35.82815,1
11.10867,33.48014,1
10.68604,34.95285,0
4.98752,34.70952,0
3.13648,36.60124,1
3.80279,36.79823,1
10.63282,34.73602,1
1.52399,36.07328,0
-0.25653,35.77266,1
-0.23387,35.81221,1
7.76803,36.78858,1
7.45673,36.92294,1
8.73634,36.8486,0
10.03895,33.98618,0
7.61468,36.37339,1
-2.15466,34.71686,0
7.14953,36.74365,1
-1.92654,33.50249,0
6.50219,36.05836,1
5.88722,34.43877,1
5.71379,36.41732,1
1.39436,36.19622,1
2.7913,36.28705,1
-1.54577,34.7301,1
7.12783,36.37542,1
3.82353,35.52787,0
4.24407,34.57456,0
7.31006,34.62602,1
7.80314,34.11325,0
-0.23288,35.80941,1
9.30739,36.76889,1
8.35752,34.29573,1
6.12432,36.60011,1
1.12025,34.89448,0
4.40641,36.66276,1
5.88904,34.43861,1
4.44291,33.83128,0
10.58401,34.59746,1
6.24514,36.75007,1
4.26649,33.88384,0
-0.26892,35.81667,1
4.58985,36.64677,1
3.26448,36.3933,1
-0.24096,35.8105,1
6.41235,36.72334,1
1.3122,36.1747,1
3.77812,36.66463,1
-0.23975,35.81042,1
-0.18566,35.80042,1
-1.72995,33.20203,0
2.09202,35.16213,0
2.60633,34.76761,0
9.41606,36.94249,1
8.64577,35.44813,0
5.84001,34.67326,1
1.46359,36.48433,0
7.06266,35.66554,0
5.31374,34.68715,1
5.88323,33.10307,0
2.36598,34.71485,0
5.97895,35.90543,0
6.8023,36.0906,1
3.26812,36.63007,1
8.81827,35.891,0
4.17939,36.62526,1
3.22761,33.01892,1
-1.22162,35.45744,1
8.52843,34.93783,1
9.25234,36.70218,1
0.17159,34.03685,0
5.66699,34.90732,1
5.01892,35.17371,0
1.8808,35.93281,0
11.10927,33.48083,1
9.67762,33.53305,1
9.90126,36.03482,0
6.69159,33.61702,0
0.745,35.79099,1
9.75975,36.91013,0
8.51072,34.39773,0
