longitude,latitude,class
5.53337,35.70751,1
6.46961,32.13579,1
6.9763,32.35563,1
9.39581,28.19791,1
9.49323,28.12826,1
7.86009,27.91985,1
7.02693,30.47348,1
7.0226,30.47437,1
6.78554,31.1876,1
6.05296,31.35859,1
6.04889,31.36055,1
0.4631,27.79832,1
7.86322,27.92,1
9.3965,28.19779,1
9.39933,28.19753,1
7.76231,30.35671,1
7.76178,30.36099,1
7.02669,30.47252,1
2.46763,36.4938,1
2.47313,36.49316,1
2.46726,36.49249,1
2.47275,36.49182,1
-0.26469,35.62561,1
6.78959,31.18981,1
6.78476,31.18718,1
7.02324,30.47412,1
7.02248,30.47078,1
9.39438,28.19899,1
7.8608,27.92043,1
0.4619,27.79948,1
7.02566,30.47064,1
6.78845,31.18617,1
5.95301,31.56365,1
5.10458,34.66615,1
2.47095,36.49013,1
2.4701,36.49344,1
2.47038,36.49175,1
-0.259,35.77809,1
3.37093,33.03992,1
7.0227,30.47201,1
6.78677,31.18744,1
6.7874,31.19101,1
6.0503,31.36148,1
4.99787,31.94213,1
6.47193,32.13578,1
6.46686,32.13642,1
6.70336,32.3745,1
6.97702,32.35477,1
6.97765,32.35836,1
3.37008,33.03994,1
9.39691,28.19632,1
9.39757,28.19961,1
2.46768,36.49445,1
7.02495,30.47275,1
9.39756,28.19634,1
1.65336,26.62008,1
3.44971,32.88711,1
2.47194,36.49315,1
5.63719,36.52388,1
-0.98572,35.61746,1
-0.98777,35.61503,1
5.57122,36.18074,1
2.4638,36.49173,1
6.76943,36.55998,1
6.46691,32.13778,1
4.99723,31.94126,1
7.02655,30.47149,1
7.02121,30.47202,1
7.02313,30.47257,1
6.78919,31.18983,1
6.78352,31.19036,1
6.97641,32.35846,1
7.85788,27.92517,1
9.3977,28.19977,1
7.54214,28.41751,1
-0.25653,35.77266,1
2.46901,36.49303,1
6.46531,32.14075,1
-0.25761,35.77311,1
4.9967,31.93873,1
4.99885,31.9433,1
0.46132,27.80072,1
8.80004,27.11956,1
9.39925,28.19555,1
7.85991,27.91968,1
7.85185,30.33386,1
7.02501,30.472,1
3.44986,32.88805,1
6.78688,31.18681,1
5.91369,31.24645,1
6.08889,31.32097,1
6.08763,31.32143,1
6.20633,31.65355,1
2.47181,36.48978,1
-0.0936,28.24087,1
-0.09697,28.24059,1
6.97794,32.36055,1
6.46278,32.13966,1
6.46874,32.13938,1
6.22065,31.72066,1
5.22101,31.75647,1
6.22022,31.71426,1
6.22082,31.71898,1
6.05766,31.66922,1
5.95165,31.59625,1
6.78165,31.1888,1
6.78715,31.18851,1
5.75452,30.97973,1
5.63642,30.88144,1
7.02041,30.47209,1
7.86051,27.92269,1
9.39588,28.20148,1
9.49443,28.13088,1
7.85568,27.92659,1
7.85986,27.92629,1
7.85632,27.92302,1
4.99834,31.94028,1
6.22359,31.71703,1
6.46711,32.13417,1
6.97399,32.35504,1
6.98057,32.35936,1
6.98372,32.36103,1
6.97925,32.36221,1
7.85942,27.92573,1
6.78436,31.1899,1
6.78897,31.18867,1
6.78541,31.18863,1
7.02125,30.47279,1
7.02618,30.47148,1
7.02387,30.47451,1
7.8573,27.91934,1
7.86024,27.91975,1
9.39311,28.1968,1
9.39476,28.19866,1
0.46256,27.7994,1
7.86478,27.92093,1
7.86569,27.92145,1
1.6535,26.61886,1
7.86628,27.92175,1
8.94066,28.71703,1
9.39366,28.20209,1
9.48983,28.12926,1
2.46939,36.49263,1
7.02438,30.4701,1
7.02569,30.47457,1
6.79073,31.18813,1
6.78575,31.18921,1
6.05064,31.36026,1
4.99967,31.94004,1
9.49365,28.12597,1
7.65079,28.57523,1
9.39433,28.1962,1
9.39331,28.19709,1
7.86131,27.92341,1
7.85799,27.92418,1
0.45982,27.79857,1
1.65362,26.61917,1
9.39732,28.19629,1
-1.90322,34.86339,1
2.47058,36.4922,1
6.7889,31.18708,1
6.78445,31.18788,1
6.78974,31.19052,1
6.98031,32.35854,1
6.97501,32.35592,1
6.46891,32.13521,1
0.46215,27.79878,1
7.86253,27.91953,1
7.85721,27.92058,1
7.85813,27.92436,1
9.49347,28.12993,1
9.49599,28.12667,1
9.3985,28.19873,1
9.3943,28.19959,1
6.65859,29.17649,1
7.86277,27.91993,1
6.78944,31.18608,1
5.81731,31.4906,1
4.27579,32.37514,1
-0.89872,34.86406,1
6.07631,35.48929,1
5.88401,34.4412,1
7.02552,30.47216,1
6.98128,32.3595,1
6.97632,32.35672,1
6.78544,31.18707,1
6.79032,31.18986,1
6.7861,31.19045,1
6.05288,31.35911,1
8.36008,31.28742,1
8.36078,31.2907,1
6.46861,32.13684,1
9.395,28.19926,1
9.496,28.12681,1
-0.16228,28.2151,1
0.46177,27.79859,1
-0.26806,35.80895,1
7.0244,30.47256,1
6.65773,29.17667,1
9.39841,28.19545,1
7.86163,27.921,1
6.78672,31.18701,1
6.78753,31.19032,1
6.78366,31.19019,1
6.78824,31.18972,1
6.05312,31.36034,1
5.92765,31.77273,1
4.99568,31.94139,1
6.46985,32.13803,1
6.97756,32.35688,1
6.98056,32.36016,1
7.02663,30.47461,1
7.02231,30.47507,1
9.39764,28.19874,1
9.49491,28.12836,1
7.85997,27.92172,1
4.99135,31.94057,1
4.99923,31.93816,1
4.99956,31.94103,1
0.46333,27.80156,1
6.65788,29.17705,1
0.40369,27.8404,1
7.86112,27.92213,1
0.40168,27.84068,1
7.02658,30.47354,1
-0.07997,28.25447,1
0.40393,27.83896,1
-0.07949,28.24885,1
-1.65646,34.62424,1
7.87843,30.94588,1
6.78713,31.19135,1
6.78271,31.19164,1
5.97201,31.41053,1
6.22095,31.70645,1
4.9981,31.94231,1
6.97667,32.35999,1
6.98114,32.3597,1
6.9722,32.36027,1
6.46571,32.14066,1
6.47052,32.14038,1
6.46918,32.14039,1
7.02068,30.47647,1
7.02484,30.47617,1
9.39557,28.20054,1
9.39336,28.19774,1
9.49508,28.13114,1
7.85659,27.92322,1
7.85993,27.92294,1
6.7137,29.70537,1
6.46671,32.13719,1
6.98186,32.35616,1
6.97638,32.35767,1
6.06223,31.89979,1
6.22139,31.70472,1
4.99537,31.94147,1
4.9997,31.94033,1
4.99794,31.94288,1
5.97139,31.60329,1
7.87848,30.94265,1
7.87936,30.94519,1
6.78122,31.18759,1
6.78688,31.18604,1
7.89978,30.38777,1
7.02565,30.47461,1
3.70022,32.79558,1
3.70081,32.79596,1
-1.34115,35.31086,1
8.55551,31.23795,1
8.55303,31.23531,1
6.92247,31.40279,1
6.9689,32.3618,1
6.97749,32.36157,1
7.64615,28.57735,1
7.64722,28.57815,1
-0.59424,35.50997,1
4.99731,31.94108,1
4.99839,31.93916,1
6.46895,32.13782,1
6.9775,32.35834,1
6.98347,32.35696,1
6.7887,31.18927,1
6.78829,31.19063,1
6.05226,31.3572,1
6.78679,31.1859,1
7.02514,30.4731,1
9.49188,28.12681,1
9.49177,28.12889,1
9.39591,28.19793,1
6.6585,29.17788,1
6.6576,29.17326,1
7.02585,30.47278,1
7.8619,27.91999,1
2.06807,27.29686,1
7.0256,30.46883,1
5.76651,30.97456,1
6.79145,31.18633,1
6.78968,31.1877,1
5.00009,31.93775,1
6.97674,32.35709,1
6.98281,32.35975,1
7.02478,30.47259,1
6.78791,31.1888,1
6.05179,31.35853,1
8.2864,31.27596,1
5.00053,31.94051,1
-0.20642,33.09658,1
6.46867,32.13479,1
9.39614,28.19531,1
9.39737,28.19978,1
0.40118,27.83721,1
0.40181,27.84053,1
7.8621,27.92099,1
7.8578,27.92188,1
0.46306,27.79754,1
9.49606,28.12551,1
2.46626,27.19688,1
6.65773,29.17648,1
2.4656,27.20019,1
2.46235,27.19626,1
7.86292,27.91922,1
6.20461,31.57185,1
6.09599,31.37621,1
6.78598,31.18745,1
6.78855,31.18878,1
6.78455,31.1894,1
6.05246,31.3611,1
8.2885,31.27518,1
5.00073,31.94111,1
6.47105,32.13492,1
6.97537,32.35755,1
6.98012,32.36022,1
6.98418,32.35959,1
9.49494,28.12676,1
7.02239,30.47152,1
7.02635,30.4709,1
7.86024,27.92303,1
0.45931,27.79859,1
3.70164,26.60932,1
7.85966,27.92202,1
6.65817,29.1768,1
9.0887,28.54223,1
5.00133,31.94032,1
6.048,31.36167,1
6.78729,31.18873,1
7.02474,30.47043,1
7.70588,36.78705,1
5.49884,36.16796,1
4.74489,36.64977,1
6.98136,32.35869,1
6.05266,31.36172,1
8.46304,31.29028,1
6.14024,31.75669,1
6.4687,32.13777,1
6.9757,32.32372,1
6.78746,31.19002,1
7.02284,30.47311,1
9.4952,28.12796,1
7.85842,27.92474,1
7.8629,27.92413,1
7.85781,27.92121,1
7.86229,27.9206,1
5.82066,31.50394,1
0.40367,27.83653,1
0.40848,27.83776,1
5.84596,31.5103,1
6.9848,32.35712,1
5.86056,31.72339,1
3.74372,36.18412,1
4.99732,31.9412,1
6.46728,32.13582,1
6.97583,32.35648,1
6.98355,32.36106,1
6.97995,32.36134,1
7.02599,30.4741,1
7.02265,30.47439,1
7.02323,30.47391,1
6.78622,31.19072,1
7.85918,27.92225,1
9.49342,28.12968,1
6.9798,32.36313,1
6.97291,32.35522,1
6.98222,32.35963,1
6.78643,31.18641,1
6.78904,31.18842,1
6.78216,31.19044,1
4.99857,31.93913,1
4.99641,31.94087,1
6.46478,32.13381,1
6.97714,32.35677,1
7.02295,30.47385,1
7.02397,30.47316,1
7.86251,27.9194,1
4.50706,36.83259,1
4.50659,36.83256,1
6.04834,31.8052,1
6.04651,31.80031,1
7.69649,28.61752,1
7.5093,28.43153,1
7.50815,28.48259,1
5.98569,31.65163,1
5.95062,31.59647,1
5.96293,31.40766,1
6.04831,31.3646,1
5.63521,30.88265,1
6.55379,30.8393,1
7.01839,30.47289,1
7.02489,30.47259,1
7.85478,27.92492,1
7.86005,27.92458,1
6.97461,32.35599,1
6.98369,32.35925,1
6.98005,32.36015,1
0.32922,34.79844,1
4.99772,31.93894,1
7.02383,30.47081,1
6.78609,31.18803,1
6.47111,32.13511,1
6.46768,32.13594,1
0.46356,27.79751,1
7.85882,27.92134,1
9.15593,27.75263,1
7.02505,30.47286,1
7.02544,30.47296,1
2.05185,27.36117,1
9.53055,29.00015,1
5.11895,32.04588,1
5.12521,32.04639,1
5.00031,31.94004,1
5.28404,31.66571,1
6.78699,31.18781,1
6.79101,31.1881,1
7.02485,30.47092,1
7.02889,30.47121,1
7.06792,30.29582,1
4.02106,36.31458,1
6.32219,36.64869,1
7.36744,36.84657,1
4.48763,36.85779,1
3.53856,36.67799,1
7.36769,36.84068,1
9.77914,28.07905,1
-1.34159,35.31194,1
6.05112,31.36059,1
-0.59293,35.50983,1
9.4961,28.12878,1
9.1377,28.91543,1
9.13592,28.91206,1
7.86152,27.92065,1
9.01857,28.74121,1
6.84412,33.40137,1
5.63576,35.14898,1
2.68165,36.61966,1
1.95518,36.55723,1
4.47266,36.87138,1
6.74402,36.9488,1
6.20723,36.59489,1
5.97969,36.59901,1
5.9484,36.59603,1
5.26807,36.5534,1
5.27139,36.5578,1
5.26693,36.55734,1
5.68216,36.7063,1
6.75142,36.83382,1
4.30476,36.87276,1
5.00379,36.77668,1
4.99777,36.77604,1
5.00188,36.7792,1
5.00324,36.78063,1
4.99594,36.77861,1
2.81082,36.58563,1
5.63467,36.19465,1
7.42489,36.50715,1
6.46984,32.13776,1
6.97742,32.35482,1
6.97674,32.35788,1
6.9816,32.3605,1
6.4691,32.13447,1
4.99754,31.94279,1
5.00161,31.94218,1
7.02532,30.47199,1
5.65788,31.20443,1
6.78388,31.18822,1
6.78795,31.18753,1
6.78869,31.19084,1
6.05314,31.35948,1
7.5113,28.47903,1
7.86,27.9236,1
0.46205,27.7979,1
8.9232,28.76423,1
9.68056,28.6114,1
7.86131,27.92233,1
9.72726,28.04455,1
6.78841,31.18673,1
6.67082,30.17612,1
7.02555,30.47107,1
6.46943,32.13508,1
5.00081,31.94024,1
6.44422,32.15539,1
6.74216,29.67054,1
4.74333,32.17233,1
6.97699,32.35611,1
6.64426,36.8214,1
6.29472,36.84596,1
6.97717,32.35534,1
6.98268,32.3583,1
6.9778,32.35894,1
4.74112,32.17452,1
5.00124,31.94239,1
6.053,31.35917,1
6.78732,31.18753,1
7.02533,30.47462,1
7.02469,30.4711,1
6.47125,32.13643,1
7.8605,27.92225,1
0.45971,27.8019,1
7.86085,27.92021,1
3.74511,36.18373,1
5.47915,36.33093,1
7.86066,27.9227,1
3.32498,33.18111,1
3.32889,33.18209,1
5.75535,35.35413,1
5.75967,30.98283,1
6.78408,31.19259,1
5.92406,31.77693,1
4.99838,31.94064,1
4.99646,31.94158,1
6.46817,32.13683,1
6.97971,32.35821,1
6.97415,32.3585,1
6.9802,32.36438,1
7.0197,30.47618,1
7.02491,30.47587,1
7.85723,27.92177,1
7.85655,27.92514,1
6.7853,31.18707,1
6.0505,31.35715,1
6.98158,32.35794,1
3.32158,33.18429,1
3.327,33.18305,1
3.32458,33.18246,1
6.46777,32.13905,1
6.47197,32.13797,1
6.46585,32.13366,1
6.47007,32.13258,1
8.3604,31.29073,1
5.92916,31.77419,1
5.92588,31.7733,1
5.92982,31.77232,1
4.99602,31.94086,1
4.99954,31.94,1
7.02407,30.47231,1
0.462,27.80059,1
2.48058,27.08728,1
9.00776,28.76743,1
7.86205,27.91985,1
7.69665,30.20616,1
7.69202,30.20497,1
3.20148,32.70912,1
3.19532,32.70787,1
2.611,26.87716,1
7.02999,30.46991,1
7.02493,30.46961,1
8.82993,27.41084,1
9.14828,27.75543,1
3.32182,33.18524,1
-0.74016,35.21134,1
9.4938,28.12995,1
6.0519,31.3592,1
6.78445,31.1895,1
5.65752,31.20375,1
7.02142,30.47123,1
7.02667,30.47008,1
1.89757,30.91199,1
4.99716,31.94243,1
0.46247,27.80056,1
2.48251,27.0882,1
7.8593,27.9211,1
7.86459,27.92256,1
2.4869,27.08868,1
3.3237,33.1838,1
4.56631,36.38615,1
2.31416,35.91054,1
6.46817,32.13767,1
6.47248,32.13692,1
6.46736,32.1343,1
4.74401,32.17476,1
6.02929,31.67721,1
6.97651,32.35517,1
6.98181,32.3578,1
5.00092,31.94192,1
7.02517,30.47164,1
6.05076,31.35923,1
6.78662,31.19078,1
6.78578,31.18734,1
5.65659,31.20447,1
7.8606,27.9239,1
2.4851,27.08679,1
2.48573,27.09008,1
7.85969,27.92013,1
9.49636,28.12669,1
5.77618,19.61942,1
6.68491,30.20961,1
2.48506,27.08813,1
7.85995,27.91945,1
6.84788,29.78786,1
6.46966,32.13509,1
4.99935,31.93933,1
3.22761,33.01892,1
6.78683,31.18533,1
8.26784,31.44963,1
-1.20909,34.95646,1
-1.29791,34.9435,1
7.0271,30.4734,1
7.02299,30.47399,1
-0.34761,33.47396,1
3.22537,33.01898,1
6.98266,32.35971,1
6.9777,32.35693,1
6.46886,32.1373,1
5.00067,31.94058,1
6.03145,31.67638,1
5.80581,31.63052,1
6.05229,31.35937,1
6.78874,31.19033,1
6.78809,31.18695,1
6.78386,31.18756,1
2.48214,27.08955,1
8.51509,26.51965,1
8.51576,26.52296,1
0.46045,27.80144,1
7.85905,27.92019,1
7.85971,27.92348,1
9.49351,28.12701,1
9.46064,24.48807,1
6.8465,29.79034,1
7.02642,30.47279,1
6.99217,30.00909,1
2.48822,27.08666,1
8.07985,31.02959,1
6.78897,31.18701,1
4.99988,31.9389,1
6.46971,32.13423,1
4.92146,36.40884,1
2.87478,36.60128,1
-0.20288,35.50283,1
-0.20396,35.50445,1
7.02563,30.47226,1
6.78452,31.188,1
6.78972,31.19175,1
6.78513,31.19223,1
6.05098,31.36212,1
6.03175,31.67994,1
5.92889,31.77412,1
4.9956,31.94236,1
6.46751,32.13553,1
6.98146,32.35839,1
6.97678,32.35889,1
6.97378,32.35819,1
6.98375,32.36152,1
7.86077,27.92386,1
9.49612,28.12722,1
2.48289,27.09246,1
-0.25753,35.77327,1
4.99936,31.94059,1
4.99702,31.93802,1
1.40985,28.58913,1
1.40394,28.59073,1
2.48128,27.08825,1
2.48683,27.08829,1
7.02376,30.47213,1
7.02818,30.47306,1
7.02656,30.47184,1
7.5274,30.18771,1
7.73467,30.06467,1
6.84834,29.78748,1
6.78998,31.18914,1
6.78552,31.18822,1
7.02754,32.06675,1
6.46908,32.13656,1
6.98294,32.3583,1
5.00128,31.94097,1
8.54329,36.80442,1
6.43092,36.9475,1
-0.5212,28.21518,1
1.4109,28.58953,1
3.17437,32.55381,1
6.94368,35.32933,1
6.98044,32.35997,1
3.30963,33.13372,1
6.97596,32.36026,1
6.4689,32.13553,1
6.4641,32.13581,1
4.99507,31.9453,1
6.20377,31.84794,1
6.05026,31.80337,1
5.9592,31.70014,1
6.02822,31.67807,1
5.82692,31.62113,1
6.05079,31.36149,1
6.78647,31.19158,1
6.78204,31.19187,1
7.8583,27.92596,1
6.48533,29.26986,1
7.02047,30.47612,1
7.02463,30.47581,1
2.48376,27.0908,1
2.47814,27.09171,1
2.48546,27.09131,1
2.47644,27.09115,1
-1.62101,34.91662,1
6.97889,32.36008,1
6.97104,32.35566,1
6.97651,32.35416,1
6.46691,32.13331,1
6.46911,32.13914,1
5.08655,35.82071,1
7.85478,27.92252,1
7.01924,30.47321,1
7.02347,30.47308,1
6.05145,31.36182,1
6.78924,31.18864,1
6.78359,31.19018,1
5.82689,31.61882,1
4.99811,31.9418,1
6.02892,31.67578,1
7.02531,30.47155,1
6.20441,31.84466,1
7.86258,27.92303,1
0.46263,27.79915,1
6.47307,32.13359,1
5.79549,31.72134,1
7.02506,30.46951,1
7.02917,30.47053,1
7.14378,30.36461,1
6.84898,29.79156,1
3.17517,32.91895,1
5.77309,36.24802,1
2.07146,27.32623,1
7.14464,30.36086,1
2.92402,30.5222,1
2.92453,30.51703,1
6.98228,32.35915,1
6.98248,32.35253,1
6.47519,32.13551,1
5.79613,31.72057,1
6.00335,31.70748,1
6.20368,31.56874,1
6.05924,31.33589,1
6.78642,31.18496,1
6.79269,31.18525,1
8.02762,31.06125,1
6.97584,32.36405,1
6.9806,32.36248,1
8.07752,30.26027,1
8.07442,30.25558,1
7.02528,30.47797,1
7.01717,30.47827,1
7.02481,30.47371,1
7.01673,30.47397,1
6.70361,29.70598,1
6.70342,29.70768,1
7.52769,28.63718,1
7.64717,28.5766,1
7.25158,28.60059,1
7.52842,28.63726,1
7.79741,30.22513,1
7.50302,28.4789,1
4.99713,31.94114,1
7.02211,30.47387,1
7.02535,30.4731,1
6.05074,31.35753,1
6.78493,31.18834,1
6.20626,31.84197,1
6.46719,32.13783,1
6.9822,32.36031,1
6.9747,32.35706,1
0.46382,27.79825,1
7.86007,27.92282,1
7.85873,27.92291,1
9.14079,28.91275,1
7.62034,28.64152,1
7.7398,30.08467,1
7.73932,30.0854,1
7.14578,30.3597,1
6.78709,31.18738,1
9.14185,28.91424,1
6.47419,32.13514,1
6.98483,32.35887,1
6.47425,32.13439,1
2.07216,27.32752,1
9.13544,28.91526,1
5.79125,31.7126,1
5.00134,31.93766,1
6.47061,32.13421,1
6.46866,32.13647,1
6.45599,32.19467,1
6.97951,32.35287,1
6.98598,32.35848,1
6.98251,32.3582,1
7.14534,30.36101,1
7.02794,30.47237,1
7.02622,30.47304,1
6.79247,31.18562,1
6.78602,31.18508,1
4.08916,36.59569,1
6.98195,32.35824,1
6.97587,32.35558,1
3.41358,32.88007,1
6.46777,32.13746,1
6.47263,32.13654,1
0.52373,32.86838,1
4.99968,31.9412,1
5.93073,31.77252,1
6.78656,31.19057,1
6.05393,31.35886,1
7.02296,30.47363,1
6.7856,31.1869,1
9.13304,28.91716,1
7.86109,27.92143,1
9.13792,28.91611,1
0.46379,27.79878,1
6.48845,29.45662,1
9.25073,28.2481,1
8.26773,31.44936,1
5.0016,31.93895,1
6.47343,32.13567,1
6.47116,32.13309,1
6.98382,32.35703,1
7.73496,30.07731,1
7.76583,30.23966,1
7.76414,30.24025,1
7.02865,30.47124,1
7.0251,30.47144,1
6.78585,31.18834,1
6.0675,31.55452,1
6.05119,31.35906,1
6.96613,36.88305,1
4.56712,36.76893,1
5.02872,36.45522,1
5.49827,36.07041,1
6.98195,32.35973,1
6.9772,32.35706,1
6.46836,32.13511,1
6.05046,31.36112,1
4.99878,31.94116,1
5.00084,31.94125,1
7.02303,30.47101,1
7.02372,30.4743,1
8.26147,30.61003,1
8.26221,30.61334,1
6.78949,31.1883,1
6.7855,31.18892,1
9.25019,28.25011,1
2.5128,27.18192,1
0.46353,27.80115,1
9.25192,28.25026,1
2.04953,27.28926,1
9.18153,27.75591,1
6.48876,29.45693,1
8.36386,31.08073,1
6.78737,31.18589,1
9.1543,31.6203,1
6.05048,31.34903,1
6.05334,31.35946,1
6.99058,32.1353,1
6.4699,32.13388,1
5.00017,31.94165,1
4.76967,36.03644,1
5.1992,36.50336,1
5.19994,36.50008,1
4.06829,36.87158,1
-0.86551,35.55917,1
4.43867,36.79538,1
4.99684,31.94047,1
6.98206,32.36202,1
6.98144,32.35814,1
6.97568,32.35878,1
6.97506,32.35804,1
6.46807,32.13716,1
9.24921,28.25309,1
7.02222,30.47498,1
7.02756,30.47433,1
8.26389,30.61293,1
8.25919,30.61354,1
6.78704,31.18855,1
6.78818,31.18954,1
6.05338,31.36113,1
2.50832,27.18344,1
7.86151,27.9235,1
7.85889,27.92399,1
0.45887,27.79876,1
2.04917,27.29162,1
9.25194,28.25061,1
6.97866,32.35663,1
6.9839,32.35762,1
4.999,31.9405,1
6.47185,32.13404,1
5.94113,31.81405,1
5.83011,31.48308,1
6.7897,31.18701,1
5.76199,30.97469,1
8.07932,31.02883,1
8.53289,31.08098,1
8.09995,30.71948,1
8.09744,30.72219,1
7.02549,30.47178,1
6.40767,30.24147,1
7.69754,36.79238,1
6.47045,32.13792,1
6.4666,32.13821,1
6.98142,32.35907,1
4.99758,31.9437,1
6.78436,31.1884,1
6.78791,31.18812,1
7.02294,30.47327,1
7.02628,30.47299,1
9.13695,28.91749,1
9.20342,27.75305,1
9.20539,27.7522,1
2.50739,27.18123,1
7.30695,36.75873,1
4.99846,31.94084,1
6.46654,32.13752,1
6.46831,32.13684,1
7.0205,30.47453,1
6.78755,31.18779,1
6.78063,31.1898,1
0.46312,27.80008,1
6.78679,31.18933,1
6.79012,31.19012,1
8.64506,31.23896,1
8.00889,31.11298,1
8.36209,31.08012,1
7.91024,30.38979,1
3.63622,32.66412,1
5.00335,31.93871,1
6.04719,31.36095,1
6.05081,31.36182,1
5.86036,31.4983,1
6.18462,31.70435,1
5.00249,31.94287,1
2.05117,27.28929,1
6.98266,32.36338,1
6.98155,32.36023,1
6.78182,31.18695,1
5.98774,31.65263,1
7.02201,30.47705,1
7.02326,30.47522,1
8.25644,30.61157,1
8.26178,30.61126,1
8.2611,30.61054,1
8.2617,30.61673,1
5.7551,30.98285,1
6.78009,31.19108,1
6.78696,31.19078,1
6.78228,31.19368,1
6.04943,31.36017,1
6.04951,31.35885,1
5.97532,31.41064,1
5.96749,31.41092,1
6.46348,32.13976,1
6.47094,32.13951,1
6.46318,32.13933,1
6.47062,32.13905,1
7.46405,28.56508,1
7.51529,28.56477,1
8.83399,27.41392,1
7.85808,27.9231,1
7.86003,27.92233,1
7.85477,27.92265,1
6.4683,32.13577,1
7.02473,30.47365,1
8.25752,30.60934,1
8.26424,30.61375,1
8.25951,30.61498,1
6.05135,31.36046,1
6.78245,31.18741,1
6.7862,31.18648,1
4.99835,31.94158,1
6.19274,31.69634,1
6.06897,31.78375,1
6.98162,32.35889,1
7.61039,28.63606,1
7.85911,27.92063,1
0.46171,27.79801,1
0.46342,27.79727,1
9.51728,29.01116,1
7.26669,28.59787,1
8.08385,30.73514,1
5.00463,31.94033,1
4.99195,32.21916,1
7.02902,30.46837,1
7.02496,30.46807,1
6.79085,31.18468,1
6.78681,31.18438,1
6.79044,31.18629,1
6.78641,31.18601,1
8.03351,31.35253,1
8.03635,31.35211,1
5.99604,31.72724,1
5.78958,31.71135,1
5.00308,31.94145,1
6.97828,32.35322,1
6.98221,32.35908,1
6.64672,32.59695,1
6.46991,32.13517,1
6.98184,32.3604,1
7.86056,27.92284,1
7.02473,30.46976,1
7.02415,30.47213,1
8.25948,30.60955,1
8.26078,30.61391,1
6.78922,31.18733,1
6.78514,31.18818,1
6.04942,31.35916,1
4.99983,31.93986,1
6.19226,31.69692,1
0.46381,27.79872,1
7.86307,27.92078,1
0.4631,27.79734,1
6.46931,32.1328,1
5.95338,31.55937,1
6.78994,31.18967,1
6.7863,31.18514,1
8.35169,31.31498,1
8.36017,31.28854,1
8.36252,31.28631,1
8.647,31.23531,1
7.02578,30.47256,1
6.65488,30.17683,1
6.9828,32.35839,1
6.97883,32.35376,1
0.47399,35.7388,1
-0.34583,33.47398,1
4.99874,31.9408,1
6.47111,32.13527,1
6.98261,32.35818,1
9.13647,28.91568,1
7.0257,30.47214,1
8.26172,30.61186,1
6.78928,31.18865,1
6.7852,31.18933,1
6.05294,31.36081,1
5.82932,31.61812,1
6.04406,31.69638,1
0.46376,27.79842,1
5.19269,22.95729,1
2.04521,27.32189,1
9.10176,28.41483,1
9.1009,28.41362,1
6.78657,31.18796,1
6.2026,31.57197,1
7.15054,28.77787,1
4.9991,31.94147,1
6.64631,32.59586,1
4.74103,36.4124,1
0.80034,35.92949,1
6.24782,36.74946,1
6.0474,31.36806,1
6.78255,31.19298,1
6.78808,31.19267,1
8.26159,30.61288,1
8.25903,30.61555,1
8.26338,30.61524,1
7.02449,30.47719,1
7.02457,30.47562,1
6.23116,31.69956,1
6.98124,32.3643,1
6.97324,32.359,1
6.97878,32.3587,1
6.4688,32.13792,1
4.99619,31.9447,1
4.99796,31.94357,1
6.23137,31.69779,1
5.98746,31.65188,1
6.0429,31.36942,1
6.04854,31.36271,1
5.96974,31.4109,1
6.04128,31.36837,1
6.04694,31.36163,1
7.85844,27.92494,1
7.46403,28.56548,1
2.74834,36.47523,1
6.23335,31.69269,1
6.46968,32.13528,1
6.97654,32.35645,1
6.9831,32.36077,1
6.9732,32.3539,1
6.97974,32.3582,1
6.97526,32.35938,1
6.64614,32.59885,1
5.95631,31.70455,1
4.99755,31.94118,1
6.78664,31.19138,1
6.78467,31.18577,1
6.78768,31.19007,1
6.78568,31.18447,1
6.04956,31.35982,1
8.26147,30.61013,1
7.02592,30.4739,1
7.02098,30.47521,1
7.02156,30.47107,1
7.02648,30.4698,1
9.35114,28.44253,1
6.98151,32.35857,1
7.0284,30.47429,1
7.02829,30.47073,1
6.7864,31.18967,1
6.04869,31.3505,1
6.18278,31.56295,1
5.00159,31.94243,1
6.97828,32.35855,1
6.98289,32.35977,1
6.97688,32.35738,1
6.98614,32.35976,1
5.80695,31.73593,1
8.64728,31.23523,1
7.02837,30.46783,1
7.02489,30.47101,1
7.02996,30.47133,1
7.50404,28.61222,1
6.78854,31.18844,1
6.78728,31.18517,1
6.79232,31.18549,1
6.05486,31.35537,1
6.18653,31.56201,1
5.92393,31.42407,1
5.92599,31.42732,1
9.86739,27.67629,1
2.25469,35.40852,1
6.7866,31.18706,1
6.78789,31.19139,1
6.05273,31.36016,1
6.64779,32.59723,1
6.97772,32.35611,1
6.4694,32.13608,1
4.99662,31.94023,1
9.76907,28.27022,1
9.76824,28.26918,1
7.02569,30.47094,1
8.25898,30.61181,1
8.25837,30.61022,1
0.46184,27.80028,1
6.33416,36.67313,1
5.71615,36.42075,1
8.26387,30.60901,1
7.02841,30.47003,1
7.02544,30.47144,1
3.14589,32.94306,1
6.97936,32.35322,1
6.47127,32.13606,1
5.46441,32.00916,1
5.00048,31.93918,1
6.14989,31.82115,1
6.18303,31.6998,1
6.81597,31.53681,1
6.05247,31.35788,1
5.87524,31.16949,1
6.78699,31.18711,1
6.79219,31.18758,1
6.78882,31.18934,1
6.78936,31.18486,1
3.81348,36.54803,1
0.29503,35.28073,1
5.15325,36.55531,1
2.88447,36.47778,1
2.88642,36.47662,1
6.19556,31.68938,1
5.00005,31.93896,1
5.00079,31.94225,1
3.24531,32.9278,1
7.0245,30.47239,1
7.02724,30.47182,1
7.02266,30.47267,1
6.78746,31.18843,1
8.26025,30.61267,1
6.05097,31.35822,1
6.97786,32.3565,1
6.46872,32.13645,1
7.02426,30.47292,1
7.02487,30.46943,1
6.41018,30.24133,1
6.05493,31.35987,1
6.0482,31.3485,1
6.78591,31.18807,1
6.79042,31.18866,1
6.47576,30.47707,1
6.47637,30.47365,1
3.18872,32.73842,1
4.20824,32.39947,1
5.28398,32.14256,1
6.97816,32.35378,1
6.44124,32.19608,1
5.0009,31.94072,1
7.15096,32.18109,1
6.03694,31.89544,1
5.15306,36.55386,1
5.15542,36.55556,1
1.57917,36.00485,1
8.03182,36.84272,1
4.93691,36.47406,1
0.3017,35.53842,1
0.30004,35.52755,1
4.45683,36.68664,1
5.46872,36.55151,1
6.0511,31.36138,1
6.04919,31.35101,1
6.04855,31.34755,1
6.7854,31.18924,1
6.78963,31.18863,1
8.26124,30.61267,1
5.00183,31.94165,1
6.47136,32.13546,1
6.79871,32.15688,1
6.97522,32.35595,1
6.64669,32.59766,1
7.02726,30.47193,1
7.02316,30.47253,1
0.46122,27.79849,1
6.05176,31.35684,1
5.82811,31.73542,1
6.03381,33.53244,1
5.53788,36.64084,1
6.98123,32.36356,1
4.9972,31.94222,1
4.99731,31.94579,1
6.46746,32.13672,1
6.97813,32.36047,1
6.05015,31.36149,1
6.9826,32.36017,1
6.98069,32.35792,1
6.64449,32.59859,1
6.78827,31.19172,1
6.78385,31.19202,1
6.98014,32.35632,1
7.02632,30.46919,1
7.02028,30.47084,1
4.99809,31.94239,1
6.4665,32.13611,1
6.98306,32.35573,1
6.97756,32.35723,1
6.98247,32.36225,1
6.97466,32.35785,1
7.01833,30.47233,1
7.02441,30.47062,1
6.78866,31.18602,1
6.78299,31.18755,1
6.78316,31.18496,1
6.78542,31.19102,1
-2.82756,24.45786,1
6.016,31.57306,1
5.7991,31.54755,1
5.79451,31.54637,1
5.7927,31.55199,1
5.79728,31.55317,1
6.98041,32.3648,1
9.05026,28.46906,1
7.68029,28.65504,1
7.68218,28.65577,1
7.02003,30.47803,1
7.01947,30.47389,1
6.78819,31.18681,1
4.99965,31.93889,1
4.99725,31.9422,1
6.9787,32.35971,1
6.98467,32.35833,1
6.46806,32.13503,1
7.02394,30.47414,1
0.46029,27.79813,1
9.11698,28.52488,1
7.86424,27.91864,1
7.86086,27.91834,1
-0.52076,27.0597,1
0.46314,27.79933,1
6.05514,31.35922,1
6.13366,31.63227,1
5.0,31.93878,1
6.18699,31.69954,1
6.78752,31.18424,1
2.75457,36.45805,1
6.64524,32.59816,1
6.98365,32.35921,1
6.97758,32.35657,1
6.46946,32.13566,1
5.00054,31.94166,1
6.19628,31.69003,1
6.78771,31.1876,1
6.04978,31.35838,1
7.02632,30.47317,1
9.13434,28.91548,1
9.13664,28.91516,1
7.86104,27.92223,1
0.46359,27.80052,1
0.46297,27.79721,1
6.47268,32.13366,1
6.97963,32.35386,1
6.07125,31.84821,1
6.06468,31.88824,1
6.05389,31.61942,1
6.05723,31.61921,1
6.05015,31.36187,1
6.05075,31.35825,1
6.78955,31.18646,1
7.02666,30.47214,1
8.26327,30.61077,1
6.98464,32.35833,1
5.91799,33.96935,1
5.92037,33.96753,1
6.37805,36.15214,1
6.4688,32.1365,1
6.98133,32.35809,1
6.98203,32.36138,1
6.64737,32.59923,1
7.8599,27.92311,1
7.02681,30.4717,1
7.02285,30.47233,1
4.99795,31.94289,1
6.05168,31.35954,1
6.78952,31.18967,1
6.78484,31.187,1
8.26107,30.61132,1
0.46084,27.80113,1
8.5151,26.51806,1
7.86154,27.92051,1
6.98489,32.36021,1
6.97748,32.3557,1
6.98558,32.35692,1
5.00139,31.94137,1
6.47256,32.13555,1
6.14667,31.81878,1
5.82716,31.73728,1
6.05501,31.62019,1
6.0522,31.3572,1
5.96713,31.16296,1
6.78622,31.18706,1
6.79022,31.18768,1
6.78374,31.15954,1
7.00562,30.6358,1
6.46533,35.05682,1
6.69604,32.58516,1
4.59533,36.50841,1
5.71379,36.41732,1
7.0513,36.8796,1
2.81337,36.49327,1
6.46963,32.13642,1
6.97585,32.35773,1
6.98222,32.36096,1
6.78763,31.18864,1
7.00087,30.63735,1
7.86202,27.9209,1
7.85754,27.92149,1
9.37922,28.11213,1
3.16115,32.55381,1
7.77475,27.91007,1
9.1835,27.73424,1
6.78782,31.18788,1
6.80136,31.20248,1
6.05575,31.62205,1
9.13626,28.91433,1
7.00306,30.63426,1
7.00541,30.63717,1
6.47136,32.13548,1
7.68451,28.65478,1
9.13756,28.91584,1
4.9988,31.94134,1
7.54162,28.41588,1
7.54235,28.41664,1
9.37908,28.11071,1
0.45755,27.80249,1
0.29767,28.12046,1
9.17298,27.72578,1
0.46121,27.79677,1
7.73582,30.06387,1
7.86295,27.92029,1
7.85967,27.91953,1
7.77359,27.91029,1
8.24197,30.54226,1
8.29115,31.041,1
8.83817,27.41451,1
9.37553,28.11188,1
9.37505,28.11227,1
0.46168,27.7979,1
6.05186,31.92213,1
5.87767,31.64489,1
6.71156,32.53756,1
6.7158,32.53784,1
6.98154,32.35525,1
6.98587,32.35553,1
6.9772,32.35497,1
6.47067,32.13657,1
6.46884,32.13623,1
4.99908,31.9387,1
5.00002,31.94229,1
6.04901,31.3609,1
6.05461,31.35977,1
6.78699,31.18887,1
6.78444,31.18841,1
6.78853,31.18758,1
7.00184,30.63509,1
7.02362,30.47066,1
9.3775,28.11116,1
0.46272,27.79898,1
7.90602,27.89841,1
7.00482,30.63306,1
0.33706,28.10777,1
6.7895,31.18787,1
6.25301,36.75202,1
7.66921,36.77705,1
7.71067,36.80101,1
2.96326,30.44744,1
7.00134,30.63746,1
8.26061,30.61251,1
6.7845,31.18937,1
6.78858,31.18869,1
6.05228,31.36078,1
4.99831,31.94085,1
6.46985,32.13538,1
6.98134,32.3584,1
6.64788,32.59766,1
9.37879,28.11118,1
9.18185,27.72565,1
9.1801,27.72596,1
7.86058,27.92099,1
4.81018,23.52319,1
9.49147,28.15119,1
9.37912,28.11123,1
7.86004,27.92074,1
8.9744,28.1552,1
9.13748,28.91214,1
7.97744,30.1475,1
7.00321,30.63677,1
6.78851,31.1855,1
6.78787,31.18883,1
6.05463,31.35742,1
5.80578,31.73498,1
6.1709,31.82961,1
6.47018,32.13416,1
5.00137,31.93938,1
6.47141,32.13723,1
6.98538,32.35828,1
6.98053,32.35891,1
6.9831,32.36032,1
6.64675,32.5993,1
6.05276,31.35996,1
8.08072,31.02858,1
6.78706,31.1898,1
6.79096,31.19093,1
6.78557,31.18799,1
6.79033,31.18736,1
7.00344,30.63616,1
9.3776,28.10995,1
9.13819,28.91579,1
9.13428,28.91639,1
9.77171,28.27231,1
0.46153,27.7987,1
0.46185,27.80217,1
9.18426,27.67689,1
7.86012,27.92104,1
9.1814,27.7288,1
7.73146,30.06383,1
9.18116,27.72797,1
8.43772,31.13617,1
9.38121,28.10966,1
9.50223,28.17113,1
7.90755,27.90059,1
6.20576,31.84244,1
6.05538,31.62181,1
5.82749,31.49894,1
5.83007,31.49713,1
6.9843,32.35991,1
6.98346,32.35833,1
6.46952,32.1358,1
6.05337,31.36027,1
6.78501,31.188,1
6.78971,31.18885,1
3.03329,35.32893,1
1.23704,36.13389,1
7.67061,36.78016,1
6.05275,31.36075,1
6.7883,31.18867,1
6.78263,31.18917,1
7.00299,30.63637,1
4.9987,31.94387,1
6.47072,32.13528,1
6.05189,31.35863,1
9.37773,28.11206,1
9.37873,28.10999,1
0.45754,27.80319,1
7.86135,27.91914,1
7.86197,27.92333,1
7.85768,27.92381,1
6.47041,32.13542,1
6.46472,32.13932,1
6.47236,32.13704,1
4.9973,31.93858,1
-0.25192,35.76586,1
6.05465,31.36187,1
6.05292,31.36038,1
0.4631,27.79911,1
0.4617,27.80132,1
9.16048,27.72968,1
7.90602,27.89926,1
6.05626,31.62265,1
6.0516,31.36073,1
6.78858,31.18576,1
8.33709,31.37398,1
8.28809,31.04714,1
7.00537,30.63396,1
6.47071,32.13318,1
7.08001,32.23514,1
3.05277,35.33597,1
3.38421,35.78942,1
7.30627,36.76706,1
6.61973,36.43576,1
6.46705,32.13443,1
6.46751,32.14076,1
6.97771,32.36123,1
6.98328,32.36092,1
6.97954,32.36067,1
6.64508,32.60056,1
8.26094,30.61421,1
8.26194,30.61095,1
7.00078,30.6403,1
7.02263,30.47337,1
7.02551,30.47167,1
6.04643,31.35938,1
6.04543,31.36475,1
6.05152,31.36444,1
6.78641,31.18903,1
7.86054,27.92393,1
7.85635,27.92425,1
9.37712,28.11052,1
9.37272,28.13167,1
9.26861,28.65491,1
7.68245,28.65601,1
9.13783,28.45362,1
6.98041,32.3573,1
6.97592,32.35849,1
6.47031,32.13411,1
6.46607,32.13518,1
6.97715,32.35555,1
6.97923,32.36103,1
6.98371,32.35988,1
7.86334,27.92321,1
7.02244,30.47063,1
7.02423,30.47416,1
6.99803,30.63583,1
7.00287,30.63455,1
6.05023,31.35858,1
6.78384,31.19052,1
6.78846,31.18933,1
7.85697,27.9249,1
7.86346,27.92202,1
7.85711,27.92375,1
9.37783,28.11244,1
6.04975,31.35879,1
6.04744,31.36524,1
6.78538,31.18506,1
4.99801,31.93919,1
6.78736,31.19067,1
0.46397,27.80003,1
0.46054,27.7985,1
7.86048,27.92347,1
7.86081,27.9224,1
7.9055,27.90171,1
8.36218,31.08199,1
8.03324,31.34915,1
8.03744,31.35022,1
6.78806,31.18944,1
6.2117,31.75601,1
6.46534,35.06173,1
6.46931,35.06278,1
-7.97141,27.75128,1
7.90792,27.90233,1
7.65599,28.57152,1
6.10285,31.78997,1
6.05516,31.61716,1
6.46817,35.05972,1
6.4695,35.05787,1
9.37741,28.11335,1
9.37855,28.11142,1
1.129,36.48316,1
1.12477,36.48384,1
6.9812,32.36075,1
6.97498,32.35755,1
6.47131,32.13552,1
5.00043,31.94004,1
4.99902,31.94065,1
6.05015,31.36021,1
6.78897,31.18793,1
6.784,31.18901,1
7.02308,30.47415,1
9.26884,28.65257,1
6.64598,32.59671,1
6.64397,32.5979,1
9.3741,28.12849,1
9.37719,28.11043,1
9.37911,28.10905,1
0.46317,27.7989,1
7.90465,27.89888,1
9.49609,28.12776,1
0.63262,29.8416,1
6.78701,31.18759,1
6.7922,31.18809,1
6.05237,31.35854,1
6.64682,32.59649,1
6.98179,32.36045,1
6.47161,32.13606,1
4.99865,31.9408,1
9.37802,28.111,1
9.37381,28.12908,1
9.26821,28.65404,1
9.26898,28.65387,1
0.46071,27.79927,1
5.74211,19.60323,1
9.37952,28.10885,1
6.78808,31.18659,1
7.02694,30.47168,1
5.0017,31.94245,1
6.47042,32.13468,1
6.47107,32.13811,1
6.98229,32.36036,1
6.64856,32.59915,1
8.26328,30.61132,1
6.78671,31.1877,1
6.78736,31.19108,1
6.05223,31.35923,1
9.2674,28.6537,1
9.37384,28.12675,1
9.379,28.11208,1
0.46249,27.80039,1
7.02532,30.47447,1
7.02467,30.47113,1
0.46044,27.80229,1
7.77268,27.91183,1
6.78831,31.1859,1
6.05127,31.35963,1
6.47336,32.13397,1
7.02565,30.47156,1
8.07944,31.02798,1
7.70651,36.78663,1
6.259,36.74913,1
6.78476,31.18826,1
6.78936,31.1878,1
6.7868,31.18838,1
6.98003,32.3584,1
6.97535,32.35887,1
6.46975,32.13648,1
6.0508,31.3623,1
6.04899,31.35918,1
6.05408,31.35867,1
6.78997,31.19204,1
9.37792,28.11187,1
7.02594,30.4725,1
9.26897,28.6518,1
0.4599,27.80045,1
4.99974,31.94445,1
0.46022,27.79677,1
9.26797,28.65124,1
9.52545,28.37154,1
7.77242,27.9098,1
9.38247,28.10888,1
9.37938,28.10995,1
8.39577,26.00322,1
6.79009,31.18748,1
6.0834,31.34749,1
6.98186,32.35742,1
6.98601,32.35828,1
6.98514,32.35777,1
6.05424,31.35946,1
6.47192,32.13458,1
6.05462,31.62068,1
6.0578,31.61875,1
8.36105,31.08105,1
7.02558,30.46984,1
5.64067,30.91212,1
5.05447,31.85288,1
4.99789,31.94398,1
6.46751,32.13555,1
6.97478,32.35615,1
6.98422,32.36124,1
6.97973,32.36153,1
6.05209,31.36079,1
5.98959,31.6519,1
9.37646,28.11016,1
9.38036,28.11147,1
9.37345,28.12932,1
8.26083,30.61136,1
7.02487,30.47252,1
9.27027,28.65276,1
9.26999,28.65616,1
7.68426,28.65531,1
7.02451,30.47383,1
8.43171,31.14342,1
6.04902,31.35886,1
6.05158,31.36054,1
5.96684,31.40249,1
6.78334,31.18694,1
8.441,31.14616,1
8.4341,31.14813,1
0.46357,27.79792,1
7.77626,27.91048,1
3.24729,32.92544,1
7.53564,28.63149,1
7.54935,28.41029,1
6.97581,32.35546,1
6.97603,32.36274,1
6.98464,32.36249,1
6.98165,32.3638,1
6.97274,32.35674,1
9.37791,28.11263,1
9.26449,28.656,1
5.41286,34.78392,1
6.97665,32.3568,1
6.98415,32.36005,1
6.64434,32.59847,1
-0.16799,35.02346,1
7.02217,30.47382,1
6.78786,31.18753,1
6.05312,31.35668,1
7.02542,30.47306,1
6.05451,31.3612,1
4.99833,31.94061,1
6.46819,32.1374,1
9.26574,28.65581,1
9.26558,28.65072,1
0.46082,27.7978,1
9.38538,28.54519,1
9.38266,28.54422,1
7.97903,30.05592,1
7.97297,30.05424,1
7.9742,30.04951,1
6.79162,31.18963,1
7.86125,27.82373,1
9.38065,28.5443,1
6.97934,32.35348,1
6.98581,32.35908,1
7.978,30.05322,1
6.98234,32.35881,1
7.02941,30.47311,1
7.974,30.05292,1
8.26044,30.61232,1
6.78865,31.18736,1
6.78481,31.1861,1
6.79088,31.18877,1
6.78576,31.18977,1
6.05417,31.35991,1
4.9979,31.9419,1
6.46685,32.13464,1
6.47171,32.13372,1
6.47263,32.13729,1
6.97843,32.35545,1
6.9845,32.35812,1
6.97533,32.35532,1
6.98139,32.35796,1
6.64735,32.59618,1
9.26596,28.65203,1
9.38283,28.54483,1
9.37218,28.12716,1
9.37888,28.11145,1
9.37465,28.12543,1
7.02683,30.47047,1
7.02149,30.47153,1
7.02552,30.47147,1
0.46159,27.80086,1
9.55665,28.71302,1
7.87429,27.86154,1
7.97503,30.05158,1
7.02499,30.47203,1
6.78927,31.18671,1
6.05181,31.35805,1
3.86315,35.61429,1
5.2732,34.74941,1
6.64861,32.59924,1
6.64791,32.59593,1
6.47057,32.13661,1
4.99792,31.93978,1
6.78697,31.18717,1
9.37738,28.11181,1
9.37168,28.12739,1
9.26714,28.65416,1
9.26867,28.65239,1
9.38104,28.54572,1
6.05346,31.35972,1
6.78766,31.19045,1
0.46177,27.80147,1
9.03696,28.86875,1
6.03533,31.57655,1
6.05303,31.35781,1
6.78601,31.18744,1
6.79001,31.18806,1
7.7426,30.32325,1
7.97474,30.05185,1
2.53701,28.50031,1
6.23495,31.72083,1
5.82574,31.78829,1
6.47245,32.13617,1
6.45534,35.05968,1
6.64428,32.6001,1
6.46873,32.13518,1
6.05087,31.36065,1
6.78952,31.19037,1
6.78325,31.18715,1
6.7889,31.1865,1
8.26128,30.61121,1
9.26868,28.65257,1
9.37999,28.54662,1
9.37999,28.11261,1
2.53531,28.49905,1
0.46386,27.79644,1
6.64472,32.60069,1
6.0507,31.3639,1
6.05013,31.35852,1
6.0522,31.36125,1
6.78549,31.19178,1
6.78904,31.19149,1
6.78491,31.18664,1
6.54229,30.41244,1
5.84521,31.50021,1
6.46675,32.13829,1
6.4706,32.138,1
9.26694,28.65446,1
9.37825,28.54838,1
6.46539,32.13682,1
6.47167,32.135,1
6.47143,32.13556,1
6.78312,31.18741,1
6.79001,31.1854,1
6.04952,31.35699,1
6.78854,31.19076,1
6.78595,31.18425,1
6.05209,31.35642,1
0.46024,27.79837,1
8.26384,30.61019,1
8.3619,31.28537,1
8.36368,31.28559,1
6.84834,29.78938,1
9.26888,28.25,1
9.38064,28.54641,1
6.78856,31.18518,1
6.47273,32.1329,1
6.0543,31.35822,1
6.79189,31.18596,1
6.98586,32.35838,1
0.46518,27.79833,1
6.84998,29.78481,1
6.84881,29.79004,1
4.00525,32.39886,1
6.78454,31.1921,1
6.78525,31.18822,1
8.35861,31.28838,1
7.68313,30.18351,1
9.26788,28.65652,1
9.37717,28.54929,1
9.3757,28.11049,1
9.37321,28.12782,1
9.37718,28.11332,1
8.9471,28.71977,1
8.93666,28.70871,1
8.3608,31.28685,1
4.99915,31.94195,1
5.84299,31.49246,1
6.7893,31.1906,1
6.78382,31.18637,1
6.05008,31.35872,1
6.46651,32.13436,1
6.46995,32.13352,1
6.64558,32.59895,1
6.645,32.59738,1
8.35869,31.28855,1
6.5414,30.41016,1
9.37419,28.54856,1
9.38009,28.54695,1
9.37897,28.54628,1
0.45927,27.79758,1
9.1842,27.73306,1
6.5421,30.40895,1
6.78912,31.18722,1
6.05573,31.35697,1
6.05492,31.36073,1
5.85254,31.49277,1
6.54771,22.98608,1
9.38059,28.54811,1
5.91934,31.89178,1
8.36189,31.28816,1
6.79173,31.18468,1
6.7877,31.1844,1
6.05497,31.35707,1
6.07043,31.7817,1
6.07364,31.78722,1
6.06941,31.79216,1
8.29264,31.03829,1
8.26375,30.61049,1
-0.2622,35.62646,1
6.64414,32.59698,1
6.98374,32.36087,1
6.47134,32.13364,1
6.05321,31.35824,1
6.05204,31.36079,1
6.78642,31.18952,1
6.7905,31.18869,1
6.78531,31.18555,1
8.26113,30.61364,1
6.47096,30.47903,1
6.47497,30.47822,1
6.46694,30.47984,1
5.91972,31.89291,1
5.00115,31.94117,1
6.47898,30.47741,1
6.46988,30.47507,1
6.47791,30.47345,1
6.46586,30.47588,1
6.4688,30.47111,1
6.47282,30.4703,1
6.47683,30.46948,1
9.26573,28.65396,1
9.37945,28.54522,1
9.38147,28.54867,1
9.38001,28.54382,1
9.37251,28.12612,1
0.46151,27.79959,1
8.66837,31.24516,1
6.791,31.18609,1
6.7868,31.18564,1
6.05463,31.35941,1
6.84893,29.78899,1
8.26415,30.61109,1
8.26186,30.61054,1
6.4698,32.13332,1
5.25402,34.68085,1
6.09437,33.19572,1
6.64636,32.59677,1
6.6491,32.59826,1
5.33309,36.64012,1
0.43459,35.96243,1
6.6453,32.59726,1
6.47526,30.47548,1
8.26095,30.61226,1
6.79024,31.18779,1
6.78617,31.18847,1
6.05025,31.3603,1
4.99988,31.9396,1
6.98418,32.36064,1
9.3788,28.54644,1
9.26836,28.65372,1
9.37251,28.12854,1
9.37419,28.128,1
0.46241,27.8011,1
0.46043,27.79959,1
0.08735,26.90774,1
0.09241,26.90711,1
0.09044,26.90425,1
9.76599,28.93539,1
6.67052,30.17471,1
5.92788,34.76452,1
6.04715,36.58567,1
4.82068,36.87068,1
4.81661,36.87041,1
5.33268,36.64083,1
-0.26996,35.77235,1
6.64437,32.59927,1
7.22726,32.23872,1
6.47201,32.13722,1
4.99828,31.94152,1
6.05381,31.36029,1
6.7852,31.1896,1
6.78998,31.18899,1
8.26227,30.61286,1
0.46298,27.80082,1
0.46175,27.80224,1
9.26829,28.65264,1
9.37983,28.54349,1
9.21642,28.54851,1
9.29154,28.24743,1
9.37276,28.12932,1
5.99882,22.60681,1
9.75408,28.86678,1
0.46389,27.79631,1
9.39769,28.19557,1
9.21623,28.54657,1
5.83206,31.65595,1
6.47168,32.1342,1
5.00132,31.93911,1
6.7914,31.18714,1
6.78669,31.18628,1
-7.81107,27.45027,1
6.78691,31.18973,1
6.04865,31.36061,1
4.99856,31.94162,1
4.99723,31.94159,1
6.46849,32.13699,1
6.46792,32.13639,1
6.98223,32.36261,1
3.2789,32.90534,1
3.27744,32.90451,1
9.21744,28.54951,1
9.2129,28.55024,1
9.38222,28.54628,1
0.45961,27.80353,1
9.37216,28.12873,1
9.29124,28.24611,1
6.46733,32.13653,1
6.46939,32.13797,1
3.27941,32.90479,1
6.04828,31.36362,1
6.05407,31.36009,1
9.39861,28.19537,1
9.18376,27.73541,1
9.38186,28.54445,1
6.66941,30.17189,1
6.66953,30.17533,1
9.21602,28.54967,1
9.38066,28.54259,1
6.47087,32.13562,1
6.43797,32.16671,1
6.98355,32.35993,1
5.00348,31.93829,1
5.00015,31.93751,1
8.3643,31.08454,1
8.36216,31.08015,1
8.8223,31.43494,1
8.2676,31.44804,1
6.7912,31.18886,1
6.78576,31.18768,1
6.789,31.18804,1
6.05397,31.35708,1
6.81405,31.53967,1
6.1841,31.55239,1
6.18269,31.55701,1
6.52203,34.50237,1
5.21905,31.95574,1
6.7874,31.19344,1
6.78136,31.18757,1
6.78689,31.18725,1
4.99678,31.94356,1
6.46769,32.13616,1
6.46623,32.13984,1
8.26075,30.61514,1
6.04703,31.35897,1
6.78487,31.19255,1
6.78435,31.18637,1
9.37303,28.12951,1
9.29181,28.248,1
9.21665,28.55138,1
9.21304,28.55168,1
9.38179,28.54791,1
9.37826,28.54822,1
9.26814,28.65318,1
3.83492,36.90831,1
3.28174,32.90435,1
6.46974,32.13731,1
6.64502,32.59569,1
6.05263,31.36128,1
6.79063,31.18899,1
6.78604,31.19018,1
4.99919,31.94118,1
6.06357,31.78406,1
9.2156,28.54893,1
9.26863,28.65174,1
0.46185,27.79817,1
9.21714,28.54872,1
9.27126,28.6542,1
9.26888,28.65345,1
6.78774,31.18704,1
6.79279,31.18837,1
8.36143,31.2872,1
6.05592,31.35742,1
6.47341,32.13492,1
6.98755,32.35635,1
7.62094,30.20316,1
5.00125,31.93723,1
6.79089,31.1843,1
8.36096,31.28662,1
4.00526,32.39907,1
6.47343,32.13429,1
5.00194,31.939,1
6.053,31.35507,1
8.8334,27.41525,1
9.21589,28.55358,1
9.26673,28.65521,1
9.02774,28.71464,1
9.05213,28.4716,1
3.28364,32.90232,1
6.46802,32.13786,1
6.47259,32.13687,1
6.46927,32.1337,1
5.0022,31.94105,1
4.99638,31.94223,1
6.64493,32.59919,1
6.98449,32.36077,1
3.33463,33.06904,1
9.21569,28.54998,1
9.37889,28.5445,1
9.26749,28.65335,1
7.79691,30.22096,1
8.26157,30.61197,1
8.26179,30.61015,1
-1.00504,32.4801,1
6.78585,31.18848,1
6.05006,31.35779,1
0.46421,27.7983,1
-0.15691,28.21388,1
-0.15762,28.21055,1
0.46289,27.79881,1
9.27026,28.65121,1
9.26836,28.65209,1
9.27167,28.65239,1
9.21578,28.54577,1
9.38044,28.54396,1
9.3828,28.54051,1
2.51339,27.18044,1
6.84978,29.78922,1
8.26558,30.61033,1
9.26331,28.68633,1
5.17936,31.66672,1
6.79265,31.18623,1
6.78749,31.18572,1
8.26453,31.45009,1
6.78951,31.18849,1
6.05306,31.35904,1
5.97788,33.97311,1
6.86553,33.74327,1
4.00586,32.39919,1
6.47,32.13297,1
4.99951,31.94011,1
-0.24102,35.80457,1
3.28169,32.90333,1
6.78706,31.18568,1
6.98323,32.35975,1
-0.34617,33.47418,1
6.64485,32.59668,1
6.85915,33.26916,1
6.7879,31.18912,1
6.05304,31.35743,1
6.05384,31.36079,1
4.99942,31.94083,1
8.2644,30.61229,1
1.89952,30.91145,1
4.00602,32.39922,1
6.46943,32.13612,1
9.26982,28.65328,1
9.37939,28.546,1
9.38027,28.54228,1
9.21478,28.55013,1
9.37356,28.12842,1
9.07824,27.74924,1
-0.15811,28.2124,1
0.46339,27.80079,1
0.46278,27.79733,1
2.51005,27.18021,1
9.3814,28.10991,1
9.27099,28.65075,1
9.21404,28.54767,1
9.16994,27.73861,1
6.79038,31.18964,1
6.43442,32.18206,1
5.00195,31.94173,1
6.47078,32.13361,1
7.05615,31.53442,1
6.05398,31.35947,1
8.31284,31.37126,1
-0.25906,35.77485,1
6.94165,36.8445,1
6.54445,30.40958,1
6.46959,30.47228,1
6.4787,30.47448,1
6.47023,30.47568,1
6.4751,30.47847,1
6.47087,30.47907,1
8.26048,30.61145,1
6.78551,31.18677,1
6.7904,31.18955,1
6.05351,31.36123,1
4.99862,31.94075,1
6.47163,32.13662,1
7.18736,32.27135,1
6.70542,32.37329,1
6.64512,32.59825,1
0.46209,27.80049,1
0.46026,27.79831,1
9.07658,27.74686,1
9.37473,28.12663,1
9.21513,28.54981,1
2.96452,30.45052,1
9.26907,28.65336,1
9.21469,28.54821,1
9.27048,28.652,1
9.38002,28.11127,1
6.78531,29.91754,1
-0.15791,28.21307,1
6.79029,31.18756,1
6.78609,31.18685,1
6.05242,31.3572,1
7.05653,31.53198,1
3.37681,33.12307,1
6.64744,32.59802,1
6.69349,32.52766,1
5.00159,31.93974,1
6.45605,32.18235,1
6.47033,32.13469,1
5.84408,31.6885,1
8.26315,30.61221,1
6.5117,36.29276,1
2.81177,36.61908,1
-0.58575,35.20779,1
2.9271,36.14429,1
2.18672,35.2663,1
6.05051,31.35998,1
6.05364,31.36096,1
6.78803,31.18934,1
6.47043,32.13825,1
6.0602,31.77233,1
6.06301,31.76934,1
8.26341,30.61168,1
5.00124,31.94287,1
6.64454,32.59795,1
3.23812,32.84175,1
9.07568,27.74848,1
9.08033,27.74786,1
0.46171,27.80218,1
9.26851,28.65553,1
9.26791,28.65193,1
9.3814,28.54363,1
4.99967,31.94065,1
4.99944,31.93802,1
4.00237,32.39919,1
-0.24432,35.80213,1
0.46023,27.79637,1
9.26954,28.6504,1
9.26721,28.65245,1
7.97413,30.05148,1
7.97426,30.05283,1
8.20018,31.11263,1
6.79174,31.18678,1
6.78729,31.18585,1
6.0537,31.35746,1
4.00561,32.39855,1
4.00621,32.39866,1
6.64879,32.59833,1
6.69053,32.52658,1
4.9992,31.93813,1
6.4738,32.13423,1
5.95656,31.52985,1
4.0109,32.40396,1
4.01132,32.39674,1
4.01497,32.39875,1
4.0065,32.39854,1
6.04593,31.36563,1
6.05034,31.35942,1
6.78527,31.19021,1
6.78973,31.18991,1
6.64538,32.60151,1
6.46775,32.13939,1
4.99693,31.94202,1
8.03155,31.35555,1
8.03532,31.35526,1
9.26595,28.65542,1
9.37513,28.13087,1
8.26001,30.61336,1
8.26353,30.61309,1
8.263,30.61104,1
8.2595,30.61133,1
4.9972,31.94047,1
6.47141,32.13633,1
6.46629,32.13772,1
6.04943,31.3601,1
6.78319,31.1876,1
6.78881,31.18606,1
8.26014,30.61154,1
8.25622,30.61102,1
6.04647,31.36727,1
8.26338,30.60899,1
8.03404,31.35316,1
8.03512,31.3506,1
8.03561,31.34815,1
6.02117,35.48483,1
4.93543,36.47992,1
6.57161,36.01392,1
6.33593,36.67252,1
4.93773,36.47688,1
5.06802,36.69995,1
6.78887,31.18359,1
6.7927,31.18404,1
8.02838,31.35585,1
8.55721,31.23806,1
8.55587,31.23438,1
8.03409,31.35603,1
9.26827,28.65583,1
8.25948,30.61049,1
8.25997,30.61724,1
8.25718,30.6131,1
9.26425,28.65322,1
-0.70356,35.52148,1
-0.39518,35.73451,1
6.47211,32.13476,1
6.46653,32.13602,1
5.00121,31.94086,1
4.99885,31.94275,1
4.99759,31.93854,1
5.82768,31.62071,1
5.96078,31.59118,1
8.26178,30.61358,1
6.78379,31.1891,1
6.78986,31.18771,1
6.05364,31.3592,1
6.04955,31.36493,1
6.04529,31.36532,1
0.46334,27.79824,1
9.37097,28.12547,1
8.50967,31.05345,1
6.47252,32.137,1
5.91963,33.59661,1
6.79266,31.19229,1
6.79277,31.19067,1
6.25924,31.7763,1
6.47059,32.13693,1
5.53584,22.73561,1
9.07974,27.74872,1
6.79351,31.1852,1
6.7885,31.18791,1
6.949,30.28697,1
7.80177,30.21906,1
6.78709,31.18468,1
6.47165,32.1347,1
4.99921,31.94139,1
6.05546,31.3559,1
6.04911,31.36012,1
5.1521,34.6036,1
8.17279,35.23016,1
6.87097,35.54945,1
6.47146,32.13445,1
4.99935,31.94112,1
6.04691,31.36346,1
6.05075,31.35903,1
6.78745,31.18877,1
8.26005,30.61143,1
8.26415,30.61058,1
5.8929,34.44143,1
9.07621,27.74932,1
0.4628,27.79729,1
6.73593,29.69039,1
2.05302,27.35107,1
2.0537,27.34775,1
9.07667,27.74823,1
5.63246,30.87188,1
3.2255,32.68309,1
6.70763,32.37357,1
5.12331,32.04598,1
7.08027,32.2364,1
6.47112,32.1341,1
5.00072,31.93969,1
6.04816,31.36455,1
6.05421,31.35796,1
6.78937,31.18727,1
6.94966,30.28592,1
2.75178,36.47163,1
3.13207,36.70758,1
2.65147,36.47307,1
4.998,31.94107,1
6.46981,32.13527,1
6.98317,32.36012,1
6.64766,32.59782,1
6.05203,31.35846,1
6.78731,31.18932,1
6.79131,31.1887,1
9.07559,27.74945,1
9.07994,27.74867,1
0.46388,27.80051,1
-0.30624,27.8383,1
-0.30173,27.8378,1
2.05055,27.34901,1
8.98429,29.1281,1
2.05367,27.34959,1
2.05349,27.35132,1
6.47126,32.13412,1
6.07995,31.90899,1
6.78953,31.18631,1
6.78884,31.18959,1
6.04966,31.36197,1
6.04066,31.58214,1
5.85352,31.62721,1
5.00068,31.94113,1
6.51151,36.29058,1
6.06705,33.12347,1
6.83401,36.57151,1
3.31071,36.73428,1
6.25493,36.73245,1
3.31522,36.73506,1
6.98639,32.36053,1
7.07727,32.23862,1
6.4707,32.13736,1
4.99769,31.94034,1
8.8173,31.43657,1
8.82194,31.43596,1
6.64407,32.59805,1
8.08717,30.25975,1
6.78731,31.18874,1
6.05159,31.35872,1
2.04875,27.35057,1
2.05011,27.35226,1
0.46227,27.80106,1
0.46069,27.80206,1
-0.1615,28.21605,1
9.07845,27.74726,1
6.9857,32.35667,1
5.91417,31.77925,1
6.47111,32.1344,1
6.73801,29.69035,1
6.79078,31.18952,1
6.05162,31.35842,1
6.05054,31.36236,1
5.91495,35.52045,1
6.16848,36.13419,1
7.70762,36.2751,1
6.17076,36.13475,1
3.18031,36.70549,1
-0.92357,35.5529,1
-0.92178,35.55524,1
7.21203,36.74678,1
-0.91998,35.55388,1
6.64477,32.59664,1
3.18024,32.75214,1
6.98433,32.35983,1
6.46923,32.1342,1
6.46979,32.1395,1
6.46921,32.13839,1
6.05312,31.36049,1
6.04916,31.36077,1
6.78794,31.18921,1
6.78437,31.18949,1
9.73024,28.39357,1
4.99741,31.94002,1
6.14015,31.75501,1
0.46029,27.79884,1
0.45833,27.80199,1
6.47208,32.13284,1
6.98202,32.36241,1
6.46785,32.1342,1
6.46582,32.1346,1
4.99861,31.94313,1
6.7851,31.19337,1
6.79195,31.19139,1
6.78255,31.18688,1
6.78941,31.18489,1
6.04896,31.36199,1
6.04973,31.36127,1
0.46156,27.7991,1
0.46173,27.80015,1
9.07863,27.74663,1
6.79275,31.18607,1
7.52218,30.19249,1
6.78939,31.18529,1
7.13187,32.39344,1
6.0441,31.58021,1
5.84666,31.51521,1
5.84739,31.51576,1
6.0489,31.36528,1
6.05423,31.36105,1
5.9687,31.69476,1
5.96909,31.69721,1
6.07056,31.78414,1
6.47476,32.13688,1
6.47598,32.13616,1
6.98589,32.35759,1
6.56526,30.83268,1
6.79344,31.18742,1
6.79263,31.18524,1
6.06147,31.32571,1
6.05328,31.35934,1
6.04663,31.58057,1
6.04486,31.5823,1
6.46782,32.13979,1
6.98329,32.36161,1
6.98222,32.36422,1
6.64292,32.59712,1
6.04228,31.66465,1
5.98673,31.65255,1
6.0372,31.58731,1
8.81476,31.43492,1
8.82009,31.43464,1
6.03918,31.58242,1
8.81984,31.43951,1
5.96645,31.41077,1
6.04922,31.35863,1
6.05163,31.36053,1
6.78294,31.19223,1
6.78991,31.19193,1
5.76041,30.98228,1
6.55383,30.8424,1
7.68341,30.18469,1
5.88874,34.4386,1
2.2894,35.39061,1
6.64704,32.59747,1
-0.59365,34.7615,1
5.00012,31.94236,1
5.00049,31.93969,1
8.8163,31.43732,1
8.8179,31.43596,1
6.47124,32.13342,1
6.46782,32.13424,1
6.4699,32.13789,1
8.17083,31.0066,1
6.78605,31.18812,1
6.78976,31.1872,1
6.04024,31.582,1
6.03805,31.58267,1
6.04136,31.58187,1
6.04964,31.35807,1
6.05299,31.35726,1
6.78591,31.18843,1
6.78964,31.18753,1
6.05219,31.35798,1
6.5417,30.4064,1
9.37347,28.13043,1
9.03237,28.70764,1
0.46128,27.8001,1
9.10775,27.92341,1
9.0782,27.74756,1
7.02249,30.31362,1
7.46859,28.56137,1
9.04076,28.86775,1
6.98771,32.35793,1
6.98671,32.35511,1
6.98438,32.36116,1
6.04992,31.36604,1
6.05838,31.32536,1
6.05904,31.32189,1
6.78969,31.18577,1
6.79129,31.18628,1
5.98254,31.40436,1
6.04822,31.58095,1
6.56964,32.10403,1
9.07976,27.74756,1
9.08194,27.74478,1
8.84273,27.40612,1
6.04261,31.57993,1
6.05882,31.32092,1
6.78765,31.18874,1
6.79165,31.18901,1
2.7507,36.47145,1
3.51204,36.65226,1
6.7501,36.17648,1
5.96156,34.00544,1
5.89243,34.43966,1
6.64471,32.59756,1
6.23119,31.67958,1
6.78486,31.18608,1
6.78993,31.18921,1
6.05404,31.36053,1
6.23302,31.68131,1
4.99908,31.94175,1
6.46782,32.1346,1
6.98481,32.3609,1
0.4612,27.80089,1
9.07901,27.74505,1
9.08039,27.74985,1
9.0743,27.75121,1
9.37432,28.12923,1
9.87258,27.66776,1
9.16618,27.73741,1
9.07843,27.74606,1
7.10397,30.22681,1
7.09996,30.22637,1
9.10695,27.92381,1
6.23162,31.83741,1
8.36233,31.08248,1
6.79022,31.18891,1
6.05937,31.32163,1
6.05187,31.35932,1
5.99792,31.51484,1
6.19999,31.8183,1
4.99931,31.9406,1
6.47317,32.1348,1
5.00118,31.94104,1
6.05102,31.36121,1
6.47035,32.13618,1
3.22448,32.93147,1
6.78412,31.18699,1
6.78813,31.18635,1
6.78885,31.18963,1
6.05033,31.35793,1
-0.16073,28.21196,1
6.54316,30.39773,1
9.37615,28.12932,1
9.16471,27.73796,1
2.09685,27.3438,1
-0.34027,27.81098,1
5.00067,31.93879,1
6.47117,32.13676,1
6.47184,32.13351,1
7.10212,30.22684,1
6.78846,31.18635,1
6.05301,31.36012,1
5.89302,34.43914,1
5.70534,36.11044,1
3.31249,36.73679,1
3.31333,36.73352,1
6.69589,36.44449,1
6.6939,36.44548,1
5.80639,35.06609,1
2.28682,35.39194,1
6.64745,32.59832,1
6.47,32.13749,1
6.46818,32.13645,1
6.05128,31.36091,1
6.79102,31.19003,1
6.78572,31.19068,1
6.7851,31.18692,1
6.54309,30.40084,1
6.54203,30.40088,1
5.00028,31.94196,1
6.23985,31.68158,1
6.23923,31.67769,1
0.29596,28.11847,1
0.46306,27.80261,1
-0.30466,27.83875,1
2.09286,27.34317,1
2.09191,27.34226,1
7.51093,28.4793,1
9.37499,28.12658,1
0.29655,28.12381,1
0.30033,28.1235,1
0.31167,28.12256,1
5.9182,23.78596,1
0.317,28.1169,1
0.31354,28.11661,1
0.32045,28.11472,1
1.88063,27.83935,1
6.05537,31.35954,1
6.7918,31.18885,1
6.78649,31.18783,1
6.98479,32.36018,1
4.99957,31.93902,1
6.47259,32.13391,1
5.81203,31.63373,1
-0.33648,35.8065,1
6.4677,32.13476,1
6.98485,32.35976,1
6.46826,32.14001,1
6.47148,32.13449,1
5.21143,31.9654,1
5.00009,31.94475,1
4.99549,31.94504,1
6.18774,31.69085,1
6.0517,31.36237,1
6.78432,31.18983,1
6.7878,31.18955,1
5.47403,30.81565,1
5.47347,30.81016,1
5.47477,30.81522,1
6.64548,32.59739,1
9.37162,28.12705,1
7.51149,28.48002,1
3.27113,36.62284,1
3.51371,36.6528,1
5.33101,36.64084,1
5.32825,36.64039,1
5.00416,36.78704,1
3.27172,36.62288,1
4.99871,31.93909,1
6.04924,31.3596,1
6.78462,31.18556,1
6.78721,31.1921,1
6.77983,31.18915,1
6.78682,31.18709,1
6.98617,32.35934,1
6.46545,32.13899,1
6.47179,32.13717,1
4.99606,31.94034,1
6.1292,31.75521,1
6.12998,31.75343,1
5.29515,34.72124,1
6.9763,32.36423,1
6.98352,32.36397,1
6.46547,32.13433,1
6.46637,32.13996,1
6.78421,31.18843,1
6.04929,31.36095,1
6.04689,31.36466,1
5.98792,31.65182,1
9.13443,28.91345,1
9.13537,28.91932,1
6.78211,31.18763,1
-0.25103,35.81411,1
-0.70434,35.522,1
8.83989,31.45612,1
6.98273,32.35997,1
6.78699,31.18803,1
6.7834,31.18891,1
6.05038,31.36061,1
6.05362,31.35984,1
-1.93179,31.85217,1
4.99772,31.93857,1
4.99912,31.94309,1
0.46365,27.79769,1
8.66689,31.22991,1
5.92403,36.69563,1
5.926,36.69453,1
6.78988,31.18813,1
7.44616,36.87881,1
6.9898,36.86673,1
2.75639,36.66942,1
5.89249,34.4395,1
6.69096,32.52586,1
6.69197,32.52957,1
6.64487,32.59787,1
3.23479,32.94487,1
6.47264,32.1364,1
6.46737,32.13742,1
4.74282,32.17479,1
4.99874,31.94134,1
6.78916,31.18722,1
6.0496,31.3584,1
6.78355,31.18833,1
0.46426,27.80001,1
9.8256,27.97533,1
6.54381,30.40858,1
6.78719,31.18812,1
5.002,31.94188,1
6.47127,32.13369,1
6.053,31.35833,1
6.04727,31.36141,1
6.04449,31.58063,1
6.24027,31.71091,1
6.07342,31.91503,1
5.13817,31.86875,1
5.64025,30.87283,1
5.64967,30.87825,1
6.98362,32.36117,1
6.46819,32.13792,1
6.47224,32.13731,1
6.46749,32.13463,1
4.99976,31.94284,1
4.9991,31.93946,1
6.47154,32.13401,1
9.26693,28.24993,1
9.26481,28.25123,1
9.26935,28.25041,1
-3.48287,29.55582,1
7.86159,27.92177,1
9.54707,28.48403,1
9.54916,28.47996,1
9.82277,27.97484,1
6.0468,31.3644,1
7.12164,31.96593,1
6.47067,32.13417,1
4.99982,31.93979,1
6.45632,32.18229,1
5.49626,32.12022,1
6.78859,31.18776,1
8.26326,30.61196,1
7.1007,30.22524,1
7.12563,31.96653,1
6.05221,31.35851,1
6.50923,36.29177,1
3.31339,36.73434,1
3.3381,36.69444,1
5.22003,31.9641,1
5.20838,31.96272,1
5.0008,31.94024,1
5.21061,31.96502,1
6.98364,32.36251,1
6.46859,32.13877,1
6.47267,32.13831,1
6.46797,32.13478,1
6.47204,32.13432,1
0.7715,35.81147,1
9.26692,28.25115,1
9.54934,28.48278,1
6.78963,31.18665,1
6.78396,31.1873,1
6.79025,31.19052,1
6.05139,31.36031,1
0.46008,27.79903,1
7.86172,27.92395,1
7.86111,27.92041,1
-0.15984,28.21281,1
-0.34562,33.47475,1
-0.15922,28.20895,1
-0.1598,28.20998,1
6.05009,31.36192,1
6.05528,31.35879,1
6.78846,31.18666,1
6.54251,30.40023,1
8.26241,30.60955,1
7.09985,30.22451,1
1.88111,27.8387,1
6.47317,32.13611,1
5.00344,31.9405,1
4.99886,31.93954,1
5.13353,36.61989,1
-0.15514,28.20885,1
5.99254,31.81009,1
4.99964,31.94511,1
5.21187,31.96683,1
6.46832,32.13801,1
6.98477,32.36072,1
3.24191,32.93546,1
6.04727,31.3677,1
6.05092,31.36188,1
6.78643,31.19145,1
6.79021,31.19116,1
6.53984,30.40043,1
6.54143,30.40184,1
6.71296,29.70527,1
7.86144,27.92438,1
1.39906,28.59288,1
1.40655,28.59253,1
1.40451,28.59105,1
1.40504,28.59804,1
5.64577,35.09335,1
2.75041,36.47446,1
2.75646,36.47301,1
6.46824,32.13879,1
6.78173,31.18894,1
6.78825,31.18711,1
6.78767,31.18505,1
6.78118,31.18692,1
4.99934,31.93925,1
6.05604,31.7949,1
1.40685,28.5925,1
1.41049,28.59164,1
-0.15909,28.21417,1
0.46208,27.79866,1
9.54897,28.48127,1
7.86367,27.91928,1
7.86329,27.91896,1
6.79231,31.18751,1
6.05044,31.36322,1
6.05277,31.36078,1
6.04705,31.36506,1
6.47374,32.13603,1
6.47005,32.13515,1
6.47009,32.13686,1
6.47783,32.14971,1
6.47409,32.1488,1
7.10374,30.22656,1
8.33666,31.37488,1
6.78864,31.18663,1
6.9869,32.35783,1
6.44748,32.18063,1
5.63547,36.19258,1
3.86343,36.66605,1
5.4911,36.61446,1
6.79038,31.18888,1
0.73588,30.79782,1
0.73643,30.79306,1
6.04864,31.35975,1
5.98202,31.4024,1
5.96802,31.69573,1
6.04103,31.89466,1
5.00347,31.93843,1
3.86082,36.66432,1
3.86107,36.6685,1
6.78461,31.19123,1
6.78439,31.18908,1
6.97746,32.36395,1
6.46631,32.13554,1
6.46996,32.14032,1
6.55934,30.84222,1
6.98604,32.36006,1
6.46846,32.13451,1
6.03528,31.8581,1
6.04114,31.85673,1
6.03371,31.85348,1
6.03215,31.84886,1
6.03805,31.84748,1
6.03997,31.8562,1
6.03249,31.85291,1
6.03684,31.84695,1
4.99915,31.93933,1
6.06325,31.67525,1
6.06176,31.67058,1
6.06777,31.66919,1
6.07232,31.66312,1
6.04105,31.66536,1
6.07095,31.65843,1
6.07695,31.65703,1
6.04555,31.6593,1
6.0515,31.65792,1
6.06957,31.65373,1
6.05605,31.65186,1
6.78783,31.18963,1
6.05223,31.36133,1
6.7845,31.19042,1
6.78624,31.18472,1
6.54026,30.39992,1
6.54034,30.4009,1
6.54366,30.40013,1
8.94602,28.71214,1
7.50059,28.61132,1
0.46294,27.79878,1
-0.15989,28.21392,1
6.78986,31.18454,1
6.42711,32.18692,1
6.47205,32.1344,1
6.78844,31.18559,1
7.89738,35.64162,1
6.80342,35.24761,1
6.79744,35.23923,1
6.78614,31.18654,1
4.00568,32.39878,1
6.47065,32.13287,1
4.99986,31.93998,1
5.00237,31.93952,1
5.99369,31.70228,1
5.99444,31.70305,1
6.04809,31.3639,1
6.05484,31.35959,1
6.78957,31.1868,1
8.50881,31.05387,1
8.50689,31.05467,1
6.79563,35.24589,1
6.8056,35.24654,1
6.79987,35.24087,1
6.79642,35.24065,1
6.80334,35.2411,1
6.79293,35.24042,1
6.8021,35.24631,1
6.79886,35.24609,1
-0.00818,35.76959,1
6.7874,31.18589,1
6.78837,31.1896,1
6.05221,31.36081,1
5.00113,31.94093,1
6.47005,32.13362,1
6.47099,32.13723,1
6.98589,32.36004,1
6.54013,30.39812,1
1.90053,30.91088,1
9.56873,28.50093,1
7.86236,27.92196,1
-0.15892,28.21124,1
0.46134,27.80016,1
7.10159,30.22646,1
6.78956,31.1852,1
6.78898,31.1889,1
6.05513,31.35779,1
6.0491,31.36436,1
5.95717,31.52907,1
6.47339,32.13428,1
5.00092,31.93965,1
6.06665,31.89963,1
2.14861,34.49807,1
6.35866,36.23634,1
6.36066,36.23624,1
5.98931,35.63696,1
5.98712,35.63646,1
1.89892,30.91178,1
6.53909,30.4073,1
5.00068,31.93924,1
5.00133,31.94268,1
6.78454,31.18909,1
6.78855,31.18848,1
6.05106,31.35998,1
6.47194,32.13622,1
2.06572,27.41318,1
0.46106,27.80068,1
0.46336,27.79936,1
-0.16063,28.21327,1
9.57083,28.49962,1
7.91334,28.65563,1
1.87915,27.83707,1
6.79002,31.18641,1
6.98526,32.36,1
6.98596,32.35675,1
6.47273,32.13597,1
6.79073,32.14535,1
6.0666,31.9007,1
-0.76182,35.73644,1
0.05892,35.80047,1
3.26663,36.62891,1
5.86888,36.05645,1
7.70558,36.7916,1
6.78563,31.18664,1
6.04102,31.5853,1
5.0013,31.94013,1
4.99615,31.94264,1
5.00141,31.94216,1
6.46974,32.13647,1
6.98282,32.36172,1
6.0537,31.36131,1
6.78624,31.19064,1
6.79029,31.19019,1
9.56905,28.49823,1
9.57019,28.49792,1
0.46069,27.80296,1
1.8976,30.91175,1
2.51325,27.18253,1
2.50821,27.18442,1
-0.5833,35.20234,1
0.46144,27.79819,1
0.46098,27.79921,1
2.51391,27.17958,1
7.46926,28.55725,1
6.53621,30.33718,1
6.05537,31.3577,1
6.78689,31.18574,1
6.79093,31.18656,1
6.53593,30.33861,1
7.97049,31.02559,1
6.04233,31.58005,1
6.0412,31.58413,1
5.84264,31.59063,1
6.47016,32.13461,1
4.99963,31.9381,1
0.46279,27.80011,1
3.15158,36.70874,1
7.45458,36.88,1
6.92993,36.87068,1
5.74586,36.58976,1
-0.15723,28.20987,1
6.6205,36.4353,1
3.24396,32.93566,1
6.98409,32.36015,1
6.78538,31.18597,1
6.79004,31.19115,1
6.78595,31.19144,1
6.05321,31.3625,1
6.04867,31.36279,1
4.99713,31.94293,1
6.46981,32.13449,1
6.47034,32.1401,1
6.46874,32.13825,1
9.56966,28.5008,1
9.49362,28.30387,1
-1.34085,35.31128,1
3.85109,36.90961,1
3.85116,36.91074,1
-0.26247,35.6243,1
-0.25292,35.74749,1
6.78777,31.18897,1
6.04786,31.35998,1
6.05333,31.35848,1
6.05099,31.35967,1
6.4684,32.13438,1
6.46647,32.13585,1
6.472,32.13435,1
4.99658,31.93942,1
5.00083,31.94382,1
4.9988,31.93822,1
0.46298,27.79872,1
-0.27762,27.91504,1
-0.27833,27.91759,1
-0.27283,27.91641,1
7.61138,28.63495,1
8.79832,27.1183,1
6.78685,31.18783,1
6.7908,31.1888,1
6.05159,31.36105,1
6.05544,31.35714,1
6.06174,31.35281,1
5.9175,33.59866,1
4.99972,31.93997,1
6.98596,32.35596,1
6.98423,32.36101,1
5.98243,31.40214,1
6.79113,31.18599,1
6.98847,32.35363,1
6.46888,32.13087,1
6.47532,32.13115,1
-1.534,34.92911,1
9.5671,28.50336,1
9.56988,28.50285,1
7.50321,28.48107,1
9.48747,28.30473,1
9.49284,28.30441,1
9.49038,28.30452,1
8.96498,28.15829,1
9.87805,27.73092,1
5.66672,34.90897,1
6.46955,32.13442,1
0.33119,34.80086,1
-0.25377,35.74693,1
9.10571,27.92426,1
7.51115,28.47899,1
6.0538,31.35938,1
5.00134,31.9417,1
9.49108,28.3047,1
9.5685,28.49921,1
0.46352,27.79671,1
-0.7897,35.45266,1
3.34881,36.67438,1
-1.34159,35.31062,1
6.91785,36.83276,1
5.27839,34.74515,1
5.66699,34.90732,1
0.76894,35.71661,1
5.63486,36.19292,1
4.49593,35.70698,1
0.33116,34.80014,1
8.26389,30.61201,1
8.26332,30.61295,1
6.79112,31.18655,1
6.78603,31.18752,1
6.05321,31.35867,1
4.99939,31.93952,1
6.47074,32.13679,1
5.5108,22.85122,1
8.28891,31.04026,1
6.46922,32.13443,1
4.99983,31.93873,1
6.06527,31.90017,1
6.21655,31.7366,1
6.21891,31.73667,1
6.11034,31.38477,1
6.05516,31.35953,1
8.26653,31.44632,1
8.84125,31.44436,1
6.78669,31.1874,1
6.79187,31.18801,1
6.52635,36.36713,1
5.7135,35.57927,1
2.68839,36.27035,1
2.68906,36.27433,1
2.69465,36.2716,1
2.68765,36.27231,1
7.36056,35.76725,1
-1.29977,34.89267,1
6.46928,32.13716,1
4.99839,31.94041,1
6.05841,31.32496,1
6.05279,31.35996,1
8.59226,31.11272,1
5.92501,31.69434,1
8.26148,30.61137,1
1.90006,30.91118,1
6.78476,31.18859,1
6.78876,31.18797,1
9.48972,28.30359,1
9.49417,28.30279,1
0.4637,27.80103,1
2.04773,27.36274,1
2.05265,27.36212,1
9.49642,28.16244,1
9.4936,28.30004,1
9.13344,28.75146,1
9.12944,28.75089,1
6.47198,32.13668,1
6.47269,32.13339,1
6.78559,31.18815,1
6.78959,31.18877,1
8.31416,31.37094,1
8.84001,31.44423,1
8.18633,31.11207,1
8.20255,31.11442,1
6.51165,36.29211,1
6.51238,36.28881,1
4.75884,36.05834,1
3.18661,36.71254,1
3.3136,36.73441,1
3.18751,36.70917,1
4.48759,36.84074,1
2.69141,36.27133,1
5.1494,36.6317,1
5.19189,36.54611,1
6.10899,36.63084,1
6.25949,36.74975,1
2.14862,36.24457,1
2.69291,36.27369,1
6.47296,32.13398,1
6.46787,32.13453,1
6.46849,32.13852,1
6.98588,32.35951,1
6.47359,32.13797,1
9.48965,28.30266,1
4.99929,31.94035,1
8.8391,31.44622,1
6.05189,31.36226,1
6.05129,31.35821,1
6.78847,31.19148,1
6.78785,31.18761,1
8.26271,30.61267,1
9.4937,28.30208,1
0.46086,27.79909,1
0.4593,27.80034,1
2.69035,36.27377,1
2.65276,36.47698,1
5.95812,31.52468,1
5.77658,30.95975,1
6.78982,31.1871,1
6.05407,31.35892,1
6.04901,31.36206,1
6.0958,31.37561,1
5.96624,31.59039,1
6.47282,32.13436,1
5.00036,31.93952,1
8.34968,36.77693,1
2.72733,36.43017,1
5.97578,31.41076,1
6.05063,31.362,1
6.05199,31.35923,1
6.78686,31.19192,1
6.7904,31.19165,1
6.78628,31.18678,1
6.78456,31.18964,1
6.78809,31.18935,1
6.46897,32.13596,1
4.99852,31.93994,1
4.99606,31.94462,1
5.00071,31.94432,1
7.85721,27.92583,1
7.86254,27.92531,1
7.85659,27.92121,1
7.86193,27.92069,1
9.49184,28.30215,1
-0.00805,35.77155,1
6.04896,31.35812,1
6.55689,30.83434,1
6.78551,31.18684,1
6.78749,31.19137,1
6.7849,31.18485,1
6.4682,32.13719,1
1.89804,30.91061,1
0.4612,27.79688,1
-0.27454,27.91508,1
-0.27521,27.91484,1
-0.27379,27.91974,1
9.73934,28.9247,1
7.80504,29.99799,1
7.80363,29.99553,1
6.78946,31.18511,1
6.79125,31.19081,1
6.05257,31.3599,1
6.05409,31.36078,1
6.47421,32.13311,1
6.47341,32.13266,1
6.47183,32.13756,1
6.97988,32.31911,1
7.12935,32.38877,1
6.98788,32.35659,1
7.12865,32.38836,1
6.98611,32.36003,1
5.00169,31.93896,1
6.04994,31.36363,1
6.79137,31.19001,1
6.79163,31.18296,1
6.79007,31.18509,1
6.47281,32.13335,1
6.47393,32.13466,1
6.78062,31.19315,1
6.78747,31.19284,1
6.78592,31.18906,1
6.01338,36.21045,1
6.13537,31.6347,1
5.00135,31.93945,1
4.99556,31.94079,1
6.46848,32.13368,1
6.47015,32.13866,1
6.98548,32.36122,1
6.05149,31.3586,1
1.89773,30.91055,1
0.45984,27.79885,1
5.86569,31.59755,1
6.4712,32.13255,1
6.98669,32.36063,1
5.95696,31.52701,1
5.95503,31.52965,1
5.98213,31.40495,1
5.76037,30.97246,1
5.75579,30.96383,1
6.7908,31.18553,1
6.54493,30.41011,1
6.53828,30.40826,1
6.78777,31.18722,1
6.05276,31.3605,1
6.79181,31.18751,1
7.76183,30.35887,1
6.47305,32.13702,1
6.46909,32.13674,1
6.98586,32.35531,1
-0.36881,34.56039,1
5.50147,34.7569,1
4.67107,35.78183,1
3.03657,36.28535,1
3.20764,36.60926,1
9.03176,28.70823,1
0.46414,27.79798,1
9.49123,28.3031,1
9.35164,27.74169,1
9.49114,28.30146,1
6.98649,32.3583,1
6.46996,32.13605,1
6.47053,32.13199,1
6.79053,31.18874,1
6.78687,31.18421,1
7.41846,36.90378,1
0.08182,34.04139,1
2.77232,36.48654,1
4.56313,35.69883,1
-0.17968,35.79929,1
4.99982,31.93941,1
5.00051,31.94271,1
6.46843,32.13428,1
6.46917,32.13757,1
6.98284,32.35987,1
6.05163,31.35959,1
6.78955,31.19012,1
6.78628,31.18822,1
6.79037,31.18754,1
8.26186,30.61069,1
9.49036,28.30082,1
1.8982,30.91306,1
0.46339,27.79831,1
2.07075,27.3285,1
9.49278,28.30226,1
0.45757,30.83194,1
6.7902,31.18665,1
4.99848,31.94113,1
6.47227,32.13538,1
7.76528,30.35987,1
8.29117,31.04041,1
6.78609,31.18607,1
6.052,31.35853,1
1.58031,36.52578,1
5.89349,31.65021,1
6.78759,31.18877,1
9.49033,28.30223,1
-0.04627,28.2503,1
-0.04289,28.25002,1
0.46137,27.80168,1
-0.04335,28.25174,1
-0.16078,28.21572,1
-0.15734,28.21542,1
-0.1557,28.21487,1
-0.15733,28.2127,1
0.30856,29.98845,1
0.30768,29.98976,1
9.49334,28.30189,1
7.50184,28.61616,1
6.78444,31.18756,1
8.2602,30.61337,1
0.46174,27.80274,1
-0.16055,28.21395,1
-0.15825,28.21208,1
9.49315,28.29956,1
8.63865,31.29472,1
6.98518,32.3626,1
6.46585,32.13693,1
6.78556,31.19081,1
8.25962,30.61143,1
9.4917,28.30245,1
9.49224,28.30385,1
6.79208,31.19031,1
6.78736,31.19152,1
6.78378,31.1863,1
6.78578,31.19195,1
6.79048,31.19071,1
6.9824,32.36181,1
6.78534,31.18587,1
6.49703,29.26809,1
-0.15799,28.21187,1
0.46062,27.79864,1
9.1767,27.69984,1
6.78999,31.18808,1
7.8636,27.91742,1
0.4559,30.82838,1
8.83947,27.41441,1
9.48992,28.30305,1
9.12875,28.44792,1
3.32932,36.75874,1
3.3882,36.69094,1
6.69039,32.52482,1
6.69168,32.52906,1
-0.24098,35.80509,1
6.46813,32.13577,1
6.47284,32.13475,1
9.48895,28.30392,1
1.90099,30.91119,1
6.05107,31.36035,1
6.78368,31.18815,1
6.78878,31.18703,1
8.1019,30.65415,1
8.10808,30.65271,1
9.49263,28.30398,1
9.49301,28.30291,1
0.46247,27.79894,1
8.37187,27.95138,1
8.84245,27.41051,1
9.49236,28.30043,1
9.49375,28.29889,1
2.06911,27.29691,1
8.28659,31.04217,1
5.86022,31.15158,1
6.05279,31.35853,1
6.47098,32.13226,1
3.90402,36.34238,1
-0.20797,35.802,1
-0.25263,35.74805,1
2.65743,33.87302,1
4.99927,31.93923,1
5.00002,31.94253,1
6.03725,31.84841,1
6.03379,31.85252,1
6.47121,32.13631,1
6.78853,31.18559,1
6.78401,31.18641,1
6.78486,31.18988,1
6.78938,31.18906,1
6.05258,31.35858,1
9.49215,28.30152,1
2.06554,27.29982,1
0.46069,27.79785,1
0.4613,27.80128,1
-0.15847,28.21364,1
9.49506,28.30075,1
8.37049,27.94979,1
8.37525,27.95039,1
8.28603,31.04662,1
6.78934,31.1875,1
6.05542,31.35715,1
5.94783,31.62904,1
6.98594,32.3576,1
5.00001,31.93975,1
6.16546,31.71779,1
6.16607,31.71671,1
6.47011,32.13357,1
3.1778,32.53847,1
1.40065,36.52996,1
5.70494,36.41942,1
3.27432,36.62453,1
3.2739,36.62035,1
4.50055,35.71003,1
3.88266,35.72528,1
-0.20558,35.80082,1
1.89927,30.91185,1
6.79049,31.1883,1
6.78632,31.1889,1
6.05471,31.3612,1
6.08333,31.71734,1
4.9994,31.94233,1
6.46966,32.13618,1
9.49136,28.30381,1
0.46109,27.8014,1
-0.9414,34.94708,1
9.75592,28.86614,1
9.7553,28.86943,1
9.49331,28.30059,1
7.76979,36.90052,1
7.13064,35.44523,1
7.13139,35.44196,1
3.0788,36.752,1
6.0539,31.35917,1
6.78823,31.18803,1
5.00051,31.94179,1
6.46754,32.13779,1
6.47234,32.13731,1
6.08035,31.71747,1
7.51179,28.47891,1
9.49325,28.30362,1
0.45896,27.79868,1
0.46373,27.79833,1
-0.25568,35.77304,1
0.46415,27.8017,1
0.46337,27.79834,1
6.79076,31.18618,1
5.0015,31.93997,1
6.98532,32.36002,1
6.78636,31.18787,1
6.79066,31.18877,1
6.78644,31.18531,1
5.9562,31.7546,1
6.47138,32.13571,1
3.28187,36.38591,1
5.82377,31.78963,1
6.46895,32.13453,1
6.46947,32.14023,1
6.98352,32.36088,1
6.05296,31.36037,1
6.04825,31.36065,1
5.21327,31.96816,1
5.2186,31.96788,1
4.99575,31.94222,1
5.00134,31.94194,1
4.99926,31.94283,1
5.82526,31.79365,1
8.26253,30.61351,1
6.78547,31.18746,1
6.79026,31.19271,1
6.78602,31.19301,1
6.78897,31.19221,1
6.78471,31.19248,1
6.05169,31.36042,1
9.49048,28.30378,1
6.06111,31.63366,1
4.99738,31.94061,1
5.82553,31.78862,1
6.47075,32.13783,1
6.46795,32.13813,1
6.4733,32.1367,1
-0.34554,33.47329,1
8.09328,30.66022,1
8.09319,30.661,1
6.05377,31.36062,1
6.0514,31.36211,1
6.78975,31.1859,1
6.78389,31.18752,1
0.46407,27.79963,1
9.50625,28.1715,1
8.17473,31.00716,1
6.79273,31.18908,1
6.78876,31.18811,1
6.23602,31.7221,1
5.85052,31.51808,1
5.85499,31.51923,1
7.65816,28.57189,1
7.26275,28.5952,1
7.51689,28.46705,1
6.95872,36.87411,1
6.95095,36.87393,1
1.13957,36.32959,1
9.48932,28.30678,1
9.48988,28.30159,1
6.47877,30.47779,1
6.4619,30.47835,1
6.47033,30.47806,1
6.78447,31.19144,1
8.56643,31.23883,1
8.2602,30.61329,1
6.78861,31.18502,1
6.78225,31.18652,1
6.05339,31.36055,1
6.79015,31.18984,1
5.00074,31.94133,1
6.46796,32.13537,1
9.49189,28.30296,1
0.46339,27.79883,1
6.79142,31.18737,1
6.79182,31.18743,1
9.49346,28.29996,1
6.792,31.18762,1
6.78863,31.18736,1
5.80547,31.74387,1
6.54535,30.40465,1
6.47138,32.13546,1
6.78914,31.19009,1
6.78816,31.18636,1
6.05039,31.35962,1
9.48989,28.30149,1
5.00138,31.93938,1
2.0489,27.28938,1
0.46267,27.79925,1
-7.85335,27.58253,1
5.00079,31.94089,1
5.80111,34.8575,1
6.31996,36.99447,1
-0.00898,35.7704,1
6.47137,32.13781,1
6.47068,32.13451,1
6.04579,31.84503,1
4.99927,31.94139,1
5.00088,31.94045,1
5.98613,31.73166,1
5.94994,31.56392,1
5.954,31.56331,1
6.05144,31.36154,1
6.05077,31.35824,1
6.78716,31.19061,1
6.79115,31.18999,1
6.78646,31.18733,1
-0.15967,28.21362,1
0.46185,27.80051,1
9.4941,28.30355,1
8.64882,31.23774,1
9.49286,28.30226,1
7.06418,32.29795,1
6.50984,36.29269,1
4.37687,36.84357,1
0.41047,36.17744,1
2.67766,36.48486,1
5.97766,36.07646,1
6.51056,36.28938,1
2.18756,35.26629,1
6.46703,32.1369,1
6.47285,32.13625,1
8.59445,31.11484,1
6.05115,31.36017,1
6.78823,31.19007,1
6.78762,31.18628,1
5.00032,31.94133,1
9.49373,28.30356,1
9.53503,28.05973,1
-0.17977,35.79943,1
-0.25155,35.81344,1
-0.24088,35.80471,1
2.29973,27.75519,1
2.30328,27.75601,1
5.83031,31.49636,1
3.17231,32.91999,1
3.44822,32.85579,1
5.00212,31.93972,1
3.68012,36.8196,1
5.40436,34.79124,1
5.4087,34.79098,1
9.0077,31.72038,1
6.47012,32.13797,1
6.98474,32.36091,1
4.99709,31.94119,1
5.00151,31.9409,1
5.98336,31.73488,1
6.05101,31.3601,1
6.78605,31.19018,1
0.29792,28.11584,1
0.46222,27.8039,1
0.30207,26.73784,1
0.30887,26.73876,1
6.46679,32.13495,1
6.78977,31.18549,1
6.7825,31.18762,1
5.00202,31.94164,1
4.99645,31.94316,1
6.47251,32.13573,1
6.46591,32.1376,1
6.98256,32.36216,1
5.40089,34.78659,1
6.05136,31.35817,1
0.30819,26.73703,1
0.46347,27.80103,1
-0.51857,28.20041,1
7.46795,28.55615,1
9.0137,29.20314,1
5.0028,31.93963,1
6.12723,33.09198,1
5.52087,36.12811,1
3.17268,32.55324,1
5.51964,36.12455,1
6.60887,36.65198,1
5.90743,36.7242,1
5.12517,32.04428,1
5.12481,32.04621,1
-1.09409,35.51541,1
5.22061,31.75589,1
5.22857,31.75562,1
5.97037,31.4101,1
6.04953,31.35868,1
6.78465,31.1905,1
6.78571,31.19226,1
5.75923,30.98268,1
6.46817,32.13948,1
6.46703,32.13698,1
4.99992,31.94235,1
5.0006,31.94073,1
5.57912,30.89999,1
7.50112,28.61573,1
7.50074,28.61731,1
7.30156,35.35769,1
0.43535,35.96078,1
6.46939,32.1362,1
7.301,35.35693,1
5.00071,31.94004,1
6.78508,31.18709,1
6.78902,31.1861,1
6.05418,31.36168,1
8.37323,27.95002,1
8.67936,31.10068,1
8.68401,31.10186,1
8.67906,31.10091,1
8.68369,31.10211,1
8.29432,31.03764,1
8.36445,31.08097,1
6.79111,31.18915,1
6.04981,31.87915,1
6.05606,31.88091,1
6.98307,32.36082,1
6.54724,36.03436,1
6.7903,31.18935,1
6.78654,31.18354,1
8.67906,31.10242,1
8.29229,31.0392,1
2.04806,27.3242,1
-0.51561,28.19979,1
-0.51672,28.1992,1
2.1508,36.24503,1
0.08895,34.80576,1
5.00233,31.9399,1
6.47138,32.13506,1
6.47038,32.13366,1
6.47148,32.13758,1
4.9972,31.94088,1
6.04911,31.35925,1
6.05494,31.35806,1
6.78651,31.18936,1
6.79078,31.18845,1
6.78799,31.19045,1
6.78684,31.18639,1
1.89674,30.91023,1
-0.515,28.20105,1
0.46443,27.79913,1
2.04669,27.325,1
8.29205,31.03957,1
8.28619,31.0436,1
6.78828,31.18545,1
6.05376,31.35858,1
6.47189,32.13368,1
6.98625,32.35684,1
0.08812,34.80659,1
-1.54577,34.7301,1
-1.1073,34.81986,1
-1.10806,34.82314,1
7.71151,36.80154,1
3.89974,36.49125,1
6.78604,31.18578,1
6.79094,31.18842,1
6.78681,31.18912,1
6.05462,31.35916,1
6.05059,31.35982,1
5.95148,31.56347,1
4.99992,31.94195,1
6.47245,32.13655,1
6.46837,32.13723,1
1.89923,30.91269,1
-0.51573,28.20088,1
6.62601,29.47411,1
6.79113,31.18965,1
8.51549,31.06062,1
8.28694,31.04628,1
8.36067,31.08077,1
5.9977,31.55887,1
6.05224,31.35969,1
6.78761,31.18572,1
6.69691,32.53643,1
6.70118,32.53702,1
6.70182,32.53365,1
6.4721,32.13502,1
6.07782,31.90306,1
6.16407,31.72174,1
6.48137,36.95704,1
6.47715,36.95296,1
6.47926,36.95515,1
5.76894,36.74633,1
6.12171,36.77578,1
5.26629,36.58822,1
7.64089,36.15169,1
7.14611,35.07605,1
6.96543,34.57418,1
5.6321,36.1951,1
4.99723,35.96488,1
2.40236,33.14742,1
6.98589,32.35786,1
6.46816,32.13683,1
6.47306,32.1362,1
6.0525,31.35929,1
6.05078,31.35966,1
6.78918,31.191,1
6.78855,31.18748,1
8.2625,30.61328,1
7.51128,28.47887,1
7.86229,27.92262,1
0.46,27.79914,1
0.46465,27.79957,1
3.44892,32.85554,1
3.4478,32.85949,1
6.28508,36.8308,1
6.64254,32.59116,1
6.78864,31.18746,1
6.78324,31.18798,1
6.78924,31.19203,1
5.00162,31.94097,1
4.99806,31.94125,1
6.47014,32.13808,1
6.98347,32.36069,1
3.17181,32.74559,1
6.64832,32.59063,1
5.06823,35.97731,1
5.07095,35.97707,1
6.04174,31.66966,1
4.99584,31.94228,1
5.00262,31.94032,1
5.98238,31.40616,1
6.98635,32.3597,1
6.79072,31.18647,1
6.05297,31.36058,1
6.37884,36.11398,1
-0.51789,28.19875,1
0.46314,27.79825,1
6.79175,31.18902,1
7.05681,31.53431,1
7.05458,31.53517,1
6.13496,31.63549,1
6.13928,31.63238,1
6.13412,31.63099,1
6.47012,32.1356,1
6.98819,32.35613,1
7.02883,30.46753,1
6.13563,31.63515,1
6.79339,31.18847,1
6.78812,31.18819,1
6.13942,31.63054,1
6.13458,31.63024,1
6.13906,31.6364,1
6.13419,31.6361,1
6.47211,32.13272,1
6.14049,31.63543,1
0.14656,35.91631,1
2.94334,36.71991,1
4.99865,31.94205,1
1.8993,30.91166,1
6.78943,31.18667,1
6.78776,31.18509,1
6.06077,31.91301,1
6.06201,31.9172,1
6.46957,32.13579,1
6.47276,32.13675,1
6.46796,32.13781,1
6.05032,31.3589,1
6.78423,31.18784,1
0.46168,27.79941,1
-0.51716,28.2009,1
6.92453,29.85717,1
7.05569,31.53394,1
8.17207,31.00547,1
6.23301,31.68635,1
6.09752,31.37588,1
6.46964,32.13419,1
5.00011,31.939,1
6.05461,31.35851,1
6.79141,31.18984,1
6.78653,31.1848,1
6.78785,31.18898,1
6.79326,31.1895,1
7.05783,31.53221,1
6.78839,31.18442,1
8.2872,31.04477,1
4.07648,36.31724,1
4.07722,36.32055,1
3.32742,33.12814,1
6.64656,32.58989,1
6.046,31.36431,1
6.05384,31.35938,1
6.79062,31.19033,1
6.78517,31.18766,1
6.78975,31.18684,1
8.26385,30.61042,1
6.46889,32.13693,1
4.99789,31.94105,1
5.00199,31.94037,1
0.46462,27.8,1
-0.5158,28.2013,1
-0.51841,28.20045,1
-0.30363,27.83703,1
7.29194,28.51487,1
6.19726,31.6853,1
6.47277,32.13541,1
5.00083,31.93989,1
6.98953,31.67468,1
6.78725,31.18842,1
6.99014,31.67111,1
7.5752,35.32957,1
7.58087,35.3302,1
5.86651,36.05648,1
6.47232,32.13664,1
4.99822,31.94093,1
5.98627,31.73179,1
6.05232,31.35929,1
6.04862,31.36331,1
8.59371,31.11292,1
8.16185,31.01044,1
6.78828,31.1892,1
1.89778,30.91161,1
0.46171,27.8005,1
-0.51518,28.2023,1
-0.17912,35.79881,1
0.29065,36.11929,1
0.29163,36.11886,1
7.43664,36.84708,1
7.43484,36.84489,1
5.00152,31.94277,1
5.00063,31.94027,1
6.46918,32.13656,1
5.68497,34.6974,1
3.36824,33.1403,1
6.69099,32.52942,1
6.69316,32.52983,1
1.89886,30.91321,1
7.5047,28.61279,1
7.95668,30.72305,1
6.78428,31.18804,1
6.78867,31.18757,1
6.78928,31.19172,1
6.05329,31.36194,1
6.04905,31.36678,1
0.46133,27.803,1
-0.51794,28.20137,1
0.45992,27.79716,1
-0.51848,28.19808,1
0.46334,27.79935,1
4.99945,31.93868,1
6.47193,32.13486,1
6.75541,32.17574,1
5.95761,31.75451,1
6.22115,31.76157,1
5.80365,31.62936,1
5.97315,31.60409,1
6.04773,31.36365,1
6.05357,31.36041,1
6.78692,31.18696,1
6.79119,31.18784,1
3.3025,32.87909,1
4.50854,35.75366,1
5.63748,36.19254,1
4.97257,36.43796,1
-0.51585,28.19937,1
3.17171,32.55009,1
6.94348,36.88162,1
6.46741,32.13577,1
6.47198,32.13549,1
6.46941,32.13897,1
4.99712,31.94473,1
5.96855,31.83792,1
5.96383,31.83819,1
5.97335,31.83765,1
5.9677,31.83864,1
5.97246,31.83834,1
5.96717,31.83281,1
5.97188,31.83251,1
3.22641,32.93086,1
3.18084,32.75218,1
8.03369,31.35302,1
6.04778,31.36638,1
6.05193,31.36031,1
9.25221,27.9283,1
6.78508,31.19027,1
6.7893,31.18998,1
5.48162,36.33083,1
7.61724,30.20115,1
6.04893,31.35689,1
6.05114,31.36281,1
6.04577,31.36425,1
6.78433,31.1912,1
6.79025,31.18958,1
6.05197,31.35663,1
6.04881,31.36402,1
6.04346,31.36548,1
6.78514,31.18667,1
6.78745,31.19283,1
4.99997,31.94197,1
5.97219,31.83448,1
5.96691,31.83589,1
5.96311,31.8328,1
5.96839,31.83135,1
5.9653,31.83862,1
5.97059,31.83718,1
8.03267,31.35076,1
6.46918,32.13238,1
6.47144,32.13831,1
6.46655,32.13328,1
6.46879,32.13921,1
8.28591,31.04396,1
8.28918,31.04471,1
8.28693,31.04503,1
8.06164,31.16033,1
6.78719,31.18624,1
6.79114,31.18721,1
6.05603,31.35998,1
6.04984,31.36435,1
5.95273,31.46282,1
6.7556,32.17569,1
6.07288,31.84254,1
5.00214,31.94094,1
6.42547,32.18824,1
-0.51675,28.19831,1
6.75632,32.17109,1
6.47448,32.13324,1
5.00317,31.94142,1
4.99962,31.93902,1
5.82728,31.78535,1
6.07159,31.78383,1
5.98324,31.70713,1
6.06669,31.65785,1
5.98285,31.4065,1
6.05067,31.36523,1
6.0518,31.36261,1
8.43621,31.15053,1
6.97878,32.36337,1
6.78686,31.18893,1
8.09118,30.6565,1
3.8815,35.72548,1
3.87698,35.72507,1
6.64678,32.58991,1
6.47178,32.13769,1
6.4703,32.13304,1
5.97101,31.83382,1
5.96533,31.8351,1
4.99851,31.94198,1
6.78732,31.19016,1
6.05378,31.35858,1
6.78578,31.18534,1
-0.51783,28.19884,1
1.89919,30.91111,1
0.46346,27.79806,1
6.88163,29.96192,1
7.10542,30.22675,1
6.47484,30.47126,1
6.47494,32.1351,1
6.81594,32.18338,1
6.8178,32.18099,1
5.97964,31.8328,1
6.05572,31.79496,1
5.97675,31.8341,1
5.96905,31.83184,1
6.04639,31.36095,1
6.05421,31.3633,1
6.79059,31.18817,1
6.47841,30.47723,1
7.10126,30.22548,1
6.78639,31.18564,1
6.78976,31.1859,1
6.04755,31.36274,1
6.87825,31.46601,1
5.97056,31.83008,1
5.97004,31.8349,1
-3.66106,28.64452,1
-3.66512,28.64386,1
5.96957,31.82942,1
6.4704,32.13566,1
7.10339,30.22679,1
-3.67058,28.64988,1
-3.6665,28.65055,1
6.81554,32.17762,1
-3.66582,28.6472,1
8.10636,30.65372,1
-3.65701,28.64519,1
-3.66244,28.65121,1
-3.65839,28.65188,1
-3.65771,28.64853,1
-3.66176,28.64787,1
-0.32757,35.79154,1
6.05072,31.35999,1
5.00232,31.93997,1
4.99786,31.94076,1
5.9661,31.83378,1
5.97096,31.83287,1
5.97187,31.83643,1
6.47162,32.13577,1
0.33118,34.80121,1
6.46954,30.47977,1
6.47477,30.47874,1
6.48,30.47772,1
6.46858,30.47604,1
6.47904,30.474,1
6.46763,30.47233,1
6.47809,30.47027,1
6.47686,30.47392,1
6.46637,30.47591,1
6.48211,30.47292,1
6.47065,30.4712,1
6.4759,30.47019,1
1.89825,30.91177,1
-0.51656,28.19974,1
0.46373,27.80024,1
6.7911,31.18693,1
-3.67483,28.54947,1
-3.66941,28.5462,1
6.7857,31.18629,1
6.7884,31.18622,1
8.26509,31.44754,1
-3.67374,28.54534,1
-3.66509,28.54706,1
-3.66617,28.55119,1
5.00061,31.9406,1
7.10115,30.22746,1
-3.66403,28.54293,1
-3.67049,28.55033,1
5.54671,36.36665,1
5.97416,31.8359,1
5.9694,31.8332,1
5.96532,31.83381,1
5.97348,31.83259,1
5.96873,31.82989,1
5.9728,31.82928,1
-0.94183,34.9469,1
4.99934,31.93963,1
6.47132,32.13478,1
5.97008,31.83651,1
5.966,31.83712,1
6.4764,30.47081,1
6.46847,30.47204,1
6.47708,30.47409,1
6.46915,30.47533,1
6.47777,30.47738,1
6.46984,30.47861,1
6.47448,30.48128,1
8.26278,30.61216,1
8.13216,30.95869,1
6.79107,31.18732,1
8.17125,30.96243,1
6.78707,31.18795,1
8.17201,30.96575,1
8.16054,31.00909,1
8.17769,31.00966,1
8.17845,31.01298,1
8.1751,31.01699,1
6.05281,31.35849,1
0.46472,27.80078,1
-0.51904,28.20168,1
-0.63381,27.21931,1
-0.64506,27.21687,1
-0.64072,27.22278,1
-0.63509,27.224,1
-0.64635,27.22156,1
-0.64199,27.22748,1
-0.64763,27.22626,1
9.6859,29.12862,1
9.68531,29.13203,1
0.21895,26.6949,1
0.21258,26.6983,1
0.20735,26.69718,1
0.21669,26.70394,1
0.21144,26.70282,1
0.20619,26.7017,1
2.83218,36.51089,1
2.71149,36.51007,1
2.71054,36.51262,1
5.60135,35.80168,1
3.04423,36.70697,1
6.46812,32.1353,1
3.24202,32.84204,1
7.51199,28.47882,1
1.89941,30.91307,1
6.47507,30.47699,1
5.97123,31.83801,1
5.00148,31.93947,1
5.9706,31.83401,1
4.99684,31.93995,1
5.96656,31.83446,1
5.97468,31.83355,1
8.26301,30.61014,1
8.26364,30.61367,1
8.08024,30.70284,1
8.07556,30.70346,1
8.08412,30.73776,1
8.07942,30.73837,1
6.78808,31.18926,1
6.05135,31.35879,1
0.46054,27.80082,1
-0.51554,28.20027,1
5.00335,31.93905,1
3.36295,33.15141,1
5.00168,31.93967,1
5.11611,31.91595,1
3.02492,35.50806,1
-0.51624,28.1956,1
6.95464,36.88232,1
6.47189,30.47859,1
8.26266,30.6127,1
9.7514,28.86779,1
9.75554,28.86732,1
6.78571,31.1864,1
6.78967,31.19115,1
6.78629,31.19143,1
6.78851,31.19061,1
6.78512,31.19087,1
6.05437,31.36249,1
6.05061,31.36279,1
6.04686,31.36309,1
6.04924,31.36217,1
6.053,31.36189,1
6.04548,31.36244,1
6.04604,31.36772,1
5.9708,31.83331,1
5.967,31.83359,1
5.9714,31.83864,1
4.99923,31.93956,1
6.46876,32.13479,1
6.46932,32.13997,1
0.45961,27.80211,1
0.45989,27.80045,1
7.5125,28.47897,1
-0.17924,35.79911,1
6.47024,32.13974,1
6.46769,32.13337,1
5.96994,31.8372,1
5.96741,31.83094,1
4.99763,31.94493,1
5.00315,31.94339,1
4.99537,31.93894,1
4.99868,31.93894,1
6.78856,31.18631,1
6.78137,31.18844,1
6.04978,31.36204,1
6.78933,31.19262,1
6.7867,31.186,1
6.04325,31.36391,1
0.46083,27.79902,1
0.46096,27.79774,1
-0.51774,28.20106,1
7.10395,30.22404,1
7.10321,30.2251,1
6.78564,31.18745,1
6.79207,31.18894,1
8.26937,31.44987,1
8.31541,31.37027,1
8.31653,31.37326,1
9.1539,28.42743,1
9.14871,28.42632,1
5.00317,31.93807,1
5.00304,31.94053,1
6.98762,32.36003,1
6.46856,32.13513,1
6.47503,32.13664,1
6.05013,31.36235,1
6.05528,31.35817,1
4.9556,35.44737,1
6.04901,31.36168,1
6.989,32.35466,1
6.98962,32.35345,1
6.46979,32.13476,1
6.47051,32.13063,1
5.00239,31.93619,1
5.9753,31.82966,1
5.96763,31.8294,1
5.97435,31.82926,1
5.96668,31.82895,1
5.13896,31.72712,1
5.96538,31.70449,1
6.04966,31.36192,1
6.79408,31.18436,1
6.79182,31.18817,1
5.76695,30.97762,1
5.76629,30.97541,1
6.25854,36.75212,1
5.71195,34.98633,1
7.52155,28.72665,1
6.71296,29.70588,1
7.10175,30.22713,1
6.47252,32.13968,1
6.46819,32.13764,1
7.14884,32.10883,1
4.99394,31.94443,1
5.96385,31.8387,1
5.97114,31.83843,1
5.97069,31.8315,1
5.96053,31.58994,1
5.9935,31.51239,1
6.04541,31.36535,1
6.05226,31.3582,1
6.04511,31.36495,1
6.05199,31.35776,1
6.78645,31.19227,1
6.78707,31.18779,1
6.46988,30.47698,1
8.2633,30.61127,1
8.26056,30.61257,1
8.09267,30.65869,1
6.46537,32.13992,1
8.26546,30.61078,1
8.26054,30.61204,1
8.09266,30.65457,1
8.26062,30.6102,1
6.05178,31.3599,1
6.78987,31.18619,1
6.04991,31.36577,1
6.04637,31.36662,1
6.78595,31.18715,1
5.99621,31.51097,1
5.99788,31.51597,1
5.99689,31.51355,1
4.99648,31.93991,1
5.97069,31.83274,1
5.9672,31.83357,1
6.4712,32.13373,1
6.46761,32.1346,1
7.14671,32.10675,1
7.14469,32.10423,1
-0.59306,35.51101,1
-1.93411,31.85242,1
1.89797,30.91219,1
9.39514,28.49615,1
9.14942,28.4269,1
9.39661,28.49849,1
8.28786,31.04611,1
8.36554,31.08505,1
8.36063,31.08378,1
6.06166,31.9029,1
6.06794,31.90465,1
6.07026,31.89834,1
5.9745,31.83649,1
5.96816,31.8347,1
6.14037,31.75088,1
6.78868,31.18772,1
6.79463,31.18935,1
8.36461,31.08314,1
9.50309,28.16888,1
5.91305,31.82285,1
8.36325,31.07934,1
6.05378,31.35756,1
6.04949,31.36258,1
5.9968,31.51225,1
5.99748,31.51175,1
5.91357,31.82345,1
5.91729,31.82373,1
5.91677,31.8231,1
6.27269,36.68075,1
9.77937,28.08459,1
9.77956,28.08765,1
6.89777,36.27981,1
4.99673,35.96445,1
6.47079,32.13412,1
5.00159,31.9402,1
-0.27316,35.53199,1
5.97085,31.83546,1
5.96979,31.83163,1
1.89749,30.91266,1
6.47563,30.4739,1
8.2607,30.61357,1
6.78855,31.18859,1
6.05149,31.35845,1
6.04674,31.36348,1
6.05205,31.35797,1
6.04731,31.36304,1
7.85891,27.92233,1
-0.51715,28.19884,1
4.99821,31.93785,1
6.47283,32.1339,1
6.05034,31.36251,1
6.78947,31.18993,1
6.78567,31.18534,1
6.79003,31.18579,1
5.50817,30.78146,1
3.53213,36.44759,1
3.3427,36.65995,1
1.19637,36.13722,1
5.57934,35.53373,1
5.58359,35.53309,1
6.7013,32.57689,1
6.47104,32.13731,1
5.94045,31.75311,1
5.9049,31.76225,1
5.93601,31.77084,1
5.93198,31.77149,1
5.92464,31.77608,1
5.89788,31.78719,1
5.90998,31.78525,1
5.89861,31.79048,1
4.99924,31.9419,1
5.91578,31.81154,1
5.9198,31.81089,1
5.96986,31.83369,1
5.97059,31.83698,1
6.47029,32.13401,1
6.47506,30.47443,1
8.26151,30.60988,1
8.26237,30.61338,1
6.78887,31.18626,1
6.78474,31.18696,1
6.78963,31.18959,1
6.05061,31.36022,1
6.05464,31.35956,1
6.0473,31.36416,1
5.88888,31.72739,1
5.88486,31.72803,1
5.96906,31.73146,1
5.92876,31.73797,1
5.96979,31.73475,1
5.90128,31.74581,1
5.939,31.74653,1
-0.51784,28.19916,1
2.51078,27.18128,1
0.46455,27.80032,1
7.718,27.9087,1
7.86217,27.9216,1
7.86055,27.92058,1
6.78838,31.18717,1
-0.51712,28.20025,1
7.80204,30.21899,1
8.2648,30.61247,1
6.87249,34.64914,1
6.785,31.18972,1
6.78964,31.18911,1
6.05398,31.35847,1
6.0496,31.36274,1
5.97216,31.8376,1
5.97152,31.83392,1
5.96643,31.83455,1
5.0022,31.94254,1
6.98581,32.35976,1
7.0617,32.29918,1
6.47225,32.13609,1
6.54141,30.41062,1
8.26328,30.61155,1
2.51052,27.18284,1
-0.51669,28.19855,1
0.46319,27.79759,1
-0.5166,28.2016,1
-0.52122,28.20121,1
3.0415,30.6451,1
3.0462,30.64608,1
6.04765,31.36567,1
6.05312,31.36034,1
6.78776,31.19141,1
6.78716,31.18683,1
6.53993,30.41274,1
6.54543,30.41224,1
8.26105,30.61081,1
9.67003,29.10931,1
6.54371,30.41294,1
0.73287,30.80164,1
6.53933,30.40813,1
7.06103,32.30181,1
6.47012,32.13678,1
6.05291,31.90176,1
5.001,31.94162,1
4.99741,31.94189,1
5.96915,31.83543,1
5.97538,31.83492,1
5.9709,31.83696,1
5.97032,31.83211,1
2.50955,27.18463,1
0.45992,27.80104,1
0.45965,27.80181,1
-0.52038,28.19957,1
7.72114,27.90754,1
7.71682,27.90803,1
9.18362,27.73779,1
7.77084,27.94195,1
5.76655,30.97827,1
6.04126,31.36479,1
6.04922,31.36242,1
6.04871,31.35932,1
6.05151,31.36614,1
6.04358,31.36854,1
5.00176,31.93828,1
4.99504,31.94024,1
5.96941,31.83757,1
5.97709,31.83525,1
5.96657,31.83086,1
5.96923,31.83919,1
5.96639,31.83248,1
5.9743,31.83013,1
0.46205,27.80092,1
0.46302,27.80039,1
-0.51625,28.20103,1
9.19313,28.80704,1
6.54774,30.40751,1
8.29207,31.03874,1
8.05984,31.15847,1
9.0637,28.46037,1
9.05937,28.4595,1
9.05504,28.45863,1
9.06159,28.46864,1
6.92774,31.39341,1
6.78809,31.18946,1
6.05203,31.35908,1
5.37892,31.93997,1
6.47047,32.13387,1
6.4717,32.13717,1
5.96967,31.83376,1
5.97533,31.83504,1
6.05063,31.36369,1
-1.3505,35.26979,1
-1.34808,35.26777,1
4.86043,36.09051,1
6.04392,31.36452,1
6.04979,31.36423,1
6.78568,31.19047,1
6.78851,31.18918,1
5.64467,30.8816,1
9.6657,29.11329,1
9.669,29.11301,1
6.46943,32.1357,1
6.46957,32.1376,1
5.35227,31.96854,1
5.35353,31.97053,1
5.35317,31.96392,1
5.0009,31.94526,1
5.96736,31.83909,1
5.97335,31.83883,1
5.96685,31.8327,1
5.97275,31.83244,1
5.9688,31.8371,1
5.96292,31.8374,1
5.97484,31.8368,1
5.96835,31.83072,1
5.05286,31.85254,1
7.52108,28.72664,1
7.50055,28.61688,1
7.76794,27.94027,1
7.77224,27.93993,1
7.71897,27.91036,1
5.313,36.01944,1
5.30663,36.02097,1
5.30741,36.01978,1
2.76118,36.67076,1
6.47064,32.13629,1
6.04999,31.89891,1
4.74377,32.17393,1
5.96916,31.83747,1
5.97338,31.83639,1
5.96725,31.83211,1
5.97153,31.831,1
5.96967,31.8374,1
5.97388,31.83634,1
5.96774,31.83204,1
5.97203,31.83095,1
5.35262,31.96823,1
5.35648,31.96727,1
5.35078,31.96305,1
5.35463,31.96209,1
4.9994,31.93876,1
6.7895,31.19016,1
6.04843,31.36646,1
6.78663,31.19174,1
6.79143,31.1905,1
6.78459,31.18605,1
6.04781,31.3625,1
6.04347,31.3636,1
7.85926,27.92167,1
7.76769,27.93974,1
7.8598,27.92446,1
7.86641,27.92269,1
7.76797,27.942,1
0.73502,30.797,1
9.67292,29.10656,1
6.54721,30.40978,1
6.54242,30.41104,1
9.57857,27.87286,1
2.76083,36.67039,1
2.75922,36.67131,1
4.44982,35.87755,1
-0.29226,35.82416,1
-0.20582,35.80076,1
-0.32662,35.78854,1
-0.59375,35.51257,1
3.23491,32.94572,1
4.99986,31.93898,1
5.97317,31.83048,1
5.96856,31.83146,1
5.97437,31.83464,1
5.9698,31.8356,1
7.77155,27.94127,1
2.5215,28.44734,1
2.6597,33.87237,1
2.99955,36.67628,1
2.88138,36.59811,1
3.23222,32.95797,1
3.23565,32.95405,1
3.23907,32.95013,1
3.23838,32.94683,1
3.23769,32.94353,1
3.22461,32.94207,1
6.47149,32.13751,1
6.47066,32.1341,1
6.05095,31.90056,1
5.97024,31.83676,1
5.96944,31.83339,1
5.97372,31.83264,1
4.99958,31.94083,1
6.04786,31.36411,1
6.05137,31.35995,1
6.78734,31.19058,1
6.79189,31.18976,1
6.78649,31.1871,1
8.2602,30.61393,1
8.26551,30.61287,1
8.25923,30.61018,1
8.2635,30.61332,1
8.26253,30.60958,1
0.30949,26.7356,1
7.769,27.94167,1
-0.51654,28.2011,1
0.46117,27.79798,1
8.1932,31.11415,1
7.05629,31.53415,1
7.05458,31.53145,1
6.04833,31.3644,1
6.05393,31.35813,1
6.78592,31.18733,1
6.79051,31.18791,1
8.13632,31.15411,1
9.19223,28.80538,1
7.17928,34.43378,1
6.23357,31.68895,1
6.2024,31.68487,1
5.97409,31.8326,1
5.96906,31.83544,1
6.06569,31.90093,1
6.47117,32.1342,1
5.00113,31.93849,1
5.00049,31.94183,1
7.61947,36.20877,1
2.09437,36.29023,1
1.19544,36.13836,1
2.06126,34.43891,1
6.86025,33.37949,1
6.13515,31.63428,1
4.9991,31.9403,1
5.9733,31.83429,1
5.96885,31.8349,1
3.23386,32.95407,1
6.47152,32.13628,1
6.05193,31.9,1
6.04806,31.36626,1
6.04742,31.36283,1
6.05115,31.3588,1
6.78618,31.18902,1
6.79035,31.18842,1
0.46465,27.79768,1
-0.51937,28.20083,1
9.3742,28.53963,1
0.309,26.7351,1
-0.5144,28.19706,1
2.91135,36.41356,1
6.26457,36.51558,1
5.97125,31.83412,1
5.96626,31.8346,1
5.9763,31.83363,1
5.9606,31.59031,1
6.0464,31.36409,1
6.0507,31.35925,1
6.0497,31.36327,1
6.0448,31.36378,1
6.054,31.3584,1
6.78698,31.19195,1
6.79141,31.19149,1
6.78637,31.18778,1
3.23991,32.94954,1
3.23549,32.94456,1
6.46856,32.1366,1
6.47336,32.13611,1
5.00151,31.94265,1
5.97189,31.83853,1
0.46337,27.79969,1
0.45957,27.79819,1
-0.51645,28.20142,1
-0.51711,28.19935,1
3.24603,32.94388,1
3.25215,32.94209,1
3.21893,32.94482,1
3.23384,32.9536,1
3.24012,32.95181,1
3.24637,32.95003,1
3.23761,32.94558,1
3.24382,32.94382,1
3.24998,32.94206,1
3.23613,32.95372,1
3.24237,32.9519,1
3.24855,32.9501,1
3.23987,32.94567,1
-0.52055,28.19868,1
-0.51808,28.20041,1
0.46256,27.79977,1
0.30624,26.73859,1
5.9749,31.83001,1
5.96714,31.83429,1
5.97176,31.83525,1
5.85412,31.62844,1
5.96835,31.83008,1
5.97297,31.83103,1
5.00027,31.9415,1
6.47095,32.1362,1
5.9679,31.83744,1
5.9645,31.83224,1
5.96909,31.83323,1
5.97372,31.83422,1
5.97029,31.82902,1
6.05066,31.36201,1
6.78947,31.18897,1
5.40231,35.35512,1
3.06541,36.52309,1
6.25042,36.7286,1
5.96963,31.83401,1
5.96488,31.8343,1
5.97446,31.83371,1
6.04959,31.36179,1
6.05012,31.3676,1
6.04538,31.36789,1
3.21115,32.95086,1
3.24076,32.94989,1
6.47004,32.13679,1
6.46835,32.13522,1
4.99818,31.94538,1
5.96558,31.83917,1
5.97036,31.83891,1
5.9702,31.83987,1
5.96007,31.8346,1
3.2266,32.95722,1
3.01376,36.52438,1
5.6487,35.76459,1
6.96067,36.86416,1
6.04433,31.36703,1
6.05274,31.35829,1
0.44396,35.18823,1
6.46905,32.13509,1
3.2341,32.95414,1
3.23754,32.95331,1
3.23929,32.94755,1
3.24271,32.94672,1
3.23422,32.94345,1
3.23761,32.94263,1
5.97044,31.83986,1
4.74317,32.17516,1
5.97067,31.83737,1
5.96542,31.83877,1
5.97578,31.836,1
5.98087,31.83465,1
5.96847,31.83157,1
5.96323,31.83297,1
5.97371,31.83017,1
5.97891,31.82878,1
5.00035,31.93808,1
6.04963,31.3656,1
-0.5144,28.19989,1
-0.51949,28.20098,1
6.78857,31.1896,1
6.05179,31.36137,1
6.23604,31.68788,1
6.23714,31.68775,1
6.23296,31.68669,1
5.96773,31.63688,1
5.96342,31.63578,1
5.97708,31.83329,1
5.96855,31.83116,1
5.9764,31.83146,1
5.97462,31.83693,1
5.9703,31.83582,1
5.00112,31.94153,1
4.28417,32.06941,1
4.28146,32.06971,1
3.17444,32.55413,1
5.88723,35.85039,1
3.35224,33.17765,1
5.8891,35.84543,1
6.92691,34.6484,1
6.79019,31.1847,1
6.0491,31.36396,1
6.47441,32.13459,1
6.44823,32.15292,1
6.47448,32.13459,1
6.23143,31.68814,1
5.00187,31.94181,1
5.3533,31.96139,1
5.97436,31.83195,1
5.96834,31.83167,1
-0.36017,35.84184,1
6.7848,31.18974,1
8.58961,31.11429,1
6.78839,31.19215,1
-0.66704,35.03614,1
6.46923,32.13633,1
6.47147,32.13754,1
3.23532,32.944,1
6.78637,31.18985,1
6.05005,31.36186,1
6.04433,31.36314,1
6.78687,31.18698,1
6.05119,31.35916,1
6.04691,31.36506,1
5.78649,31.68929,1
4.99795,31.94232,1
5.96992,31.83512,1
0.46103,27.80061,1
8.03574,30.82698,1
6.06995,31.55604,1
5.96874,31.69814,1
5.96883,31.83265,1
5.97662,31.83496,1
5.97002,31.82988,1
5.97772,31.83221,1
6.47099,32.13577,1
6.47608,32.13811,1
7.50723,28.48904,1
5.8321,31.42223,1
6.05041,31.36361,1
5.35634,31.95839,1
6.23276,31.68854,1
5.97147,31.83053,1
5.97094,31.83533,1
5.35366,31.95905,1
5.00079,31.93992,1
5.14176,32.08794,1
6.47088,32.13296,1
5.00271,31.94158,1
5.35071,31.95792,1
2.65591,36.48745,1
2.89027,36.76162,1
5.89148,34.43791,1
-0.57625,35.63559,1
-0.21359,35.80231,1
5.18069,35.12455,1
0.43588,35.96037,1
4.07997,36.31907,1
2.75859,36.6699,1
3.23637,32.94486,1
6.78631,31.18685,1
6.78728,31.19057,1
6.05258,31.3603,1
4.9993,31.94161,1
5.96867,31.8304,1
5.97439,31.83305,1
5.96958,31.83395,1
5.97049,31.8375,1
6.46952,32.13711,1
-0.51741,28.20188,1
0.46202,27.80021,1
7.5032,28.48937,1
6.78905,31.18575,1
6.23545,31.69061,1
5.96078,31.59127,1
6.04959,31.36409,1
6.05576,31.3574,1
6.05869,31.33915,1
6.83511,33.39867,1
6.46896,32.13665,1
6.46955,32.1329,1
6.47153,32.13655,1
5.00095,31.93908,1
6.78712,31.18781,1
6.05201,31.35801,1
6.05269,31.36132,1
6.04931,31.36524,1
5.00233,31.9417,1
4.99803,31.94231,1
6.46937,32.13461,1
6.47006,32.13791,1
0.46373,27.79848,1
-0.16032,28.21432,1
-0.51798,28.20187,1
8.36244,31.08285,1
3.46078,36.65466,1
5.00621,36.78964,1
5.00782,36.79076,1
6.47178,32.13694,1
3.23837,32.94871,1
6.78642,31.18881,1
6.05332,31.3596,1
6.04892,31.36414,1
5.00222,31.94115,1
4.99752,31.94164,1
0.46187,27.80079,1
-0.51912,28.20093,1
3.24087,32.94943,1
3.23804,32.94277,1
0.46002,27.80029,1
0.46497,27.79733,1
-0.5167,28.19887,1
-0.03459,27.29577,1
-0.02949,27.29705,1
-0.03271,27.28983,1
-0.03646,27.30171,1
5.00044,31.93831,1
3.18641,36.71041,1
3.06245,36.57798,1
4.08155,36.60469,1
2.78802,36.2879,1
6.0483,31.3656,1
6.05154,31.36002,1
6.05192,31.36113,1
6.78576,31.18893,1
6.7892,31.18867,1
6.78833,31.19021,1
6.7849,31.1905,1
6.47001,32.13818,1
4.99984,31.9398,1
4.99874,31.94323,1
7.51134,28.47866,1
7.54284,28.41385,1
0.45973,27.79948,1
3.42642,36.43331,1
6.05106,31.35773,1
6.04707,31.36592,1
6.78836,31.18883,1
2.65874,33.87235,1
6.46797,32.13632,1
4.99749,31.94062,1
4.99598,31.94178,1
5.00145,31.9403,1
-0.5147,28.19959,1
0.46333,27.7969,1
0.4597,27.79777,1
0.46398,27.79763,1
0.46034,27.79848,1
6.79059,31.18922,1
6.78734,31.18846,1
5.11772,31.9151,1
7.07794,34.57323,1
5.00046,31.93869,1
6.04576,31.35973,1
6.05315,31.35944,1
6.78584,31.192,1
6.78785,31.18772,1
6.81014,32.18436,1
8.1541,31.01518,1
6.7812,31.18804,1
6.81261,32.1807,1
6.46579,32.1401,1
6.46726,32.1386,1
5.75828,30.98231,1
5.21931,31.75128,1
6.81365,32.18275,1
6.69918,32.57674,1
2.93236,36.13986,1
6.46855,32.13514,1
6.47004,32.13821,1
6.06597,31.90112,1
4.99585,31.93999,1
5.00177,31.9386,1
5.00001,31.93829,1
0.46403,27.79715,1
-0.51936,28.19873,1
7.80742,30.21822,1
8.17978,31.01231,1
8.59879,31.12628,1
8.59754,31.12512,1
8.17767,31.01441,1
8.2972,31.25556,1
8.29225,31.25425,1
6.78849,31.18509,1
6.05085,31.36049,1
5.98279,31.40523,1
5.98236,31.40226,1
5.23525,31.74855,1
6.47506,32.13336,1
6.98653,32.36096,1
5.00137,31.94124,1
6.20232,31.68597,1
6.20274,31.68063,1
6.78962,31.18897,1
6.05476,31.35788,1
6.05054,31.36287,1
5.00067,31.94131,1
4.99955,31.93694,1
6.98601,32.3559,1
8.16963,35.40376,1
5.57559,36.17767,1
5.70779,34.54826,1
3.2357,32.94362,1
6.4709,32.13488,1
4.99928,31.94243,1
6.04668,31.36409,1
6.05137,31.35909,1
6.78875,31.18864,1
6.78457,31.1895,1
-0.51639,28.19914,1
0.46181,27.79841,1
-2.28068,25.52446,1
-2.28559,25.52356,1
-2.29057,25.52264,1
-2.28634,25.52731,1
-2.28148,25.5282,1
-2.29138,25.52638,1
-2.2871,25.53105,1
-2.29223,25.53011,1
-2.28225,25.53195,1
-2.29733,25.52917,1
-2.28794,25.53479,1
-2.28304,25.53569,1
-2.2931,25.53384,1
-2.29818,25.5329,1
-2.28383,25.53943,1
-2.28881,25.53852,1
-2.29397,25.53757,1
-2.56548,26.21044,1
9.00421,28.69063,1
9.00304,28.6901,1
-2.49208,26.42304,1
-2.48697,26.42397,1
-2.48208,26.42486,1
-2.48125,26.42113,1
-2.48612,26.42025,1
-2.48535,26.41652,1
-2.19248,26.39322,1
-2.18762,26.39412,1
-2.18279,26.39501,1
-2.19166,26.38956,1
-2.18197,26.39134,1
-2.18681,26.39045,1
-2.19085,26.38589,1
-2.186,26.38678,1
-2.19487,26.38132,1
-2.19004,26.38222,1
-2.18518,26.38311,1
-2.18966,26.39111,1
-2.17995,26.39285,1
-2.1848,26.39198,1
-2.18885,26.38744,1
-2.18399,26.38831,1
-2.09919,26.39203,1
-2.09433,26.3929,1
-2.0895,26.39376,1
-2.08471,26.39462,1
-2.09832,26.38839,1
-2.08394,26.39096,1
-2.09348,26.38925,1
-2.08871,26.39011,1
-2.09747,26.38474,1
-2.08317,26.3873,1
-2.0784,26.38815,1
-2.09267,26.3856,1
-2.08794,26.38645,1
-2.07759,26.38451,1
-2.0728,26.38536,1
-2.09665,26.38109,1
-2.09189,26.38194,1
-2.08717,26.38279,1
-2.08237,26.38365,1
-2.09584,26.37744,1
-2.09111,26.37829,1
-2.08638,26.37914,1
-2.07198,26.38172,1
-2.06714,26.38258,1
-2.06228,26.38346,1
-2.0575,26.38431,1
-2.08157,26.38,1
-2.07678,26.38086,1
-2.08557,26.37549,1
-2.06631,26.37894,1
-2.0567,26.38066,1
-2.05194,26.38152,1
-2.08075,26.37635,1
-2.07596,26.37721,1
-2.07117,26.37807,1
-2.06147,26.37981,1
-2.08475,26.37184,1
-2.06548,26.37529,1
-2.05114,26.37787,1
-2.07992,26.3727,1
-2.07514,26.37356,1
-2.07034,26.37442,1
-2.06066,26.37616,1
-2.0559,26.37701,1
-2.06952,26.37078,1
-2.05033,26.37423,1
-2.0791,26.36905,1
-2.07432,26.36992,1
-2.06466,26.37165,1
-2.05986,26.37251,1
-2.0551,26.37337,1
-2.0735,26.36626,1
-2.06869,26.36713,1
-2.05906,26.36886,1
-2.0543,26.36972,1
-2.04952,26.37058,1
-2.06384,26.368,1
-2.07269,26.36262,1
-2.05827,26.36521,1
-2.06786,26.36349,1
-2.06303,26.36436,1
-2.06705,26.35984,1
-2.05748,26.36156,1
-2.02072,26.35304,1
-2.01593,26.35391,1
-2.01115,26.35477,1
-2.0247,26.34853,1
-2.01992,26.3494,1
-2.01037,26.35113,1
-2.00561,26.35199,1
-2.00081,26.35286,1
-1.99599,26.35373,1
-1.99125,26.35459,1
-2.01514,26.35026,1
-2.00476,26.34836,1
-1.99997,26.34923,1
-1.99044,26.35095,1
-1.98569,26.35181,1
-2.01912,26.34576,1
-2.01436,26.34662,1
-2.00956,26.34749,1
-1.99517,26.35009,1
-2.01832,26.34211,1
-2.00392,26.34473,1
-1.98487,26.34818,1
-2.01355,26.34298,1
-2.00874,26.34385,1
-1.99914,26.34559,1
-1.99437,26.34646,1
-1.98963,26.34731,1
-2.01751,26.33847,1
-2.00309,26.34109,1
-1.98406,26.34454,1
-1.99834,26.34195,1
-1.99358,26.34282,1
-1.98881,26.34368,1
-1.99278,26.33918,1
-1.98798,26.34005,1
-1.98325,26.34091,1
-1.99756,26.33831,1
-1.99677,26.33467,1
-1.99196,26.33554,1
-2.57889,26.21183,1
-2.57375,26.21279,1
-2.56869,26.21374,1
-2.58317,26.20711,1
-2.578,26.20808,1
-2.5679,26.20998,1
-2.57292,26.20904,1
-2.58227,26.20337,1
-2.5671,26.20622,1
-2.57712,26.20434,1
-2.57211,26.20528,1
-2.58138,26.19963,1
-2.57629,26.20059,1
-2.57131,26.20152,1
-2.56628,26.20247,1
-2.58157,26.21142,1
-2.5764,26.21236,1
-2.57128,26.21328,1
-2.56628,26.21419,1
-2.58066,26.20768,1
-2.57554,26.20861,1
-2.57046,26.20953,1
-2.57976,26.20394,1
-2.56966,26.20577,1
-2.56466,26.20668,1
-2.57469,26.20486,1
-2.5789,26.20019,1
-2.57387,26.2011,1
-2.56886,26.20201,1
6.78856,31.18529,1
6.80091,31.19074,1
6.78799,31.1894,1
5.99278,31.62095,1
5.00067,31.9407,1
6.4717,32.13324,1
7.22756,34.47049,1
7.10461,34.51709,1
6.9456,36.88155,1
5.00061,31.94214,1
4.99992,31.93885,1
6.78661,31.18885,1
6.79072,31.18816,1
6.47483,30.47651,1
6.70022,32.57901,1
6.47001,32.13573,1
0.46265,27.79928,1
-0.51625,28.20123,1
9.00318,28.69204,1
6.66309,30.43197,1
5.97642,36.06452,1
3.26812,36.63007,1
6.9042,34.44403,1
-0.36771,35.84166,1
6.78419,31.18784,1
6.78887,31.18723,1
6.05362,31.35813,1
6.04919,31.36243,1
6.47548,30.47504,1
6.46818,32.13579,1
6.47317,32.13517,1
4.9998,31.94063,1
4.99834,31.94058,1
-0.5189,28.20312,1
-0.51534,28.20284,1
-0.51568,28.20194,1
0.46369,27.79849,1
7.16579,34.47139,1
5.00013,31.94396,1
4.99971,31.94021,1
6.06435,31.90219,1
6.47246,32.13751,1
6.46693,32.13852,1
6.47296,32.13802,1
6.23494,31.72307,1
6.78718,31.19061,1
6.0529,31.36198,1
6.04675,31.3625,1
6.04734,31.36734,1
6.23626,31.72346,1
0.45994,27.79733,1
-0.51673,28.19895,1
-0.51806,28.19964,1
2.75118,36.47466,1
6.04904,31.35782,1
5.97482,31.41034,1
5.00009,31.93937,1
5.00128,31.94328,1
6.23514,31.7203,1
6.23505,31.71763,1
6.23002,31.72679,1
6.23782,31.72443,1
6.06706,31.90243,1
6.4749,32.13755,1
6.46712,32.13991,1
0.46345,27.80032,1
-0.5174,28.19787,1
-0.5164,28.201,1
6.05137,31.36577,1
6.78628,31.18691,1
6.7916,31.1881,1
6.78894,31.18679,1
8.59562,31.12323,1
8.59986,31.12408,1
5.99318,31.61962,1
6.04649,31.62672,1
5.95294,31.52976,1
6.04976,31.36192,1
6.04557,31.36448,1
5.00008,31.93861,1
6.47006,32.1347,1
6.81479,32.17965,1
6.09217,31.82859,1
6.10017,36.13503,1
7.98413,36.20943,1
5.39765,35.26225,1
5.64932,30.87804,1
3.10044,36.59881,1
3.09944,36.60064,1
-0.25323,35.75919,1
8.09241,30.6588,1
6.79003,31.18761,1
6.78465,31.18793,1
6.79054,31.18785,1
6.78515,31.18813,1
6.8131,32.18456,1
8.09396,30.25398,1
8.08156,30.26056,1
8.08174,30.24682,1
8.09101,30.25187,1
9.88152,27.72798,1
5.5363,22.73605,1
5.53893,22.73703,1
5.53409,22.73741,1
1.1932,36.13927,1
4.74323,32.17418,1
4.99726,31.93921,1
8.16183,31.01023,1
8.17334,31.00709,1
6.79012,31.19092,1
6.78341,31.18652,1
6.79053,31.1913,1
6.78379,31.18687,1
6.78852,31.18565,1
8.09037,30.25285,1
8.09601,30.25131,1
8.08801,30.24671,1
9.13302,28.91532,1
0.46219,27.79781,1
-0.51564,28.20078,1
8.66126,31.10335,1
6.05443,31.5437,1
6.81774,32.17987,1
6.81551,32.17977,1
7.1345,32.45262,1
7.13895,32.45376,1
6.05006,31.36657,1
6.05222,31.36061,1
6.78963,31.18509,1
6.79133,31.18818,1
6.54766,30.40884,1
9.74941,28.9098,1
9.75003,28.90977,1
6.03452,31.69705,1
6.23632,31.68611,1
6.13462,31.63333,1
5.99382,31.61929,1
6.13673,31.63318,1
5.99616,31.61826,1
6.05343,31.54077,1
6.04931,31.36498,1
6.79096,31.1877,1
5.0016,31.9391,1
8.25843,30.61176,1
8.55349,31.23718,1
8.2586,30.60987,1
1.19392,36.13834,1
3.04652,36.18711,1
6.06312,31.89946,1
8.17273,31.00666,1
4.99886,31.9391,1
6.06767,31.8985,1
6.06887,31.90265,1
6.06432,31.90361,1
6.81322,32.18018,1
-0.308,27.78105,1
0.4635,27.79979,1
-0.51589,28.19872,1
9.78751,28.73331,1
8.26566,30.61144,1
8.26048,30.60873,1
8.26681,30.60929,1
5.00222,31.94156,1
5.34674,31.96833,1
5.34279,31.96369,1
5.34729,31.96414,1
5.99483,31.62199,1
6.04875,31.36091,1
6.05413,31.35704,1
6.04675,31.36352,1
6.05212,31.35968,1
6.06978,31.33513,1
6.78836,31.1868,1
0.235,36.09231,1
0.2396,36.0929,1
0.23558,36.08886,1
0.23157,36.08483,1
0.23618,36.08542,1
0.23215,36.08139,1
2.32054,36.13617,1
6.81669,32.18069,1
6.04923,31.36278,1
6.05271,31.35866,1
6.78875,31.18842,1
5.0012,31.93992,1
6.02101,31.75986,1
1.89875,30.9127,1
9.00332,28.69061,1
7.86038,27.92131,1
-0.51664,28.19908,1
0.63318,27.78226,1
0.46381,27.79915,1
6.79053,31.1891,1
5.00198,31.93988,1
5.87696,31.60276,1
6.04731,31.36363,1
4.14455,36.71239,1
3.33074,36.75679,1
6.92038,36.83726,1
6.06527,31.90174,1
6.06462,31.89828,1
6.06338,31.90013,1
6.06785,31.89952,1
4.99867,31.94192,1
6.04849,31.3629,1
6.05226,31.35886,1
6.05478,31.35954,1
6.78911,31.19023,1
6.78846,31.18687,1
1.89876,30.91193,1
0.30046,28.45,1
-0.51791,28.2012,1
0.46383,27.80064,1
0.48595,30.88115,1
-0.19897,35.50571,1
3.45143,36.71125,1
3.44738,36.71149,1
6.69207,32.52571,1
6.06375,31.90155,1
6.06881,31.90107,1
4.99961,31.94312,1
6.04796,31.36466,1
6.05234,31.35978,1
6.04638,31.36509,1
6.05076,31.36019,1
6.78599,31.18913,1
6.79049,31.18867,1
9.00195,28.69074,1
8.26422,30.61393,1
0.46077,27.80258,1
1.73281,36.55008,1
-0.00752,35.77357,1
0.46513,27.8003,1
-0.51491,28.20036,1
7.29293,28.51471,1
6.78804,31.18653,1
6.05181,31.35914,1
6.05058,31.3634,1
5.9568,31.52775,1
5.8399,31.69015,1
6.12885,31.75499,1
6.13037,31.75409,1
5.83623,31.69064,1
6.79242,31.18743,1
2.41051,36.17178,1
3.16879,36.54305,1
3.76704,36.83253,1
0.46501,27.79603,1
4.76246,35.71823,1
8.55621,31.22969,1
6.78943,31.19033,1
6.78509,31.19062,1
6.05112,31.36073,1
6.04683,31.36689,1
8.55526,31.22534,1
5.00061,31.94512,1
6.06407,31.9031,1
3.16184,32.55956,1
3.16181,32.55975,1
3.18055,32.75256,1
8.26208,30.61359,1
8.26242,30.61169,1
4.76316,35.71424,1
5.39441,36.20251,1
4.99868,31.94152,1
6.78577,31.18884,1
6.79172,31.19057,1
6.78365,31.18604,1
6.05292,31.35649,1
8.26127,30.61163,1
-0.51905,28.20005,1
5.67657,22.55044,1
5.68377,22.55228,1
5.67721,22.55154,1
5.68443,22.55334,1
9.17749,27.70065,1
6.03253,31.67778,1
6.13416,31.75105,1
6.12976,31.74994,1
6.13222,31.75647,1
6.12778,31.75536,1
6.09236,31.79827,1
7.02233,32.12074,1
7.02265,32.12002,1
6.19698,31.69013,1
8.58864,31.10445,1
7.87917,31.03741,1
6.05207,31.36213,1
6.04768,31.36101,1
5.00109,31.93989,1
5.0019,31.9419,1
5.93911,34.19933,1
5.76481,36.6308,1
6.09372,36.60629,1
9.19532,27.75884,1
6.05359,31.65817,1
7.87651,31.03988,1
8.57417,31.23225,1
8.57573,31.23546,1
6.79254,31.18975,1
6.0481,31.36347,1
5.0006,31.93685,1
8.1045,30.65444,1
4.46872,36.88962,1
4.47366,36.88981,1
4.47114,36.88756,1
3.42187,36.49968,1
3.41656,36.4994,1
3.2315,36.58889,1
3.42718,36.49427,1
3.41535,36.49365,1
8.5562,31.23803,1
6.78395,31.18719,1
8.56931,31.23744,1
8.09273,30.65684,1
8.0923,30.66114,1
8.26093,30.61312,1
1.35669,35.33882,1
2.75347,36.47085,1
-0.24314,35.21357,1
4.99795,31.94156,1
9.74844,28.92459,1
1.89941,30.91128,1
6.04768,31.36337,1
6.78811,31.1877,1
6.05188,31.35754,1
8.26355,30.61125,1
8.25964,30.61222,1
9.00191,28.69245,1
-0.5177,28.20123,1
8.5856,31.10115,1
8.59154,31.10279,1
8.10084,30.65386,1
7.87954,31.0358,1
9.25828,28.25369,1
9.26188,28.25348,1
8.36617,31.08158,1
8.57417,31.23652,1
7.87711,31.0422,1
7.06404,31.54408,1
7.06166,31.542,1
6.55533,35.94255,1
8.36335,31.08046,1
6.78892,31.1897,1
6.78783,31.18549,1
6.04826,31.36242,1
5.87453,31.60326,1
5.89483,31.72586,1
5.00128,31.94144,1
5.00819,36.7881,1
3.95699,36.69561,1
3.95619,36.69233,1
3.13776,36.59694,1
3.46755,36.42399,1
4.99468,35.96657,1
1.35793,35.339,1
8.26301,30.61214,1
6.78591,31.18703,1
6.78687,31.19073,1
6.05509,31.36003,1
6.05027,31.36092,1
6.04636,31.36538,1
8.55712,31.22845,1
4.99842,31.94032,1
6.02108,31.76075,1
3.68655,32.44681,1
3.25712,34.56605,1
-0.51704,28.19881,1
9.14994,27.74244,1
9.15409,27.74289,1
9.15821,27.74335,1
9.14079,28.4543,1
9.14185,28.44601,1
6.05393,31.35882,1
5.82619,31.78807,1
5.00154,31.93956,1
8.0766,30.23424,1
8.08252,30.23487,1
8.09399,30.25422,1
8.09459,30.25025,1
7.87518,31.04044,1
7.82464,36.08714,1
5.63865,36.19548,1
0.81178,36.18063,1
0.06211,35.18195,1
6.78884,31.1895,1
9.13761,28.91639,1
9.13686,28.91294,1
9.00416,28.69246,1
-0.51803,28.20088,1
-0.17918,35.79866,1
5.46988,36.18557,1
5.46489,36.1882,1
5.46565,36.18493,1
6.16394,36.27272,1
6.16117,36.26552,1
4.08001,36.31971,1
6.02894,35.86682,1
0.745,35.79099,1
0.74487,35.78522,1
-0.34966,35.80913,1
3.02855,36.67163,1
3.06775,36.52211,1
-0.21746,35.8033,1
6.78423,31.18836,1
6.70231,32.5792,1
5.00141,31.9394,1
6.04975,31.78767,1
6.02217,31.76152,1
6.7898,31.18771,1
6.05227,31.35824,1
6.0488,31.3627,1
9.89219,27.75866,1
0.46254,27.79839,1
-0.51815,28.19899,1
2.88155,36.59886,1
3.32435,33.12502,1
5.00048,31.93835,1
1.83906,29.73738,1
1.84268,29.73823,1
6.05203,31.35987,1
6.05097,31.36379,1
6.04781,31.36148,1
5.99587,31.5562,1
5.99191,31.55542,1
4.65871,36.28992,1
0.28356,28.46177,1
0.2844,28.46499,1
0.28883,28.4684,1
0.28926,28.46207,1
0.29009,28.46534,1
4.99799,31.94273,1
6.03289,31.70143,1
3.24019,32.95234,1
3.23971,32.94599,1
3.24031,32.95006,1
6.70106,32.57737,1
6.78739,31.18933,1
6.05287,31.36125,1
6.04564,31.36717,1
0.46207,27.8029,1
5.00129,31.94052,1
4.99608,31.94243,1
5.00145,31.94095,1
4.9959,31.94197,1
6.04739,31.3615,1
6.05373,31.3597,1
0.46257,27.80177,1
5.23545,22.96311,1
5.23363,22.9695,1
9.80794,28.60195,1
6.06851,31.90153,1
8.59684,31.1235,1
6.79159,31.18626,1
6.79096,31.18586,1
6.05504,31.35757,1
6.04976,31.36178,1
6.06499,31.9007,1
6.06554,31.89769,1
6.06905,31.89855,1
8.18789,35.24387,1
5.0018,31.94198,1
6.06762,31.8964,1
6.07043,31.90234,1
5.00153,31.94061,1
4.99929,31.94072,1
6.71918,29.67226,1
6.71783,29.66963,1
2.93251,36.14124,1
8.1757,35.40211,1
8.17199,35.40305,1
3.23982,32.94752,1
4.99898,31.94251,1
6.04594,31.36509,1
6.04938,31.36426,1
6.05118,31.35848,1
6.7015,32.58021,1
-0.51866,28.19943,1
9.04011,28.70913,1
8.58415,31.10327,1
8.58904,31.10454,1
6.06926,31.89784,1
6.06815,31.89889,1
4.97307,36.43886,1
7.59639,28.15265,1
9.74535,28.90928,1
9.75108,28.9096,1
6.3478,30.50973,1
6.7911,31.18967,1
6.79145,31.18835,1
3.72261,32.38429,1
3.70212,32.56303,1
3.17849,36.70961,1
5.10941,34.39186,1
3.00888,36.67811,1
5.75964,34.85579,1
-0.59267,35.51208,1
6.04732,31.36458,1
6.05193,31.35962,1
6.78866,31.18851,1
6.78454,31.18936,1
-1.59198,34.92482,1
5.1092,34.39142,1
5.10825,34.38792,1
6.06528,31.90348,1
6.06425,31.89968,1
4.99874,31.94113,1
-0.51873,28.19929,1
7.59238,28.15604,1
1.90003,30.91242,1
0.46107,27.79969,1
8.58615,31.10272,1
4.99824,31.9397,1
6.11373,32.59724,1
8.39223,30.94439,1
2.88141,36.59622,1
3.07501,36.6392,1
3.13338,36.66821,1
5.07352,35.97886,1
4.99804,35.9654,1
3.32995,36.75849,1
7.68277,36.79126,1
7.70147,36.79505,1
7.65598,36.82627,1
6.70104,32.5782,1
4.9992,31.93988,1
5.97461,31.63859,1
6.04701,31.36424,1
6.05432,31.35967,1
8.3952,30.94416,1
8.39068,30.94497,1
6.78665,31.18832,1
6.79073,31.18763,1
6.88915,30.09542,1
6.91839,30.11127,1
8.26448,30.61016,1
8.26,30.61096,1
-0.51868,28.19938,1
0.46154,27.79908,1
8.94933,28.71157,1
8.26335,30.61064,1
8.59735,31.12247,1
6.78907,31.18772,1
6.46804,34.68348,1
7.65472,36.73116,1
2.94836,35.90083,1
0.43112,35.95964,1
6.83622,36.6056,1
4.99471,35.96559,1
6.04573,31.36447,1
6.05023,31.36016,1
4.99765,31.94335,1
5.29703,31.97271,1
6.049,31.36559,1
6.05349,31.36125,1
6.7887,31.19011,1
6.78807,31.18654,1
0.73464,30.79644,1
7.59344,28.15459,1
3.68384,31.20931,1
3.68088,31.21029,1
5.00026,31.94255,1
6.7889,31.18994,1
6.05153,31.35789,1
6.0521,31.36276,1
6.04584,31.36331,1
7.59419,28.15328,1
-0.21344,35.80198,1
6.04378,31.36537,1
6.0515,31.36308,1
8.50731,31.05487,1
8.68151,31.10389,1
6.79087,31.18834,1
6.06324,31.89985,1
6.06901,31.90116,1
5.53832,22.73467,1
0.30944,28.11314,1
6.94941,36.86485,1
7.59077,28.15668,1
4.99882,31.93989,1
5.00006,31.94195,1
3.23873,32.94946,1
6.78734,31.18933,1
7.59415,28.15805,1
7.59105,28.15763,1
6.99386,30.00598,1
8.66948,31.24731,1
8.16192,31.11473,1
8.66585,31.24983,1
7.59495,28.15376,1
9.38712,28.66978,1
9.38622,28.67021,1
8.10112,30.65438,1
6.05159,31.36639,1
6.0485,31.3597,1
6.05398,31.36115,1
7.54137,28.63298,1
9.74672,28.60287,1
9.75378,28.60321,1
6.54595,30.40587,1
5.00253,31.93835,1
-0.53108,35.72882,1
4.12387,36.67897,1
9.05025,28.46946,1
6.02297,31.76246,1
4.99877,31.94087,1
6.04954,31.3637,1
6.05286,31.35859,1
6.7907,31.19039,1
6.78442,31.18714,1
8.09253,30.65624,1
7.59668,28.15644,1
0.46318,27.80012,1
8.04334,35.38996,1
8.20922,36.26258,1
8.20824,36.26444,1
8.04187,35.39044,1
8.04757,35.39214,1
8.05332,35.39385,1
8.04904,35.39162,1
7.13346,31.94068,1
5.00133,31.94129,1
6.69491,32.52657,1
6.79101,31.18973,1
6.04997,31.36309,1
6.14718,31.61244,1
8.0486,35.39196,1
8.05242,35.39223,1
8.05629,35.3925,1
8.04505,35.38662,1
7.12406,34.5172,1
7.12213,34.51767,1
0.47337,35.98316,1
6.04723,31.3655,1
6.05068,31.3614,1
6.05491,31.36067,1
6.78682,31.18857,1
4.99837,31.94167,1
6.02394,31.76185,1
7.59431,28.15323,1
9.73497,28.60009,1
9.73442,28.60398,1
6.78804,31.18705,1
7.13399,31.94108,1
6.06677,31.90168,1
6.94104,34.56748,1
7.31963,35.77818,1
5.40349,34.78436,1
4.73662,32.22989,1
4.99961,31.94044,1
6.04588,31.36575,1
6.05033,31.36515,1
6.05415,31.3611,1
6.78893,31.18994,1
6.78828,31.18657,1
7.59383,28.15614,1
7.59318,28.15286,1
7.85946,27.92062,1
3.22513,33.01921,1
-0.66712,35.04086,1
5.0016,31.94124,1
7.59427,28.155,1
6.04565,31.36491,1
6.05014,31.35998,1
6.05523,31.35948,1
6.78797,31.18744,1
5.00113,31.9409,1
-0.93639,35.56458,1
-0.667,35.03782,1
4.99692,31.94271,1
-0.51835,28.20137,1
3.54125,31.24028,1
7.10081,31.99638,1
7.13467,31.93986,1
6.0497,31.36486,1
6.78674,31.18594,1
6.7912,31.18686,1
4.99828,31.94096,1
6.01876,33.54747,1
6.75598,32.17528,1
6.57527,36.69635,1
3.32129,33.12142,1
8.26299,30.61114,1
6.04637,31.36772,1
6.05078,31.36153,1
8.59242,31.11446,1
6.78695,31.18766,1
7.59341,28.15477,1
7.59298,28.15392,1
5.4812,36.33085,1
0.33007,34.7979,1
3.22631,33.01859,1
4.99963,31.94237,1
8.25977,30.60991,1
8.25961,30.6115,1
5.00021,31.93824,1
7.58933,28.15654,1
7.59722,28.1543,1
0.464,27.79714,1
-0.5187,28.20153,1
7.598,28.15508,1
7.59015,28.15726,1
6.6822,30.19086,1
6.68038,30.19309,1
5.00175,31.93943,1
6.05019,31.36604,1
6.04858,31.36139,1
7.73369,36.8864,1
7.72967,36.88566,1
7.72795,36.88504,1
7.59601,28.15078,1
7.59829,28.15287,1
9.19806,27.76326,1
8.58675,31.10016,1
5.00233,31.93751,1
6.12845,31.8493,1
6.13125,31.84584,1
5.96143,31.58997,1
6.04975,31.36041,1
8.58753,31.10354,1
6.68183,30.19019,1
3.50599,36.70811,1
7.59379,28.15449,1
2.65728,36.53268,1
6.02508,36.18108,1
-0.17907,35.7989,1
0.55843,35.73761,1
7.92763,36.28828,1
4.99873,31.9426,1
6.24119,31.67552,1
-0.59442,35.51153,1
6.7881,31.18825,1
6.78942,31.18709,1
6.05094,31.35813,1
6.04683,31.3639,1
7.59199,28.15283,1
-0.51655,28.1984,1
0.46141,27.79819,1
5.51645,22.8593,1
6.13585,31.84665,1
8.55606,31.22785,1
8.57061,31.22499,1
7.03251,30.47096,1
7.5922,28.15518,1
6.79192,31.18581,1
6.78999,31.18751,1
6.0479,31.3626,1
6.73032,29.66719,1
6.1277,31.84766,1
5.00134,31.93962,1
7.62015,36.20612,1
0.95597,36.20462,1
0.64726,36.26294,1
3.1613,36.54513,1
4.73778,32.22871,1
4.99921,31.94271,1
4.9984,31.93932,1
1.90025,30.91179,1
7.59465,28.15592,1
6.04658,31.36503,1
6.05043,31.36061,1
6.05518,31.35973,1
6.78963,31.18695,1
6.78452,31.18793,1
0.46297,27.79788,1
-0.51601,28.19892,1
5.51845,22.85819,1
6.04641,31.36474,1
6.05245,31.35814,1
4.99997,31.94165,1
7.1337,31.94084,1
5.8699,31.73048,1
8.16314,30.99454,1
8.16662,30.99899,1
8.16257,30.99854,1
8.58676,31.10239,1
8.16716,30.99499,1
5.99986,35.85247,1
3.08677,36.6894,1
3.16457,36.54248,1
4.86112,36.09248,1
4.86247,36.09056,1
6.71517,32.56752,1
5.11198,34.38731,1
5.90344,31.75281,1
5.90411,31.75614,1
6.02446,31.7626,1
5.00159,31.93933,1
5.00224,31.94275,1
7.59499,28.15343,1
5.85307,31.61487,1
6.04756,31.36549,1
6.05098,31.36156,1
6.05506,31.36096,1
6.78903,31.18912,1
6.78504,31.18974,1
8.26326,30.61167,1
1.90046,30.91225,1
9.16305,28.71651,1
7.8617,27.92155,1
0.0564,28.03641,1
0.05581,28.03223,1
0.46117,27.79981,1
-0.30083,35.83285,1
-0.30836,35.83515,1
9.7538,28.86807,1
0.46212,27.79952,1
6.19621,36.25835,1
7.55009,36.39308,1
5.9945,36.67725,1
5.16185,36.65933,1
5.16134,36.65985,1
7.06965,35.9635,1
9.16259,28.71629,1
8.94669,28.86912,1
6.92649,29.85751,1
1.89939,30.91234,1
8.26112,30.61369,1
6.79037,31.18929,1
6.05379,31.36045,1
6.05024,31.36497,1
6.04608,31.36543,1
5.90807,31.75558,1
5.90375,31.75603,1
6.06309,31.90031,1
6.06732,31.89985,1
7.59337,28.15436,1
0.46313,27.80228,1
6.05101,31.36522,1
6.05316,31.35731,1
5.90928,31.7518,1
5.90523,31.75099,1
3.70705,32.56668,1
5.0021,31.9413,1
5.00022,31.94005,1
4.44091,36.63603,1
3.16122,32.55357,1
5.63179,30.87788,1
5.63652,30.88309,1
6.79041,31.18893,1
6.78684,31.1892,1
6.05272,31.3595,1
6.04932,31.36518,1
6.04535,31.36547,1
5.90658,31.7525,1
5.90245,31.75279,1
6.02263,31.76046,1
5.90457,31.75354,1
4.9983,31.94307,1
4.99881,31.94392,1
9.1626,28.71612,1
9.16,28.71811,1
5.64481,30.88251,1
7.59232,28.15614,1
6.26172,36.18565,1
5.90282,31.75575,1
5.90578,31.75727,1
6.04785,31.36146,1
6.04162,31.36319,1
6.78458,31.18951,1
6.04854,31.3614,1
6.04233,31.36318,1
6.78532,31.19191,1
4.99981,31.94325,1
-0.51917,28.19912,1
0.46272,27.80079,1
9.67034,29.10881,1
7.5936,28.15261,1
7.59692,28.15338,1
9.38167,28.44497,1
8.68201,31.10362,1
6.94651,31.39193,1
3.35376,33.17325,1
5.41141,34.78473,1
3.26022,36.39219,1
3.26448,36.3933,1
4.54468,36.42754,1
7.62778,36.81524,1
3.26073,36.39435,1
7.8622,27.92161,1
6.06822,31.89759,1
5.91016,31.75425,1
6.07761,31.78557,1
5.91003,31.75145,1
5.96829,31.69294,1
6.54848,30.40688,1
3.50317,34.87307,1
3.50356,34.87196,1
-0.0061,34.20148,1
-0.0054,34.19656,1
4.95804,35.4391,1
3.05151,36.2682,1
3.05632,36.2744,1
3.05091,36.27417,1
5.90395,36.41238,1
5.89609,36.4122,1
6.17549,36.3479,1
6.1731,36.34085,1
6.17235,36.34237,1
6.18101,36.34255,1
5.43075,36.17319,1
5.43777,36.17337,1
5.90292,36.4119,1
5.895,36.41176,1
6.94955,36.86546,1
5.98531,31.6435,1
6.04143,31.36606,1
6.04912,31.3658,1
6.04871,31.35879,1
6.04769,31.36774,1
5.90474,31.75937,1
5.96194,31.8325,1
5.9696,31.83224,1
5.96236,31.83956,1
5.97003,31.8393,1
5.97351,31.83676,1
5.96575,31.83698,1
6.06465,31.90456,1
5.9019,31.75644,1
5.90443,31.75228,1
6.04732,31.36073,1
6.78553,31.18764,1
6.78494,31.19177,1
8.09092,30.65929,1
9.15894,28.7168,1
7.59538,28.15309,1
7.5902,28.15342,1
7.5905,28.1566,1
6.78831,31.19183,1
6.79203,31.19091,1
6.7866,31.18668,1
6.04645,31.36242,1
6.05319,31.36079,1
6.04981,31.36161,1
6.04559,31.3632,1
6.04897,31.36241,1
6.05236,31.36162,1
6.78638,31.18713,1
6.79012,31.18623,1
5.92628,31.19625,1
5.97306,31.83392,1
5.96646,31.8355,1
5.96978,31.83471,1
6.71287,32.56914,1
5.90377,31.7552,1
5.907,31.75443,1
7.59359,28.15376,1
9.15997,28.71392,1
-0.51512,28.20158,1
7.20133,28.68731,1
5.97791,31.83154,1
5.96895,31.83288,1
5.97556,31.83479,1
6.06925,31.89741,1
8.68161,31.10176,1
8.04071,31.0576,1
6.79375,31.18503,1
6.79138,31.19132,1
5.64884,30.87899,1
6.79543,31.18524,1
6.05048,31.36451,1
5.91114,31.7552,1
5.97133,31.82968,1
5.48169,36.52311,1
5.48212,36.52253,1
7.59445,28.15111,1
7.59477,28.15081,1
-0.52081,28.20284,1
-0.51592,28.19995,1
6.05111,31.36233,1
6.04748,31.36206,1
6.06536,31.62739,1
6.54361,30.40448,1
6.54428,30.40529,1
5.85848,31.83344,1
5.96848,31.83297,1
5.97218,31.83323,1
6.06535,31.89754,1
6.06906,31.89782,1
6.98589,32.13399,1
6.99013,32.13428,1
6.9902,32.13414,1
6.98595,32.13388,1
6.13608,35.75684,1
5.85647,36.12847,1
-0.93662,35.56453,1
2.56073,36.50192,1
2.56496,36.50125,1
1.35454,35.33901,1
-0.57642,35.63668,1
-0.57494,35.63538,1
6.05291,31.36119,1
6.04836,31.36608,1
6.05367,31.35869,1
6.04913,31.36362,1
5.968,31.83624,1
5.97346,31.83516,1
5.96697,31.83249,1
5.97246,31.83139,1
5.90532,31.75455,1
5.96124,31.59095,1
7.86257,27.92297,1
7.59228,28.15287,1
9.16027,28.71624,1
9.16059,28.7144,1
9.66504,29.10666,1
9.66969,29.11079,1
9.66652,29.11152,1
6.78793,31.18612,1
6.78903,31.19009,1
6.04733,31.36228,1
-0.51621,28.20165,1
0.46333,27.79958,1
7.59439,28.15213,1
7.29028,28.57213,1
7.87457,31.03864,1
6.05641,31.63092,1
5.80026,36.47848,1
5.79525,36.47799,1
5.79916,36.48253,1
1.35625,35.33767,1
6.57784,36.444,1
5.91358,36.79125,1
6.7129,32.56784,1
5.95909,31.62168,1
6.05128,31.7878,1
6.02477,31.76148,1
5.90379,31.75313,1
9.15995,28.71767,1
5.97008,31.83462,1
6.04702,31.36579,1
6.04631,31.36251,1
6.0536,31.35795,1
6.78854,31.19004,1
6.7878,31.18673,1
-0.51841,28.20273,1
7.59603,28.15388,1
7.5916,28.15467,1
0.46416,27.80061,1
-0.51474,28.1989,1
7.77176,27.94216,1
7.77572,27.94273,1
7.77513,27.94607,1
7.77235,27.93883,1
7.87518,31.04029,1
3.26529,36.63032,1
6.007,36.11454,1
6.00725,36.11528,1
4.73852,32.22893,1
5.96902,31.83476,1
5.97432,31.83413,1
6.05329,31.35789,1
6.78561,31.18817,1
6.79039,31.18756,1
6.54352,30.39888,1
6.05211,31.78939,1
5.9057,31.75359,1
7.85879,27.92376,1
7.8628,27.92318,1
-0.51813,28.20099,1
-0.51818,28.20155,1
0.4649,27.79928,1
9.15943,28.71527,1
7.59414,28.15439,1
9.89026,27.75982,1
-0.51564,28.1999,1
3.22942,33.0164,1
6.58346,36.04084,1
6.58309,36.04049,1
-0.33121,35.82815,1
5.27292,34.74918,1
5.27688,34.74892,1
5.27619,34.74362,1
5.27466,34.75051,1
5.27398,34.7452,1
5.27794,34.74493,1
6.78967,31.18698,1
6.78396,31.1875,1
6.05052,31.35886,1
6.0511,31.36375,1
5.96995,31.83052,1
5.97142,31.83679,1
5.96498,31.83731,1
5.97083,31.83185,1
5.9644,31.83236,1
5.97051,31.83547,1
5.9641,31.83602,1
5.97705,31.83491,1
6.04476,31.3643,1
5.9989,31.51431,1
5.99902,31.51608,1
9.89159,27.76128,1
9.16056,28.71736,1
5.96825,31.83934,1
5.97565,31.83714,1
5.96551,31.83273,1
5.97309,31.83047,1
5.96735,31.83927,1
5.97482,31.8371,1
5.96456,31.83267,1
5.97219,31.83045,1
5.99548,31.51129,1
6.04591,31.36243,1
6.04564,31.36384,1
6.0533,31.3616,1
-0.5172,28.20181,1
9.16023,28.71526,1
7.7735,27.94061,1
9.19087,27.7588,1
9.19886,27.76493,1
6.78897,31.18775,1
6.79167,30.01745,1
7.74809,30.30058,1
3.61157,31.47501,1
3.60749,31.47399,1
3.60911,31.46861,1
5.96126,31.56103,1
6.0486,31.36473,1
6.04577,31.36433,1
6.78751,31.18695,1
5.76211,30.97458,1
8.68202,31.10223,1
3.61318,31.46963,1
6.98725,32.13442,1
5.97487,31.83514,1
2.95254,36.53369,1
2.7522,36.4725,1
5.86508,31.60161,1
-0.26488,35.76077,1
5.82246,34.69374,1
5.82413,34.69678,1
5.97041,31.83351,1
5.96428,31.83379,1
6.78478,31.19058,1
6.05054,31.35992,1
6.04485,31.36668,1
6.05017,31.36072,1
6.0445,31.36744,1
9.66608,29.11188,1
6.98953,30.00704,1
6.98943,30.00887,1
6.05145,31.35885,1
6.04497,31.3663,1
6.04914,31.36526,1
6.78736,31.19058,1
6.04775,31.36555,1
6.78791,31.18518,1
6.78332,31.18639,1
6.78988,31.19078,1
6.14462,31.74974,1
6.14056,31.75077,1
5.97423,31.83289,1
5.96605,31.83492,1
5.97017,31.8339,1
5.97358,31.83466,1
5.96543,31.83674,1
5.96954,31.83569,1
-0.51652,28.20037,1
0.46194,27.79803,1
0.46472,27.79972,1
9.09783,28.43066,1
9.69332,29.13059,1
6.86013,32.21737,1
6.86057,32.2182,1
6.93466,31.39188,1
8.36491,31.08141,1
6.79206,31.18978,1
6.78698,31.18845,1
6.79188,31.1862,1
6.78683,31.18485,1
5.97656,31.8355,1
5.79887,35.05578,1
5.79719,35.05457,1
6.42188,36.5295,1
6.42635,36.53065,1
6.42075,36.53494,1
5.32579,36.28955,1
5.26034,36.42695,1
5.25588,36.42573,1
8.09124,30.25054,1
6.24489,31.71907,1
5.96908,31.83038,1
5.97372,31.83068,1
5.9475,31.88265,1
5.94305,31.88238,1
6.05059,31.36079,1
6.05283,31.35748,1
6.04784,31.3629,1
3.65571,31.44084,1
3.65513,31.44579,1
4.47892,35.70771,1
0.33121,34.79892,1
5.84111,34.67455,1
5.84217,34.67804,1
5.84101,34.6742,1
5.86639,36.05551,1
6.04758,31.36429,1
6.05089,31.3592,1
6.78828,31.19038,1
6.78701,31.18605,1
8.26082,30.61141,1
5.97366,31.83438,1
5.96927,31.83531,1
6.71501,32.5682,1
9.88936,27.7593,1
9.17374,27.71213,1
0.46381,27.79883,1
-0.51516,28.20088,1
8.17669,31.00594,1
6.938,36.27034,1
6.93532,36.27673,1
8.84188,27.41105,1
9.39428,28.18014,1
6.79252,31.18749,1
6.78738,31.18699,1
6.78986,31.18534,1
6.7893,31.18982,1
6.80423,31.19571,1
6.05417,31.36012,1
6.04891,31.36394,1
5.95915,31.52261,1
5.96071,31.52149,1
5.95201,31.70988,1
6.16327,31.75726,1
6.16535,31.75451,1
5.65447,32.3857,1
3.76291,36.37607,1
5.19964,36.61474,1
3.98012,36.73127,1
3.76069,36.36366,1
3.76004,36.36766,1
3.76438,36.3681,1
3.76368,36.37209,1
6.19276,36.59202,1
3.75936,36.37165,1
6.71923,36.54532,1
7.61843,36.20549,1
3.3279,36.75979,1
3.23435,36.62903,1
3.83097,36.36121,1
3.90921,36.34667,1
3.91038,36.34425,1
1.19552,36.13625,1
6.93841,34.58774,1
-0.21639,35.50798,1
6.71409,32.56622,1
4.7376,32.22929,1
8.83947,31.44605,1
5.969,31.83374,1
5.9732,31.83302,1
6.02206,31.76196,1
5.84134,31.69074,1
6.04935,31.3648,1
6.05279,31.3607,1
6.78711,31.18809,1
6.78866,31.18601,1
8.26058,30.61251,1
0.46164,27.79807,1
-0.51718,28.19893,1
9.89144,27.75796,1
9.17608,27.73096,1
6.78648,31.1881,1
5.84497,31.65966,1
6.06454,31.78344,1
3.77274,36.66059,1
3.8415,36.3949,1
3.84587,36.39551,1
3.84732,36.38886,1
7.16078,35.90922,1
7.16368,35.90795,1
7.15871,35.90359,1
7.16436,35.90425,1
4.4787,35.70708,1
3.77812,36.66463,1
6.78597,31.18948,1
6.79019,31.18888,1
4.57268,32.77177,1
5.96782,31.83636,1
5.96719,31.83287,1
5.97172,31.83227,1
6.02138,31.76026,1
5.98448,31.76167,1
5.98901,31.76106,1
8.26236,30.61107,1
5.99575,31.4938,1
6.04713,31.36441,1
6.05095,31.36036,1
9.89012,27.75967,1
9.50537,28.07847,1
0.46373,27.80152,1
0.4607,27.80009,1
-4.33282,25.94741,1
2.7202,36.459,1
6.69188,32.52607,1
6.68997,32.52906,1
5.96867,31.83505,1
5.97388,31.83454,1
6.06868,31.79364,1
6.046,31.3641,1
6.05048,31.35917,1
6.78864,31.18659,1
6.78406,31.18707,1
6.78925,31.19083,1
9.50583,28.07794,1
2.71705,36.45644,1
2.7218,36.45515,1
-0.51767,28.20356,1
-0.51679,28.19804,1
0.46209,27.80035,1
2.51237,27.18493,1
2.51152,27.18363,1
7.14939,32.10388,1
6.06403,31.89757,1
6.06877,31.89858,1
7.14987,32.10444,1
5.97304,31.83584,1
5.97426,31.83156,1
6.79026,31.18711,1
6.7858,31.18618,1
6.05098,31.36147,1
5.64338,36.46576,1
-0.51683,28.19994,1
1.89133,29.58877,1
1.88553,29.58847,1
-0.30347,35.82695,1
6.69157,32.52593,1
5.96536,31.83721,1
5.97029,31.83695,1
5.96773,31.83361,1
5.9727,31.83331,1
6.04762,31.36703,1
6.05201,31.36084,1
6.7874,31.19237,1
6.78685,31.18673,1
8.26094,30.61478,1
9.50344,28.08083,1
9.50241,28.08186,1
9.09987,27.92945,1
9.88972,27.75953,1
7.85954,27.92398,1
6.69343,32.52937,1
5.96625,31.83528,1
5.9713,31.83393,1
8.26283,30.6095,1
6.05111,31.35866,1
6.04961,31.36173,1
6.04448,31.36311,1
6.78229,31.18867,1
6.78796,31.18712,1
-0.51694,28.19832,1
0.46192,27.79896,1
8.96717,28.74829,1
6.78774,31.18751,1
6.79187,31.18853,1
5.42694,31.99404,1
5.42949,31.99488,1
5.96019,31.75501,1
6.20204,31.67591,1
3.19389,32.74654,1
7.25871,28.59633,1
7.26486,28.59667,1
7.51686,28.46609,1
6.20274,31.6747,1
6.04709,31.3655,1
6.79055,31.1877,1
6.06927,31.89968,1
6.06607,31.90206,1
5.97264,31.83465,1
5.96683,31.83437,1
8.25731,30.61525,1
6.70458,29.70522,1
8.9637,28.74862,1
8.96241,28.75319,1
7.85316,27.92074,1
7.85977,27.92039,1
9.88825,27.76075,1
3.17509,32.73693,1
5.97189,31.83579,1
5.96646,31.83702,1
5.9705,31.83134,1
6.02124,31.76177,1
6.7847,31.18685,1
8.26176,30.61255,1
8.26211,30.61393,1
6.05022,31.36164,1
6.04468,31.36286,1
6.05208,31.36057,1
6.78735,31.19034,1
6.04794,31.36635,1
8.96322,28.74911,1
9.88776,27.76041,1
9.89265,27.75912,1
9.8929,27.75998,1
-0.51668,28.20086,1
0.46292,27.80026,1
6.78672,31.1854,1
6.79243,31.18836,1
6.35578,36.12593,1
6.33889,36.13015,1
6.35369,36.12764,1
6.34089,36.12848,1
9.50604,28.07882,1
9.89298,27.7567,1
7.8901,27.83563,1
5.97395,31.83378,1
5.96801,31.83328,1
6.05439,31.54074,1
5.95574,31.52769,1
6.05026,31.3611,1
6.78953,31.18575,1
5.8399,36.17798,1
5.84143,36.1811,1
5.24468,36.49199,1
6.0238,31.76193,1
6.007,31.754,1
5.99696,31.73375,1
5.99576,31.73485,1
6.04766,31.36292,1
6.05153,31.35849,1
6.78979,31.18882,1
6.78466,31.18981,1
8.26299,30.61181,1
8.96664,28.74735,1
10.99365,23.92702,1
0.46168,27.80009,1
9.46784,28.22982,1
9.74962,28.08423,1
9.8927,27.75737,1
6.47677,32.17313,1
7.15551,32.15591,1
6.04691,31.36298,1
6.78454,31.18716,1
6.78977,31.18777,1
8.66697,31.2481,1
8.53115,31.08063,1
8.08445,30.24715,1
5.95582,35.62622,1
5.94469,35.62498,1
5.95089,35.62184,1
5.9564,35.62244,1
5.95019,35.6256,1
7.64861,36.76314,1
5.47925,36.23695,1
4.47905,35.7066,1
4.75991,35.70867,1
8.96517,28.74851,1
6.5448,30.40075,1
6.54219,30.40793,1
8.26092,30.61257,1
6.78871,31.1869,1
6.78472,31.18751,1
6.78939,31.19018,1
6.05192,31.35954,1
6.04851,31.36346,1
6.02191,31.76127,1
6.05258,31.78751,1
9.87569,27.67291,1
9.89337,27.76039,1
-0.51819,28.20009,1
9.50406,28.07796,1
9.00613,31.72132,1
5.78825,36.44619,1
5.51822,36.21532,1
2.02645,34.2228,1
2.02248,34.22306,1
2.6455,36.13566,1
8.96759,28.74845,1
8.96633,28.74879,1
8.26221,30.61338,1
6.78765,31.18781,1
6.7895,31.18909,1
6.78387,31.18973,1
6.05068,31.36067,1
6.04717,31.36516,1
6.02418,31.7601,1
9.89254,27.76163,1
0.46117,27.80043,1
2.02362,34.22519,1
2.02568,34.22094,1
2.7046,36.52143,1
6.0665,31.8992,1
6.054,31.3593,1
6.04894,31.36245,1
5.87975,31.77271,1
5.51224,36.33555,1
2.02707,34.22291,1
2.02844,34.21899,1
-1.38712,35.15537,1
-1.38854,35.15381,1
2.02241,34.22192,1
2.03091,34.22208,1
6.02495,35.8716,1
6.04201,31.65362,1
6.04253,31.65901,1
6.0386,31.6593,1
6.03459,31.65961,1
6.04646,31.65871,1
6.04949,31.65576,1
6.0421,31.66169,1
6.03817,31.66197,1
6.04602,31.66143,1
6.03871,31.66736,1
6.0347,31.66764,1
6.05927,31.67135,1
6.05188,31.67729,1
6.78974,31.18923,1
6.02032,31.76106,1
6.02275,31.76308,1
6.0631,31.90404,1
5.99449,31.62453,1
6.05317,31.36017,1
6.78621,31.18951,1
6.04924,31.36045,1
6.04588,31.3661,1
6.54112,30.40263,1
8.25992,30.61446,1
8.2599,30.61279,1
9.13644,28.91767,1
7.86113,27.92505,1
9.89161,27.76015,1
6.04814,31.35863,1
6.05059,31.36491,1
6.04428,31.36666,1
6.04859,31.35816,1
6.04472,31.36623,1
6.78688,31.18846,1
-0.51812,28.20102,1
9.03958,28.70774,1
6.72056,29.71626,1
6.06809,31.89927,1
5.94613,31.8807,1
3.5622,31.46455,1
3.56017,31.47035,1
3.55999,31.46747,1
8.53432,31.08383,1
8.26641,31.4472,1
6.05438,31.35856,1
6.04906,31.36279,1
5.99481,31.6205,1
2.75627,36.47402,1
4.99707,35.96627,1
7.70636,36.78717,1
2.89952,36.64063,1
6.79334,31.18694,1
6.79198,31.18911,1
6.0487,31.35926,1
6.06587,31.90141,1
5.98156,31.62942,1
6.0526,31.36131,1
6.94992,36.8633,1
6.78744,31.19303,1
6.787,31.18632,1
6.78016,31.18662,1
8.26011,30.61187,1
8.25967,30.61268,1
5.97422,31.63328,1
5.97429,31.63506,1
6.04554,31.36899,1
6.04514,31.362,1
8.55534,31.23672,1
6.78125,31.18971,1
6.78811,31.18944,1
9.89037,27.76284,1
9.88862,27.76395,1
7.85748,27.92307,1
7.5114,28.43611,1
6.48551,29.27245,1
5.30885,36.01536,1
6.15678,36.15048,1
9.88835,27.76029,1
9.89241,27.76206,1
8.26058,30.61279,1
7.09901,30.225,1
6.78409,31.18944,1
6.78786,31.18851,1
8.92979,28.75666,1
6.04639,31.36325,1
6.05321,31.36162,1
-0.5182,28.20037,1
0.46317,27.79878,1
8.09203,30.25228,1
5.1238,32.04809,1
5.12422,32.0479,1
6.06658,31.89932,1
6.06714,31.90155,1
5.96943,31.69855,1
6.05002,31.36656,1
6.05248,31.3601,1
6.0505,31.36278,1
6.7885,31.1861,1
6.78734,31.18558,1
6.79351,31.18728,1
6.7163,29.69615,1
6.33985,36.51742,1
7.1667,36.54636,1
8.09009,30.25201,1
6.7855,31.18603,1
6.78953,31.18631,1
8.26663,31.44797,1
6.09138,31.35397,1
6.05428,31.35651,1
6.05013,31.36144,1
6.04647,31.36117,1
3.82469,32.07229,1
5.95913,33.46371,1
5.96303,33.46397,1
6.06562,31.90188,1
6.06938,31.90215,1
6.21872,35.67649,1
6.63475,35.48531,1
6.63371,36.32096,1
6.21469,35.67693,1
6.21898,35.67717,1
6.21445,35.67623,1
6.63246,35.48905,1
6.37233,36.73657,1
6.3714,36.73798,1
5.91274,36.62318,1
5.91613,36.61886,1
5.91525,36.61931,1
6.88165,36.10749,1
5.99888,36.24401,1
-0.59455,35.51208,1
-0.47605,35.64326,1
-0.47539,35.64669,1
-0.2142,35.80339,1
3.166,36.54364,1
6.218,35.67912,1
6.21617,35.67888,1
6.06244,31.90031,1
3.18704,32.74027,1
8.93132,28.75453,1
6.78721,31.18598,1
6.78832,31.18996,1
6.04961,31.36041,1
6.0229,31.76206,1
6.06799,31.8992,1
0.46376,27.79809,1
-0.15298,27.53225,1
-0.51576,28.20127,1
9.89068,27.76178,1
6.78865,31.18877,1
6.78922,31.1847,1
8.03256,30.8247,1
8.94997,28.86796,1
7.20131,28.67954,1
6.85993,32.21532,1
6.06803,31.89842,1
9.02154,31.6969,1
6.04935,31.36301,1
5.98071,33.97805,1
5.98495,33.97849,1
6.85949,32.21716,1
2.61867,36.51438,1
3.25186,36.55001,1
5.00476,36.78865,1
3.26913,36.63007,1
3.13547,36.60116,1
7.41053,35.90685,1
7.36093,35.7683,1
6.025,35.86682,1
6.02924,35.86618,1
6.91742,35.10543,1
1.35598,35.33957,1
5.41432,34.78791,1
5.84418,34.67263,1
5.84001,34.67326,1
5.83928,34.66998,1
5.84345,34.66935,1
5.98221,33.98111,1
8.28876,31.03943,1
6.04887,31.36401,1
6.05216,31.36009,1
6.78495,31.18881,1
6.78903,31.18814,1
6.54528,30.39886,1
6.54271,30.40616,1
6.54344,30.40946,1
6.71267,32.56622,1
6.02424,31.75964,1
9.89381,27.7595,1
0.46385,27.80062,1
-0.51545,28.20101,1
8.93131,28.75648,1
0.31158,27.45713,1
0.30739,27.45629,1
0.31057,27.46123,1
0.30637,27.46039,1
6.78911,31.18796,1
5.79417,36.75546,1
6.05429,36.61635,1
6.05069,36.6124,1
6.0552,36.613,1
6.01602,36.64939,1
6.04981,36.61576,1
5.08446,36.6184,1
5.0837,36.6217,1
3.2772,36.66705,1
8.19458,36.45554,1
6.5837,35.98243,1
-0.66685,35.08086,1
-0.66515,35.07818,1
6.79086,31.19057,1
6.78549,31.18763,1
6.05068,31.35968,1
6.04618,31.36402,1
8.36207,31.08331,1
8.59402,31.11366,1
6.02415,31.76015,1
8.93056,28.75791,1
6.45194,29.22696,1
-0.5176,28.19899,1
9.14344,27.78286,1
9.40527,28.17762,1
-0.36605,35.82795,1
2.93494,30.402,1
2.93991,30.40306,1
2.9337,30.40636,1
-0.7316,34.43621,1
2.85439,36.31324,1
6.02506,35.8711,1
7.39074,36.35527,1
6.54336,30.39889,1
6.54454,30.40824,1
6.53883,30.40875,1
6.54513,30.41292,1
6.53943,30.41343,1
6.78269,31.18885,1
6.78834,31.18833,1
6.05177,31.36084,1
6.04608,31.36626,1
5.87456,31.61341,1
5.874,31.60979,1
5.94536,31.71349,1
5.95174,31.71294,1
5.95277,31.71475,1
5.94638,31.71526,1
6.0238,31.76356,1
6.54353,30.40101,1
6.5441,30.40569,1
9.89222,27.7591,1
8.80388,27.15205,1
5.9477,31.71445,1
5.94706,31.71492,1
5.95664,31.69721,1
6.04595,31.36542,1
6.05367,31.36312,1
-0.51835,28.19813,1
0.4613,27.79883,1
-0.51812,28.20111,1
9.18494,27.74101,1
8.7987,27.15029,1
6.05,31.36176,1
6.11419,31.57143,1
5.94971,31.71034,1
6.99028,30.00582,1
6.46823,30.03118,1
6.46666,30.03056,1
6.54472,30.40449,1
6.78736,31.18836,1
6.08918,31.32005,1
6.08324,31.3187,1
6.05111,31.36144,1
8.18226,36.46133,1
7.38193,36.54974,1
7.38627,36.55064,1
7.3904,36.35533,1
2.05983,30.06323,1
2.05495,30.06292,1
2.06028,30.05733,1
5.94359,31.71485,1
5.94977,31.71456,1
5.95504,31.70133,1
6.04439,31.36482,1
6.04999,31.35811,1
6.78629,31.19191,1
6.78587,31.19245,1
6.78538,31.1863,1
5.21917,31.75337,1
6.5403,30.41092,1
6.98671,30.01003,1
6.98661,30.008,1
9.40517,28.17958,1
8.06045,36.28894,1
8.05742,36.28899,1
6.71166,32.56533,1
5.94993,31.71309,1
5.9458,31.71415,1
6.98693,30.00723,1
7.7978,30.22202,1
6.78622,31.18843,1
6.04737,31.36695,1
6.04971,31.3605,1
8.02656,30.83133,1
7.907,27.90224,1
6.78958,31.19025,1
6.05287,31.36046,1
6.05046,31.36583,1
5.95784,31.53073,1
6.13593,31.63054,1
3.48764,30.96896,1
3.48503,30.97577,1
5.95189,31.71186,1
7.23054,35.80378,1
7.23227,35.80405,1
7.12305,36.09427,1
7.12898,36.09021,1
1.20183,36.41027,1
7.12389,36.09512,1
7.12524,36.08927,1
7.90948,27.89996,1
7.90412,27.89961,1
7.90629,27.89918,1
6.97454,32.35208,1
5.9505,31.7088,1
5.99843,31.68299,1
6.00102,31.68126,1
6.13528,31.63208,1
6.04803,31.36456,1
6.04728,31.36285,1
6.0593,31.32339,1
6.79016,31.18501,1
6.78826,31.18775,1
6.6401,36.7173,1
6.05492,36.6748,1
6.76514,36.55581,1
6.7655,36.55696,1
9.89,27.76429,1
9.88787,27.75875,1
1.35744,35.33838,1
5.94724,31.71279,1
5.95171,31.71186,1
6.05117,31.36048,1
6.06716,31.89948,1
6.06268,31.90042,1
6.04783,31.36559,1
6.78521,31.19024,1
6.79021,31.18916,1
9.14008,27.78524,1
9.88804,27.75909,1
9.40371,28.18033,1
0.46114,27.79823,1
-0.51811,28.19943,1
9.88658,27.7233,1
8.09155,31.03282,1
8.08608,31.03468,1
8.08369,31.03049,1
7.19242,28.67735,1
5.95033,31.71218,1
6.13394,31.63194,1
6.04982,31.36211,1
6.04739,31.36372,1
6.78754,31.18728,1
6.46464,32.18345,1
6.91248,36.77959,1
7.48178,36.74759,1
7.48223,36.7426,1
-0.26343,35.75952,1
3.63013,36.1508,1
6.91005,36.77867,1
4.26068,36.69838,1
5.68784,35.1851,1
6.47347,36.50846,1
6.1237,36.51455,1
5.48454,36.23097,1
5.48876,36.23031,1
5.88749,34.43851,1
1.35522,35.33986,1
6.79001,31.18804,1
6.78554,31.18884,1
6.05185,31.78797,1
6.02492,31.76008,1
5.94823,31.71401,1
5.95246,31.71328,1
6.04616,31.36502,1
6.05386,31.36018,1
9.23265,28.56297,1
-0.51917,28.19995,1
-0.51609,28.20208,1
2.97983,30.10819,1
9.88899,27.92533,1
9.89081,27.76107,1
9.89237,27.75855,1
8.86295,28.81871,1
0.46347,27.7992,1
9.13181,28.44404,1
7.20148,28.68147,1
6.06207,31.78357,1
6.06579,31.65826,1
4.54853,36.56655,1
5.42461,36.60367,1
3.87981,36.30302,1
5.78603,36.26019,1
5.46769,36.18381,1
5.46838,36.18034,1
7.45031,36.36278,1
7.45639,36.36343,1
6.14287,36.15306,1
5.82139,35.9621,1
5.68763,35.18562,1
5.10841,34.39095,1
4.40927,36.67008,1
4.40489,36.66949,1
4.39607,36.66831,1
4.39167,36.66772,1
4.40415,36.67286,1
4.39531,36.67168,1
4.39973,36.67227,1
4.39905,36.67565,1
4.39464,36.67506,1
4.39684,36.66494,1
4.40565,36.66613,1
4.41002,36.66671,1
4.41437,36.6673,1
4.40125,36.66553,1
4.40641,36.66276,1
4.41512,36.66393,1
4.41079,36.66335,1
4.41589,36.66056,1
4.4115,36.65997,1
4.42027,36.66115,1
4.41226,36.6566,1
4.41666,36.65719,1
4.42106,36.65778,1
4.96839,36.64627,1
4.96905,36.64284,1
4.54395,36.56594,1
4.5449,36.56259,1
4.43371,36.90747,1
3.38539,36.68784,1
6.02478,35.86677,1
2.75749,36.67061,1
4.57631,36.53067,1
4.57065,36.53128,1
4.59377,36.53276,1
4.58294,36.53394,1
4.57736,36.53454,1
4.56589,36.53578,1
4.57155,36.53516,1
4.59456,36.53665,1
4.58925,36.53723,1
4.58388,36.53782,1
4.57246,36.53905,1
4.59532,36.54055,1
4.58995,36.54113,1
4.58457,36.54171,1
4.59065,36.54503,1
4.58518,36.54563,1
6.02238,31.76179,1
6.04661,31.36624,1
6.04597,31.36279,1
6.05421,31.35815,1
6.04977,31.35874,1
6.78715,31.19067,1
6.79136,31.19007,1
6.7865,31.1873,1
7.20683,34.36829,1
6.54044,30.39917,1
6.54463,30.39857,1
8.86437,28.81905,1
9.4066,28.17651,1
9.88962,27.92522,1
9.89092,27.92449,1
9.89014,27.75909,1
0.45969,27.79994,1
-0.28101,35.52908,1
2.93245,30.3935,1
2.9318,30.3982,1
2.93139,30.39749,1
6.38128,36.72844,1
3.04325,36.7822,1
4.58998,36.54253,1
6.37619,36.73105,1
6.38047,36.73173,1
6.377,36.72776,1
4.85895,36.09288,1
2.89202,36.59692,1
3.86368,35.6678,1
8.86465,28.82074,1
8.86716,28.82049,1
9.88982,27.92571,1
9.89315,27.76019,1
6.04755,31.3643,1
6.05198,31.35939,1
6.78418,31.19045,1
6.78873,31.18997,1
0.26925,26.72443,1
-0.51967,28.20016,1
2.51054,27.18356,1
-0.2141,35.80351,1
2.72944,36.42179,1
-0.51901,28.19877,1
0.46165,27.80161,1
6.73859,29.50623,1
5.83025,31.69495,1
6.97178,32.17038,1
6.79182,31.18784,1
6.7874,31.18691,1
6.05018,31.36125,1
6.04895,31.36553,1
5.9722,31.52742,1
3.5849,36.55678,1
0.37388,35.9315,1
3.2354,32.95367,1
6.04471,31.36228,1
6.04958,31.36197,1
6.04522,31.36816,1
6.04765,31.36678,1
6.04278,31.36706,1
8.26188,30.61158,1
8.02611,30.83107,1
6.78935,31.19104,1
6.78496,31.19134,1
8.59224,31.11547,1
9.89072,27.92525,1
9.89159,27.76124,1
-0.25469,35.77309,1
5.80552,31.69702,1
6.78573,31.18735,1
6.78558,31.19024,1
6.79128,31.18869,1
6.04585,31.36296,1
6.05103,31.36159,1
2.51032,27.1836,1
7.72081,27.90407,1
8.82653,28.84409,1
8.36457,31.08077,1
6.78849,31.18758,1
6.0507,31.36313,1
5.95552,31.52448,1
5.95805,31.53116,1
6.13787,31.6369,1
6.13351,31.6358,1
6.79258,31.1886,1
2.83934,36.49262,1
2.8342,36.4912,1
2.83047,36.49393,1
2.83559,36.49537,1
7.71976,27.90285,1
-0.51693,28.19775,1
6.13261,31.63437,1
6.13844,31.63464,1
6.05216,31.36096,1
3.52226,32.39233,1
8.10138,30.65226,1
6.80557,31.19448,1
6.78697,31.18712,1
6.79328,31.1874,1
8.36588,31.08176,1
8.36432,31.08398,1
6.0464,31.36068,1
5.99898,31.51312,1
5.99608,31.51089,1
6.13956,31.6312,1
6.13377,31.63091,1
3.30841,36.69617,1
7.01777,30.47499,1
8.02736,30.83178,1
6.78469,31.19031,1
6.79011,31.19145,1
7.85681,27.9262,1
7.8553,27.92325,1
9.89209,27.76274,1
4.21252,36.64793,1
5.13236,36.33793,1
5.13619,36.33711,1
6.58603,35.97941,1
5.13739,36.3381,1
5.13242,36.33499,1
6.06733,31.90106,1
1.35646,35.34062,1
6.78679,31.18512,1
6.78829,31.18987,1
6.05285,31.36162,1
6.04727,31.36287,1
9.8902,27.76207,1
7.85966,27.92155,1
7.86381,27.92053,1
-0.51533,28.20041,1
0.46087,27.79844,1
0.46295,27.79747,1
8.84933,28.81453,1
9.18444,27.73756,1
7.24076,32.51295,1
6.71629,32.50993,1
8.03553,30.82599,1
7.0327,30.47433,1
6.94783,31.39753,1
5.24491,36.52194,1
5.89041,36.03899,1
5.8883,36.03839,1
5.89481,36.04032,1
9.89158,27.75913,1
7.71957,27.90364,1
7.71929,27.90871,1
9.75653,28.86671,1
3.52447,32.39161,1
7.69529,30.17863,1
8.44866,31.00147,1
8.68129,31.10078,1
6.79021,31.18728,1
6.05021,31.36125,1
6.47482,32.13697,1
6.07057,31.89998,1
6.88327,34.40448,1
6.28549,36.35205,1
6.43967,36.39861,1
6.43569,36.39833,1
6.43935,36.39598,1
6.43535,36.39573,1
6.43866,36.40109,1
3.25365,36.63091,1
2.71122,36.57147,1
4.8618,36.09037,1
6.29246,36.70115,1
6.29136,36.69781,1
3.32843,36.75716,1
6.02149,31.75994,1
7.23909,32.51256,1
1.3578,35.33994,1
8.84927,28.81692,1
8.8445,28.81793,1
6.04703,31.36435,1
6.05093,31.3599,1
6.78832,31.18983,1
6.78736,31.18615,1
8.26243,30.61151,1
1.8997,30.91054,1
9.89304,27.76051,1
9.88907,27.76235,1
9.88751,27.92741,1
-0.51761,28.20204,1
0.46092,27.80033,1
5.51672,22.86152,1
9.8909,27.75802,1
7.289,28.57138,1
8.44943,31.00448,1
8.63483,31.29535,1
6.78791,31.18548,1
6.04756,31.36117,1
6.04696,31.36479,1
4.47881,35.70778,1
3.52193,32.3908,1
7.73488,36.30766,1
7.73015,36.3072,1
7.72984,36.31142,1
7.73276,36.30403,1
7.73235,36.30824,1
7.6193,36.37384,1
7.61468,36.37339,1
7.84103,36.71569,1
6.13259,35.8063,1
6.6337,32.58839,1
6.02413,31.76157,1
6.78547,31.18746,1
6.79015,31.19012,1
6.05198,31.35978,1
6.04858,31.36369,1
0.46168,27.80149,1
-0.51652,28.20038,1
9.89191,27.75846,1
-0.5152,28.19692,1
7.13143,35.44246,1
6.29435,36.77642,1
7.99599,36.28519,1
5.30812,36.02153,1
5.30719,36.01834,1
6.02967,35.86686,1
5.96624,31.83372,1
1.89799,30.91107,1
6.78815,31.18801,1
6.05285,31.35807,1
6.04936,31.36254,1
6.04526,31.36298,1
6.04588,31.367,1
5.97041,31.83327,1
5.97102,31.83733,1
6.63489,32.59084,1
9.40661,28.17744,1
9.89127,27.75957,1
-0.51979,28.20302,1
-0.51596,28.20198,1
8.80436,27.15138,1
2.50893,27.18099,1
5.53274,22.73524,1
0.46025,27.79891,1
-0.51472,28.19686,1
6.04804,31.36356,1
3.52143,32.39095,1
5.96059,36.60947,1
5.88399,34.4395,1
6.02467,35.86668,1
6.0465,31.36633,1
6.04983,31.3607,1
6.05373,31.36043,1
6.04679,31.36302,1
6.05067,31.36272,1
6.78661,31.18832,1
6.79012,31.18803,1
7.1011,30.22624,1
8.80639,27.15133,1
7.8608,27.9208,1
9.89296,27.75935,1
9.8894,27.92503,1
9.39148,28.18025,1
8.8339,28.83521,1
5.80982,31.70165,1
4.74278,32.17418,1
4.74148,32.17731,1
6.04791,31.36453,1
6.78823,31.19082,1
6.04591,31.36531,1
6.0498,31.35724,1
6.78789,31.18591,1
6.7809,31.18795,1
6.79044,31.19245,1
-0.5192,28.20048,1
9.73906,28.66844,1
8.37082,31.08502,1
6.04902,31.36129,1
6.05431,31.35707,1
8.81844,31.43605,1
6.21602,31.71109,1
3.81215,31.62977,1
6.51413,36.28988,1
7.86456,36.82772,1
3.24687,36.22735,1
3.95947,36.77359,1
3.95577,36.77264,1
3.95744,36.77853,1
6.0521,31.35944,1
6.79087,31.18608,1
3.47448,30.85883,1
3.46947,30.85854,1
3.32381,33.12528,1
3.98998,32.27279,1
6.07338,31.78949,1
5.77475,36.45286,1
3.95994,36.77414,1
3.25761,36.63265,1
3.25479,36.6321,1
5.77186,36.45974,1
5.77383,36.46015,1
5.77658,36.45329,1
8.16883,35.23549,1
5.70837,34.98248,1
8.2681,36.37934,1
8.2685,36.37819,1
6.78723,31.18589,1
6.78045,31.1862,1
6.78087,31.19289,1
6.78768,31.19259,1
6.77944,31.18936,1
6.78624,31.1891,1
6.04698,31.36228,1
6.0473,31.36139,1
6.0477,31.36836,1
6.05752,31.7897,1
6.13965,31.75903,1
6.19523,31.68112,1
8.80527,27.15254,1
9.89192,27.76307,1
9.89105,27.75914,1
9.88742,27.92553,1
9.39284,28.18063,1
7.5124,28.43584,1
6.58394,35.98108,1
3.8964,36.40698,1
2.88131,36.59835,1
8.17237,35.23018,1
8.27423,36.37732,1
8.27061,36.37823,1
1.35743,35.33776,1
6.05307,31.35807,1
6.04965,31.35889,1
6.78518,31.18502,1
6.04784,31.36468,1
6.79071,31.18926,1
6.78692,31.1902,1
9.88723,27.761,1
9.89004,27.76321,1
1.90053,30.91172,1
-0.51871,28.20137,1
2.43125,27.17406,1
9.89314,27.75971,1
7.77932,27.9079,1
7.77779,27.91286,1
7.77154,27.91115,1
9.03976,28.71049,1
8.03418,30.82385,1
8.6,31.12152,1
8.10876,31.17672,1
6.05021,31.36363,1
6.05029,31.36032,1
6.14865,31.75778,1
8.27419,36.3788,1
7.19122,36.29572,1
7.18901,36.30113,1
7.18411,36.29982,1
6.56199,37.0166,1
4.46653,36.86497,1
3.05126,36.6305,1
3.04825,36.63224,1
6.56613,37.01773,1
7.77216,27.90899,1
6.0475,31.36378,1
6.05169,31.35883,1
5.96319,31.15623,1
6.78744,31.18882,1
6.7915,31.1891,1
6.78792,31.18338,1
7.52318,28.71835,1
8.16277,36.36278,1
8.27676,36.3736,1
8.27151,36.37339,1
8.27792,36.37984,1
8.27213,36.3796,1
8.27622,36.37285,1
8.27757,36.37908,1
8.27184,36.37888,1
7.87914,36.39481,1
4.59275,36.49107,1
3.25568,36.63084,1
3.25353,36.6328,1
4.4695,36.86013,1
4.46586,36.85988,1
6.55672,37.01603,1
9.89184,27.75802,1
9.88776,27.76187,1
6.55493,37.02053,1
6.55826,37.01899,1
6.56491,37.02149,1
8.2791,36.36565,1
6.56157,37.02299,1
6.56692,37.02195,1
7.87185,36.39705,1
8.25894,36.36163,1
8.2639,36.36058,1
8.26064,36.36541,1
8.28284,36.36486,1
1.35519,35.33902,1
6.04492,31.36302,1
6.05058,31.3619,1
6.04954,31.35807,1
6.78481,31.18887,1
6.78893,31.18803,1
1.89816,30.91222,1
9.88956,27.75967,1
9.88995,27.92443,1
9.89006,27.92547,1
0.46343,27.79836,1
-0.5169,28.20177,1
9.6251,27.52862,1
7.86271,27.91959,1
7.85998,27.92438,1
7.7135,36.25748,1
6.79093,31.18884,1
8.50863,31.05464,1
6.7867,31.18839,1
6.04937,31.36399,1
6.64531,36.81997,1
4.92848,36.4046,1
5.13195,36.33073,1
5.12629,36.32611,1
5.13247,36.32676,1
5.13289,36.32277,1
7.71243,36.2605,1
7.71354,36.25595,1
7.73245,36.91378,1
5.88876,34.43858,1
3.13474,36.60123,1
7.83031,36.39577,1
6.09206,36.67072,1
6.08768,36.67136,1
5.56491,36.74763,1
6.08839,36.67466,1
6.08398,36.67532,1
1.3541,35.3388,1
2.84088,36.63277,1
4.13224,36.32636,1
6.79057,31.18797,1
6.05137,31.78686,1
6.0248,31.76055,1
6.04683,31.36483,1
6.05413,31.36025,1
6.78649,31.18865,1
-0.14074,27.36867,1
-0.14015,27.37246,1
2.51029,27.18316,1
-0.519,28.20113,1
9.89037,27.76009,1
9.39213,28.18059,1
9.39407,28.17965,1
1.75908,24.32367,1
2.05182,24.50551,1
7.86211,27.92053,1
3.59132,31.33427,1
3.59551,31.33497,1
5.78375,36.17219,1
5.78305,36.17554,1
5.78235,36.17888,1
6.11709,36.55596,1
6.12655,36.55721,1
6.12181,36.55659,1
6.12099,36.55996,1
6.1202,36.56332,1
6.12497,36.56396,1
3.61985,36.68534,1
6.78665,31.18815,1
6.0237,31.75967,1
6.02286,31.76178,1
6.0451,31.36376,1
6.04959,31.35944,1
6.0547,31.35882,1
9.89067,27.92585,1
8.82914,28.84383,1
9.39301,28.18219,1
9.88966,27.75935,1
7.86165,27.92155,1
8.80537,27.15109,1
-0.51625,28.20054,1
2.53603,24.71504,1
-0.51504,28.19642,1
3.68588,32.77371,1
7.4524,36.92224,1
7.45673,36.92294,1
7.45322,36.91895,1
7.45755,36.91965,1
7.45837,36.91636,1
-1.49999,35.05143,1
-1.50128,35.05315,1
7.11921,36.4982,1
7.11552,36.49413,1
7.12355,36.49892,1
7.11991,36.49486,1
7.12055,36.49151,1
2.92804,36.144,1
6.0257,35.87165,1
6.02334,31.76219,1
6.04487,31.36495,1
6.05052,31.35955,1
6.78941,31.19195,1
6.78882,31.18732,1
6.78319,31.18784,1
9.88995,27.76022,1
9.89032,27.92674,1
8.83051,28.84272,1
6.54581,30.41195,1
5.17199,36.42817,1
4.47903,35.70833,1
6.04891,31.36712,1
1.35557,35.33952,1
9.89287,27.75825,1
9.88862,27.75742,1
9.89175,27.76228,1
9.88753,27.76145,1
9.79192,28.08459,1
5.09815,31.77857,1
6.78863,31.18548,1
5.51933,36.12537,1
5.52727,35.79023,1
5.53074,35.79001,1
5.51775,36.12505,1
5.55477,36.43822,1
6.91622,36.83402,1
6.78146,31.18844,1
6.04598,31.66165,1
6.04441,31.36801,1
6.04999,31.36131,1
6.78691,31.18816,1
6.7864,31.18847,1
9.49157,28.3033,1
9.89056,27.76148,1
7.67962,36.79448,1
7.67987,36.79035,1
1.35803,35.34,1
6.05163,31.36247,1
6.0474,31.36355,1
6.78604,31.18566,1
6.78804,31.19128,1
6.06294,31.90285,1
6.06708,31.9018,1
9.48864,28.30589,1
9.49204,28.30036,1
-0.51777,28.20175,1
9.49344,28.30226,1
7.80622,30.2216,1
7.7314,30.2025,1
7.80434,30.22723,1
7.74826,30.32382,1
7.74354,30.32262,1
8.50609,31.05647,1
6.79058,31.18411,1
6.78853,31.18991,1
6.05515,31.36035,1
6.05294,31.36632,1
6.04752,31.36487,1
5.92878,31.42449,1
5.96202,31.59029,1
6.23844,31.72325,1
5.92184,31.81462,1
5.9209,31.81444,1
6.06652,31.89945,1
5.23423,31.74748,1
6.71625,32.51025,1
5.7594,35.8984,1
5.76202,35.89673,1
6.62702,36.4296,1
7.70952,36.27609,1
7.71048,36.27588,1
7.74635,30.32194,1
7.74746,30.32385,1
8.09078,30.25128,1
9.49295,28.30351,1
6.06807,31.89759,1
5.91785,31.81817,1
6.09908,31.82893,1
6.23451,31.72016,1
6.23681,31.72013,1
6.78609,31.18719,1
6.79116,31.18749,1
8.10205,30.65263,1
3.70017,32.79669,1
7.07908,32.41238,1
1.00434,36.37798,1
3.75066,36.17575,1
9.48594,28.30321,1
9.88983,27.76317,1
9.48524,28.30611,1
9.492,28.30577,1
-0.57629,35.50403,1
7.66982,36.43013,1
6.64105,36.45472,1
5.04627,36.51399,1
5.32205,36.25789,1
6.34279,35.64445,1
6.04612,31.36515,1
6.04946,31.36001,1
6.05402,31.35903,1
6.7872,31.19017,1
6.78591,31.18581,1
6.02485,31.7623,1
6.06576,31.8998,1
9.49009,28.3055,1
9.88902,27.9277,1
9.88918,27.92511,1
9.89149,27.76051,1
-0.51841,28.20144,1
8.17667,31.00846,1
8.60031,31.12519,1
6.12432,36.60011,1
7.53073,36.135,1
7.53065,36.13607,1
8.00933,36.374,1
6.12507,36.60551,1
6.13122,36.60229,1
6.12336,36.60723,1
9.49321,28.3027,1
9.07761,27.74572,1
9.07951,27.74508,1
6.06407,31.35009,1
6.78666,31.18714,1
6.79189,31.18762,1
6.06594,31.89798,1
6.04983,31.3487,1
6.05351,31.35778,1
6.04818,31.36162,1
6.45553,36.36584,1
6.45572,36.37057,1
4.02546,36.82938,1
6.12299,36.59896,1
6.11698,36.59847,1
6.12851,36.60406,1
6.1223,36.60356,1
6.11615,36.60305,1
6.45654,36.36346,1
4.74518,36.55274,1
6.32988,36.08361,1
2.83904,36.6313,1
5.47794,34.65225,1
6.02316,31.76252,1
7.01748,33.48207,1
7.02191,33.48129,1
2.90934,33.70664,1
-0.1909,33.5727,1
6.04523,31.36301,1
6.04949,31.36227,1
6.78417,31.18628,1
6.78949,31.18892,1
6.05295,31.35816,1
6.78501,31.18973,1
9.49125,28.30199,1
6.68184,30.1908,1
6.78712,31.18822,1
7.40189,35.90548,1
3.91522,36.69894,1
2.90375,36.52724,1
3.33229,36.58946,1
3.333,36.58615,1
3.3287,36.58554,1
7.80296,36.79217,1
3.26641,36.62906,1
3.27216,36.637,1
5.06784,36.50076,1
5.05925,36.72064,1
1.35373,35.34068,1
-0.26988,35.76855,1
6.04725,31.36458,1
6.04918,31.36556,1
6.05232,31.35806,1
6.78536,31.18937,1
6.78957,31.18877,1
6.05108,31.78799,1
6.02288,31.75986,1
9.49096,28.30073,1
9.49168,28.30407,1
9.88834,27.92615,1
-0.51969,28.19884,1
-0.51611,28.20098,1
6.96124,36.88081,1
4.96016,36.57254,1
3.06625,36.52419,1
-0.26848,35.80867,1
-0.26751,35.80706,1
6.04452,31.36539,1
6.04953,31.36489,1
6.05395,31.35997,1
6.78791,31.19041,1
6.7873,31.1862,1
9.89242,27.75846,1
9.89141,27.92563,1
9.49037,28.30366,1
9.49263,28.30327,1
8.82066,28.86591,1
6.96485,36.88221,1
6.04617,31.36441,1
6.04933,31.36365,1
6.05537,31.36039,1
5.97535,31.18312,1
6.78654,31.18559,1
6.79095,31.18648,1
5.39472,35.41395,1
3.73514,35.19892,1
6.57965,36.33566,1
7.75482,36.94507,1
6.02647,35.87106,1
9.49104,28.30346,1
6.78854,31.18711,1
6.78418,31.18741,1
6.78909,31.19272,1
6.78763,31.19097,1
6.78326,31.19125,1
6.05188,31.35953,1
6.0427,31.36602,1
6.04755,31.36571,1
6.04814,31.35857,1
6.04868,31.36444,1
6.04382,31.36472,1
5.10467,31.78019,1
6.02058,31.76237,1
9.88759,27.9286,1
7.45724,36.47043,1
3.13648,36.60124,1
6.06193,31.90006,1
6.06701,31.89869,1
6.06622,31.90217,1
6.06115,31.90351,1
5.10187,31.77766,1
6.78917,31.19045,1
6.78345,31.19203,1
6.04797,31.36664,1
6.05101,31.35939,1
6.04443,31.36544,1
6.04962,31.36407,1
8.26178,30.61039,1
-0.51495,28.19576,1
8.26403,30.61259,1
8.26061,30.61178,1
5.10712,31.77562,1
5.90091,31.76642,1
3.23633,32.92759,1
6.04759,31.36001,1
6.052,31.36115,1
6.05391,31.35563,1
6.8782,31.46576,1
6.87637,31.46896,1
7.09925,36.52439,1
7.09374,36.52311,1
7.09714,36.52495,1
7.09167,36.52364,1
5.04961,36.50935,1
5.04904,36.51484,1
3.45881,36.4783,1
3.46206,36.48532,1
3.45791,36.4842,1
3.45383,36.4831,1
3.46128,36.48056,1
3.45749,36.47951,1
3.4564,36.48537,1
7.70851,28.6145,1
9.05891,28.46039,1
6.0525,31.36106,1
6.79177,31.18548,1
6.7913,31.18537,1
6.0475,31.36299,1
6.20345,31.67229,1
6.20311,31.67863,1
5.968,31.69786,1
6.1483,31.7549,1
5.10527,31.7803,1
6.06849,31.8998,1
5.0436,36.51235,1
5.05065,36.51262,1
7.7301,36.4564,1
6.61761,36.34285,1
4.14477,36.63173,1
4.13844,36.62551,1
4.14402,36.62579,1
4.14453,36.6301,1
6.96566,32.35588,1
6.96651,32.36118,1
6.70338,29.70536,1
6.78341,31.1866,1
6.78378,31.19386,1
9.87659,27.73024,1
9.887,27.92775,1
9.50935,28.13889,1
3.13514,36.61433,1
5.44599,36.44459,1
6.78717,31.18624,1
6.04565,31.36655,1
6.78867,31.191,1
6.04983,31.36074,1
6.06407,31.90063,1
5.10228,31.77861,1
5.88808,34.4387,1
8.10281,31.17618,1
9.88721,27.92756,1
9.50872,28.13513,1
9.51092,28.13598,1
7.74532,30.3215,1
7.74447,30.32321,1
9.87845,27.67348,1
6.14864,31.75838,1
6.15188,31.75662,1
6.08171,31.90797,1
6.79332,31.18935,1
4.56563,36.71558,1
4.56066,36.72142,1
4.55403,36.71937,1
4.16439,36.62809,1
4.16469,36.62817,1
4.55995,36.71382,1
7.52203,28.71866,1
3.75167,31.75303,1
5.10729,31.78071,1
3.75227,31.74888,1
3.74728,31.75257,1
7.74266,30.32488,1
0.35271,28.57814,1
6.04796,31.36238,1
6.04648,31.3634,1
6.05439,31.35817,1
5.87281,31.16429,1
6.7887,31.18981,1
6.78922,31.18486,1
6.75673,34.6913,1
7.16985,36.31498,1
7.16605,36.31474,1
7.16919,36.31319,1
7.94587,36.41697,1
6.17401,36.14149,1
6.17328,36.1407,1
6.40546,36.2226,1
4.17061,36.62537,1
5.31907,36.58785,1
4.12263,36.61506,1
4.1623,36.62308,1
4.12937,36.6202,1
4.16754,36.62354,1
4.15711,36.62263,1
4.14173,36.6213,1
4.13631,36.62082,1
4.17289,36.62856,1
4.16777,36.62812,1
4.16261,36.62767,1
4.15226,36.62677,1
4.14142,36.62582,1
4.13551,36.6253,1
4.12914,36.62474,1
4.17161,36.633,1
4.1667,36.63258,1
4.16184,36.63216,1
4.157,36.63174,1
4.13486,36.6298,1
4.16524,36.62038,1
4.16005,36.61996,1
4.13361,36.61782,1
4.12655,36.61726,1
4.11978,36.61671,1
4.1654,36.62495,1
4.15498,36.62411,1
4.13936,36.62284,1
4.11995,36.62127,1
4.17538,36.63032,1
4.17033,36.62991,1
4.16528,36.6295,1
4.16023,36.62909,1
4.15516,36.62868,1
4.15008,36.62826,1
4.13865,36.62733,1
4.13258,36.62684,1
4.12636,36.62633,1
4.16898,36.63435,1
4.16412,36.63396,1
4.55635,36.71181,1
4.54998,36.7113,1
4.55064,36.71601,1
4.56302,36.71701,1
4.55691,36.71652,1
4.54391,36.71546,1
4.55737,36.72121,1
4.55121,36.72071,1
6.04258,36.8427,1
6.03916,36.84246,1
2.88193,36.59468,1
4.56508,36.71351,1
2.74962,36.4735,1
4.16671,36.62729,1
4.17516,36.62594,1
4.17939,36.62526,1
4.16589,36.62402,1
4.17858,36.62199,1
4.15661,36.62209,1
4.13116,36.62614,1
4.16084,36.62142,1
4.13034,36.62287,1
4.13807,36.61824,1
4.12527,36.62028,1
4.13726,36.61497,1
4.12791,36.61306,1
4.17174,36.62988,1
4.1675,36.63056,1
4.17252,36.63316,1
4.16828,36.63383,1
4.18099,36.63181,1
4.17676,36.63248,1
4.16482,36.63779,1
4.18178,36.63508,1
4.17754,36.63576,1
4.17329,36.63644,1
4.16905,36.63711,1
4.17408,36.63971,1
4.18256,36.63836,1
4.17832,36.63903,1
4.55649,36.70796,1
4.5437,36.71004,1
4.5659,36.70985,1
4.56163,36.71054,1
4.54457,36.71331,1
4.54885,36.71261,1
4.16247,36.62796,1
6.02233,31.76265,1
5.10418,31.77967,1
8.35981,31.08392,1
1.35496,35.34033,1
5.10813,34.38993,1
9.88993,27.76001,1
9.89125,27.76045,1
9.89115,27.92534,1
9.51378,28.13767,1
1.89817,30.91163,1
6.79081,31.18774,1
6.78564,31.18875,1
6.0512,31.35903,1
6.0473,31.36348,1
8.36185,31.08015,1
7.76199,30.35824,1
6.04756,31.36376,1
5.8625,31.15613,1
6.79036,31.18829,1
8.10421,31.17605,1
6.15692,31.80119,1
6.23223,35.53517,1
6.23801,35.53579,1
4.60279,36.66113,1
4.17288,36.63091,1
4.18153,36.63559,1
4.17675,36.635,1
4.17194,36.6344,1
4.58814,36.65572,1
4.59348,36.65635,1
4.59876,36.65698,1
4.604,36.65761,1
4.59982,36.65344,1
4.60511,36.65407,1
4.61025,36.65467,1
4.61551,36.6553,1
4.5944,36.6528,1
4.58938,36.64853,1
4.59512,36.64921,1
4.60068,36.64987,1
4.17102,36.6379,1
4.60607,36.65051,1
4.61131,36.65113,1
4.61666,36.65176,1
4.59577,36.64562,1
4.60144,36.64629,1
4.60697,36.64694,1
4.61237,36.64758,1
4.60764,36.64335,1
6.90488,36.875,1
4.17763,36.63149,1
4.17936,36.62086,1
4.18018,36.61735,1
4.59238,36.6599,1
4.59757,36.66051,1
4.61324,36.66238,1
4.58423,36.65247,1
4.58488,36.65609,1
4.55619,36.70771,1
4.56706,36.71379,1
1.36944,36.35797,1
7.36168,35.76794,1
6.74669,35.88507,1
6.74739,35.88841,1
3.79999,36.54456,1
3.79468,36.54517,1
5.0787,36.52343,1
4.18441,36.6338,1
4.17866,36.63448,1
4.17963,36.63813,1
5.08418,36.52635,1
5.07915,36.527,1
5.07951,36.53057,1
5.08454,36.52993,1
5.08493,36.53351,1
5.123,36.53587,1
5.12766,36.53889,1
5.12325,36.53946,1
5.11868,36.54004,1
5.12783,36.54249,1
5.11871,36.54366,1
4.59334,36.64766,1
4.59392,36.65129,1
4.5794,36.65306,1
1.35588,35.34148,1
6.04721,31.36481,1
8.36262,31.0836,1
5.10243,31.78054,1
6.02228,31.7628,1
9.51309,28.13802,1
9.51122,28.13781,1
8.90766,28.79199,1
8.90581,28.79134,1
6.06494,31.90214,1
8.0866,30.25929,1
6.78754,31.18778,1
6.05061,31.36089,1
-0.30716,27.83862,1
9.89098,27.92679,1
8.12288,36.57848,1
8.144,36.58045,1
8.13927,36.57985,1
8.13454,36.57925,1
8.12982,36.57864,1
8.13869,36.58329,1
8.13393,36.58268,1
8.12918,36.58208,1
8.12442,36.58147,1
8.1381,36.58673,1
8.1333,36.58612,1
8.1285,36.58551,1
8.13266,36.58956,1
5.08931,36.531,1
5.11677,36.54544,1
-0.45388,35.69924,1
4.59068,36.64349,1
4.58985,36.64677,1
4.58063,36.6487,1
4.1803,36.63546,1
8.12883,36.57223,1
8.12418,36.57162,1
8.13351,36.57284,1
8.12822,36.57567,1
8.13762,36.5769,1
8.13292,36.57629,1
8.14176,36.58097,1
8.13703,36.58035,1
8.13231,36.57973,1
8.12759,36.57911,1
6.74903,35.88391,1
2.75801,36.67139,1
1.35498,35.34039,1
6.96066,35.57135,1
8.90898,28.79276,1
5.10495,31.78055,1
6.78762,31.1887,1
6.05288,31.36111,1
8.36117,31.0847,1
6.04941,31.36558,1
6.04532,31.36604,1
9.51292,28.13837,1
9.8899,27.92607,1
9.8912,27.75923,1
6.05467,31.35811,1
6.14788,31.75574,1
5.10563,31.78046,1
3.23538,32.92744,1
6.04861,31.36515,1
6.04966,31.36124,1
4.30395,36.67652,1
3.95851,36.73724,1
3.9551,36.7387,1
1.5742,36.10833,1
6.867,35.55421,1
3.17117,32.74482,1
5.10144,31.77985,1
5.10093,31.78298,1
6.04708,31.36523,1
6.05041,31.35958,1
6.78403,31.19122,1
6.78753,31.19094,1
9.89054,27.76164,1
9.88901,27.92686,1
9.51183,28.13844,1
3.13701,36.5969,1
6.78518,31.1885,1
6.04193,31.36394,1
6.0616,31.9008,1
5.10074,31.78131,1
6.04828,31.36215,1
5.10386,31.78104,1
6.78196,31.19117,1
6.78895,31.18912,1
6.23701,31.8609,1
8.50669,31.0542,1
8.36422,31.08091,1
6.79065,31.185,1
6.14813,31.75357,1
6.14755,31.75624,1
6.78734,31.18423,1
6.78911,31.1899,1
6.05468,31.35877,1
6.04941,31.36299,1
6.0671,31.89921,1
5.10584,31.77521,1
6.78904,31.1851,1
6.78846,31.1879,1
6.78753,31.19117,1
6.78166,31.18818,1
6.04995,31.36086,1
6.04283,31.3681,1
6.78074,31.19148,1
8.95826,28.7116,1
8.90722,28.79114,1
9.88785,27.92569,1
9.51065,28.13873,1
6.7883,31.18789,1
6.7845,31.18883,1
8.95802,28.71304,1
8.90655,28.79351,1
8.90292,28.79186,1
6.7217,29.67261,1
2.53918,27.12312,1
6.72681,29.66547,1
6.7217,29.70344,1
6.72169,29.69976,1
6.78757,31.18728,1
6.79162,31.18757,1
6.8544,29.94591,1
8.96427,28.70995,1
8.9592,28.70965,1
8.9537,28.71539,1
6.85831,29.94621,1
9.78863,28.62942,1
9.77468,28.6364,1
3.16374,36.66903,1
6.06754,31.90173,1
5.10285,31.78013,1
6.04489,31.36404,1
6.04951,31.35908,1
6.7876,31.18756,1
6.78348,31.18842,1
9.51167,28.13686,1
8.50731,31.01925,1
6.04691,31.36347,1
6.06623,31.89875,1
5.10588,31.77761,1
4.43485,36.89654,1
4.43343,36.89797,1
4.43437,36.90041,1
6.02438,35.8668,1
6.02248,31.76055,1
5.1055,31.77809,1
5.10147,31.77871,1
6.0486,31.36427,1
6.05189,31.36033,1
6.78498,31.18857,1
6.78907,31.18789,1
9.50953,28.13797,1
9.89064,27.92409,1
9.19968,28.66894,1
7.86238,27.9201,1
6.05236,31.359,1
6.04768,31.36171,1
5.40003,35.3568,1
5.3716,35.64791,1
6.51165,36.28977,1
3.1349,36.60116,1
2.11227,36.25484,1
5.83484,34.64427,1
6.78501,31.18964,1
6.78974,31.18903,1
8.09657,30.72077,1
5.10265,31.78146,1
6.04698,31.36423,1
6.05146,31.3599,1
9.88774,27.92525,1
3.72603,35.19995,1
1.23609,36.13339,1
6.06224,31.90343,1
5.10095,31.77948,1
5.10458,31.7792,1
6.04614,31.36364,1
6.05179,31.35824,1
6.78543,31.19177,1
6.78483,31.18713,1
8.09805,30.72138,1
9.2893,28.24786,1
9.53541,28.06016,1
9.53432,28.06067,1
9.88825,27.92468,1
3.13819,36.60108,1
5.02707,35.9559,1
6.04437,31.36464,1
5.10005,31.78231,1
6.06197,31.90189,1
6.06332,31.90263,1
8.50863,31.01918,1
6.06848,31.90273,1
6.14772,31.75361,1
6.05101,31.36152,1
6.78781,31.1887,1
8.64326,31.18517,1
8.09939,30.71961,1
3.23489,32.92755,1
5.83445,34.6614,1
5.83745,34.65937,1
7.72672,34.22766,1
1.30171,36.1461,1
1.86279,29.58195,1
1.86176,29.58213,1
6.78426,31.18723,1
6.78478,31.19337,1
6.05193,31.36155,1
6.0459,31.36185,1
6.04635,31.36827,1
5.09816,31.78097,1
5.95321,31.5946,1
6.06238,31.90339,1
6.06289,31.90239,1
3.97811,32.27889,1
3.97819,32.27599,1
8.09801,30.72179,1
8.09355,30.7221,1
5.88708,34.4384,1
6.34678,35.68811,1
7.53345,28.41678,1
7.5451,28.41369,1
7.53927,28.41524,1
9.02861,28.70937,1
8.09503,30.72109,1
8.09751,30.72444,1
6.05198,31.35812,1
6.04541,31.36564,1
6.78926,31.18859,1
6.78459,31.18979,1
6.7857,31.19001,1
5.10358,31.78125,1
6.06605,31.90336,1
9.00896,28.76259,1
6.06453,31.90008,1
5.10586,31.77878,1
6.0698,31.90148,1
6.14847,31.75297,1
5.96874,31.69791,1
8.17652,31.10606,1
8.50871,31.05406,1
5.1052,31.78059,1
8.5075,31.05702,1
9.74926,28.90906,1
8.50938,31.01771,1
6.06931,31.90047,1
6.06458,31.90019,1
5.1043,31.77837,1
6.14793,31.75291,1
6.05289,31.35625,1
6.04783,31.3617,1
6.4913,32.6018,1
3.37509,32.90577,1
5.45285,36.21991,1
3.79881,36.34757,1
9.87506,27.73086,1
4.4787,35.70785,1
4.0387,36.24917,1
2.24731,35.34849,1
6.4886,32.6022,1
6.48364,32.58556,1
6.48268,32.58615,1
6.0671,31.90243,1
6.06262,31.90339,1
6.06143,31.89927,1
6.06592,31.8983,1
6.06393,31.90217,1
6.06843,31.90124,1
5.10386,31.77872,1
6.04621,31.3636,1
6.04956,31.35846,1
6.78675,31.1879,1
6.78527,31.18934,1
6.79031,31.18826,1
8.09491,30.72345,1
6.54725,30.40852,1
9.37194,28.45889,1
6.69299,32.50222,1
2.91067,30.57995,1
6.79042,31.18815,1
6.7852,31.18764,1
6.77665,31.17996,1
6.78661,31.1854,1
6.04786,31.36497,1
5.92388,31.65204,1
5.82626,31.78834,1
5.1064,31.78057,1
6.06558,31.90131,1
6.35301,35.68673,1
4.16241,36.75681,1
4.15709,36.7563,1
5.98816,36.0955,1
5.33091,36.3233,1
7.68079,36.79054,1
8.09846,30.7195,1
6.7871,31.18858,1
6.04995,31.36125,1
6.05421,31.36051,1
6.04649,31.36537,1
5.1037,31.7791,1
6.02391,31.76056,1
6.05132,31.78838,1
9.29034,28.24546,1
9.88679,27.92395,1
8.10534,30.65479,1
8.45834,31.02303,1
6.78787,31.1894,1
6.78848,31.18591,1
3.37231,32.90544,1
6.83181,35.86718,1
3.48999,36.63181,1
2.75206,36.46992,1
6.33355,36.85656,1
6.33859,36.85715,1
7.28408,36.8919,1
7.28993,36.89252,1
7.28471,36.88811,1
7.28599,36.89282,1
7.2866,36.88903,1
5.32825,36.32897,1
5.51589,36.21292,1
5.88904,34.43861,1
3.23873,36.6262,1
3.34573,32.91142,1
6.02346,31.76078,1
5.10131,31.78008,1
5.10618,31.77946,1
8.45917,31.02419,1
6.0456,31.36377,1
6.05382,31.35911,1
6.78799,31.19081,1
6.78734,31.18744,1
8.09573,30.7232,1
9.28949,28.24535,1
9.88858,27.92508,1
-0.70598,35.52055,1
-0.71227,35.5196,1
-0.71189,35.52224,1
6.28233,36.79112,1
7.13063,35.44445,1
6.51018,36.29156,1
6.20815,36.35615,1
5.24913,36.48932,1
5.24481,36.48859,1
5.24852,36.49268,1
7.76782,36.90111,1
2.67283,36.4018,1
2.67177,36.40541,1
2.67107,36.40094,1
2.67008,36.40457,1
1.35591,36.1309,1
1.35599,36.13626,1
5.10172,31.77997,1
5.1034,31.7817,1
5.95611,31.62084,1
6.04698,31.3673,1
6.04638,31.36287,1
6.05141,31.36239,1
6.04635,31.36366,1
6.05078,31.35873,1
6.78877,31.19206,1
6.78361,31.1883,1
6.78815,31.18785,1
6.7854,31.18801,1
6.78994,31.18752,1
1.89633,30.91529,1
9.0173,28.66865,1
9.01519,28.66822,1
9.29057,28.2453,1
9.88876,27.92723,1
7.30641,36.76677,1
3.47993,36.62017,1
3.4841,36.61897,1
3.48242,36.62224,1
1.89776,30.91273,1
7.54475,28.41317,1
7.54365,28.41734,1
5.81479,31.64023,1
6.78998,31.18916,1
6.78557,31.18825,1
6.05462,31.36056,1
6.04859,31.36381,1
6.42064,36.79866,1
6.41459,36.79747,1
6.51084,36.72512,1
6.93609,36.68649,1
4.47877,36.19395,1
5.24813,36.49308,1
6.67599,36.65974,1
6.41974,36.79742,1
6.41381,36.79622,1
6.41232,36.7999,1
2.75316,36.63582,1
6.94954,36.86835,1
7.35133,36.71458,1
3.17509,36.52155,1
3.17648,36.52435,1
6.02391,35.87152,1
6.02204,35.87093,1
5.68628,34.79138,1
3.23276,32.83678,1
3.17485,32.74854,1
3.16682,32.74183,1
3.16905,32.74231,1
5.2119,31.95989,1
5.05124,31.85253,1
6.0194,31.76091,1
5.10254,31.7811,1
5.95633,31.70121,1
6.0465,31.36728,1
6.04162,31.36756,1
6.04266,31.36299,1
6.04752,31.36268,1
6.05236,31.36237,1
6.78662,31.19153,1
6.78225,31.19183,1
6.791,31.19123,1
9.01854,28.66973,1
3.17747,36.52171,1
3.18381,36.52022,1
3.18127,36.51597,1
1.35524,35.34032,1
4.74169,32.17199,1
5.10263,31.78028,1
6.78869,31.19036,1
6.78299,31.19194,1
6.04496,31.36858,1
6.78777,31.18657,1
6.78205,31.18813,1
6.04378,31.36665,1
6.04895,31.36527,1
6.05198,31.35806,1
9.01962,28.66933,1
6.7879,31.18509,1
7.52469,28.71894,1
8.68277,31.10414,1
8.6834,31.10097,1
8.59918,31.12276,1
8.05753,31.07287,1
5.4573,30.7569,1
5.45528,30.76268,1
6.79199,31.1861,1
6.05269,31.36048,1
6.0508,31.36601,1
6.04637,31.36487,1
6.14886,31.75389,1
6.0792,31.85329,1
6.07485,31.85218,1
5.10755,31.77941,1
8.2125,36.67105,1
8.21082,36.67537,1
6.33063,36.85688,1
4.50223,36.87757,1
4.49894,36.87672,1
4.50003,36.87349,1
3.80279,36.79823,1
3.80143,36.79356,1
7.89845,36.41904,1
7.89177,36.4175,1
8.21033,36.66772,1
8.23452,36.67612,1
8.21776,36.67226,1
8.2075,36.6699,1
9.04141,28.70931,1
4.01116,32.404,1
6.70238,32.56347,1
6.70005,32.5626,1
7.91124,30.38967,1
5.4549,30.75739,1
5.75846,30.96546,1
6.79443,31.18566,1
6.78811,31.18536,1
6.79414,31.18568,1
6.78781,31.18542,1
6.0519,31.36346,1
6.04613,31.36315,1
6.0481,31.36124,1
5.98215,31.40817,1
5.10616,31.78089,1
8.23206,36.67722,1
8.21665,36.66984,1
8.2134,36.66752,1
7.30285,36.76649,1
7.67853,36.79686,1
6.79001,31.19228,1
6.78152,31.19255,1
6.77814,31.18657,1
6.787,31.19361,1
6.7785,31.19384,1
6.9641,32.35954,1
9.6228,27.52931,1
7.64713,28.57801,1
9.48311,28.44624,1
9.8876,27.92492,1
1.35708,35.33971,1
6.06711,31.90173,1
5.10313,31.7791,1
6.04718,31.36346,1
6.05277,31.3622,1
6.78846,31.18915,1
6.05135,31.35766,1
6.72398,29.67311,1
9.19861,27.76282,1
6.78814,31.18408,1
6.71609,32.50954,1
6.47569,32.13287,1
6.78801,31.18528,1
4.00555,32.39885,1
6.0782,31.85084,1
6.07495,31.85004,1
6.78688,31.18437,1
6.04607,31.36416,1
3.50015,36.46346,1
3.49591,36.4587,1
6.30903,35.64635,1
6.30544,35.64609,1
3.49461,36.46296,1
6.25408,36.73228,1
3.49554,36.46401,1
6.78812,31.18804,1
6.0509,31.35784,1
6.0518,31.3614,1
6.047,31.36231,1
6.0479,31.36586,1
5.1059,31.77971,1
6.02538,33.52113,1
4.73752,32.2296,1
9.48113,28.44362,1
6.04992,31.36213,1
6.79077,31.18674,1
3.37374,32.90271,1
8.13636,36.41716,1
7.36203,35.76677,1
8.11558,35.94226,1
2.85074,36.6364,1
6.02485,31.76226,1
6.78672,31.18797,1
6.05243,31.3603,1
6.04903,31.36422,1
6.04495,31.36482,1
5.10213,31.78016,1
3.23208,32.95975,1
6.91131,34.41634,1
8.26184,30.60965,1
8.96943,28.6787,1
9.6246,27.52775,1
9.88754,27.92511,1
5.63411,36.17729,1
5.2736,34.74426,1
5.40498,35.35461,1
5.40079,35.35396,1
4.61608,35.98691,1
4.50621,36.43352,1
1.66988,36.23466,1
7.24102,36.03388,1
1.19397,36.13676,1
2.64163,36.50427,1
1.18933,36.13702,1
6.02282,31.7634,1
5.10152,31.77999,1
6.04706,31.3648,1
6.05055,31.36032,1
6.78565,31.19078,1
6.79125,31.19013,1
6.78503,31.18692,1
8.41828,30.98696,1
1.90162,29.58401,1
1.90103,29.57894,1
1.89764,29.57923,1
8.96862,28.67875,1
9.88879,27.92455,1
9.61171,27.5279,1
6.79156,31.18746,1
6.78606,31.1864,1
6.05142,31.34824,1
6.05324,31.35687,1
6.04716,31.36393,1
5.79111,31.67796,1
6.17363,31.8083,1
5.106,31.77828,1
5.40483,34.73481,1
3.37475,32.89701,1
4.00664,32.39873,1
5.17462,36.03603,1
7.59531,36.74818,1
4.83214,36.69655,1
4.82668,36.69545,1
3.22474,32.93065,1
9.88796,27.92785,1
6.78729,31.18992,1
6.78377,31.1902,1
6.05061,31.36276,1
6.0428,31.36333,1
6.04671,31.36304,1
5.10422,31.77895,1
5.09966,31.77926,1
5.1006,31.7815,1
6.04654,31.36495,1
6.78585,31.1899,1
6.78394,31.18508,1
6.7865,31.19162,1
9.17747,27.70099,1
6.78942,31.18857,1
8.59906,31.12341,1
9.25483,28.6397,1
6.05053,31.36125,1
6.05585,31.35704,1
6.78609,31.18778,1
5.96705,31.64058,1
5.91684,33.59883,1
5.21734,31.95682,1
5.10796,31.77878,1
6.09117,31.89759,1
5.90407,31.81952,1
5.90381,31.81817,1
6.64897,36.3713,1
6.09605,36.66448,1
6.04976,31.36366,1
6.15065,31.75443,1
5.96173,31.58174,1
6.79072,31.18963,1
-2.26842,31.5572,1
-2.26391,31.55766,1
6.24671,36.74991,1
5.63251,30.87709,1
5.57768,30.90021,1
6.78425,31.19189,1
6.77825,31.18862,1
6.78505,31.18834,1
6.04998,31.36184,1
6.04243,31.36211,1
6.04281,31.36909,1
5.95643,31.69733,1
5.95443,31.70232,1
6.14276,31.75921,1
6.13489,31.75949,1
9.25083,28.63765,1
9.88651,27.92491,1
9.88888,27.9294,1
8.11531,35.9429,1
6.14031,31.7592,1
6.02112,31.76122,1
5.10226,31.78149,1
6.78401,31.18817,1
6.7878,31.18724,1
6.04465,31.36587,1
6.04807,31.36506,1
6.04987,31.35929,1
9.24852,28.63909,1
8.26827,31.44946,1
6.79141,31.1899,1
6.79325,31.18432,1
6.79094,31.19058,1
6.0519,31.36398,1
5.98273,31.40876,1
6.15015,31.7543,1
5.81247,31.69423,1
6.24298,31.72247,1
5.81893,31.63888,1
6.78928,31.18398,1
6.7888,31.18942,1
6.04859,31.36424,1
9.87002,27.72901,1
5.99216,36.12506,1
-0.26617,35.77383,1
6.78934,31.18751,1
6.78523,31.18835,1
6.05438,31.35968,1
6.04414,31.36573,1
6.04978,31.36462,1
5.10477,31.77779,1
5.10225,31.78119,1
8.8304,28.83332,1
1.89994,30.91076,1
9.8843,27.71358,1
9.89009,27.92725,1
9.88666,27.92805,1
-0.51625,28.20102,1
7.52069,28.71939,1
8.83163,28.8342,1
6.79231,31.18628,1
6.66178,30.16597,1
5.10509,31.77746,1
6.09982,31.5809,1
6.04725,31.36398,1
6.78809,31.18583,1
6.08826,36.63704,1
6.08837,36.63281,1
6.08689,36.63193,1
6.09136,36.63237,1
4.32635,36.78379,1
4.32726,36.78001,1
6.0964,36.66662,1
3.32854,33.12932,1
-0.01277,34.70824,1
6.02188,31.76311,1
6.02116,31.75983,1
5.10376,31.78034,1
9.88232,27.71321,1
9.89157,27.92676,1
8.83466,28.83247,1
8.83224,28.83277,1
1.89933,30.91202,1
6.78758,31.18744,1
6.78833,31.19076,1
6.05082,31.35967,1
6.04752,31.3636,1
-0.30529,27.83607,1
-0.51701,28.19899,1
6.78955,31.18707,1
6.04776,31.36152,1
6.05244,31.35882,1
3.4018,36.6605,1
2.7344,36.50412,1
3.00944,36.67956,1
0.77271,35.80993,1
6.04853,31.36442,1
6.05304,31.36009,1
6.78814,31.19019,1
6.78751,31.18662,1
8.96124,28.7135,1
5.10234,31.78115,1
5.10252,31.78123,1
-0.1619,28.21488,1
9.88586,27.71122,1
3.74634,36.1842,1
0.02734,28.33069,1
2.628,27.50728,1
3.34656,32.90876,1
3.37492,32.90608,1
5.10527,31.77812,1
5.107,31.77968,1
0.73645,30.79376,1
0.73972,30.79452,1
-0.30154,35.82753,1
3.11741,36.68042,1
2.66938,36.53773,1
5.50801,36.339,1
2.87241,36.59731,1
6.0244,35.87104,1
-0.19325,35.79919,1
5.10228,31.78163,1
6.04591,31.36326,1
6.05218,31.36274,1
6.05329,31.35998,1
6.78576,31.18854,1
6.91846,30.11097,1
6.59107,29.74789,1
2.62712,27.50667,1
2.6215,27.50606,1
2.62607,27.50571,1
2.62257,27.507,1
3.13732,36.60074,1
4.99592,35.96673,1
5.10573,31.78219,1
6.04797,31.36755,1
6.04486,31.36275,1
1.89786,30.91272,1
2.62439,27.5083,1
8.55727,31.22828,1
8.55845,31.2242,1
8.94826,28.71219,1
6.79049,31.18966,1
6.78641,31.18396,1
3.37569,32.90541,1
5.10623,31.77731,1
6.08644,31.33977,1
6.05555,31.35776,1
2.62998,27.50495,1
2.62862,27.50761,1
-0.34053,35.77246,1
3.99962,32.40657,1
6.9794,32.36378,1
6.85965,29.92466,1
6.7836,31.18632,1
6.7896,31.19219,1
6.78411,31.19249,1
6.04569,31.36098,1
6.04005,31.36772,1
6.04615,31.36741,1
6.05026,31.362,1
6.04417,31.36227,1
6.04464,31.3687,1
5.96731,31.411,1
5.09744,31.77987,1
6.13584,31.75468,1
6.1364,31.76109,1
6.03345,31.85751,1
9.88262,27.71393,1
7.5351,28.41459,1
7.5402,28.42003,1
7.53564,28.42035,1
7.53965,28.41426,1
8.94221,28.71362,1
8.95716,28.71243,1
9.61679,27.44496,1
2.84049,36.63234,1
5.30438,36.33723,1
5.30365,36.33362,1
5.10305,31.77938,1
6.78539,31.189,1
6.78656,31.18794,1
6.78191,31.18913,1
6.04369,31.36443,1
6.04788,31.36338,1
6.05209,31.36233,1
7.54367,28.41356,1
8.94483,28.71142,1
2.6224,27.50904,1
2.6286,27.50764,1
9.75457,28.94384,1
7.66505,30.16502,1
6.8616,29.92229,1
7.66335,30.16532,1
6.86441,29.92295,1
7.91501,29.99551,1
7.91398,29.99484,1
5.82971,31.62392,1
5.96786,31.69402,1
7.54638,28.41453,1
7.55188,28.4088,1
5.28952,36.29796,1
5.85343,36.56877,1
5.88722,34.43877,1
5.10413,31.77809,1
6.98837,36.63443,1
6.98865,36.63562,1
1.59589,29.26036,1
7.24784,35.10395,1
6.41235,36.72334,1
6.41246,36.71862,1
6.42416,36.72426,1
6.41828,36.71908,1
6.42419,36.71955,1
6.98677,36.63197,1
4.05463,36.6403,1
3.2334,32.84135,1
8.95794,28.71339,1
9.61506,27.44281,1
8.96296,28.70961,1
6.04848,31.36244,1
8.96055,28.71073,1
8.9492,28.87025,1
6.05339,31.35963,1
5.10392,31.77991,1
5.48792,36.57515,1
5.40652,36.56478,1
5.4691,36.64155,1
3.51201,36.7186,1
2.41084,36.27028,1
1.39436,36.19622,1
1.29077,36.22351,1
3.13822,36.59677,1
6.63832,36.24752,1
6.63304,36.2469,1
6.70235,36.57692,1
6.70033,36.57469,1
8.94526,28.86901,1
6.78882,31.18683,1
6.7846,31.18743,1
6.78947,31.19021,1
6.05216,31.35941,1
6.04835,31.36348,1
6.05077,31.36148,1
6.04695,31.36554,1
9.88925,27.92685,1
9.37446,28.12668,1
2.63014,27.50872,1
2.62459,27.50937,1
9.6189,27.44174,1
7.86323,27.92219,1
3.14545,30.33168,1
3.14144,30.33089,1
2.62796,27.50528,1
8.20161,31.11456,1
8.53416,31.22023,1
3.1425,30.32693,1
-1.73234,35.09145,1
-1.7307,35.09015,1
-1.72525,35.09163,1
-0.3504,35.80977,1
4.75892,36.63964,1
5.10498,31.7818,1
6.13859,31.7592,1
6.78879,31.18945,1
6.78421,31.18993,1
6.052,31.35853,1
6.04752,31.36347,1
2.62565,27.50799,1
9.88909,27.92436,1
4.75885,36.63696,1
5.29484,35.82575,1
1.89706,30.9121,1
2.62292,27.50915,1
8.05693,31.07748,1
8.83001,31.43605,1
7.30873,34.62651,1
2.91637,33.70459,1
2.91518,33.7045,1
7.20659,34.42096,1
5.63053,30.8816,1
5.63269,30.87773,1
6.78146,31.19115,1
6.78588,31.19086,1
6.04901,31.3623,1
6.04411,31.36261,1
6.04461,31.36851,1
6.04994,31.36043,1
6.04556,31.36661,1
5.95601,31.70096,1
5.09964,31.78115,1
3.17403,32.7501,1
3.30717,33.13197,1
9.88837,27.92432,1
8.94582,28.86827,1
9.37132,28.12774,1
5.10321,31.78166,1
-0.21375,35.80199,1
6.78418,31.18892,1
6.04699,31.36469,1
6.04188,31.36608,1
6.04999,31.35747,1
6.78824,31.19008,1
6.78258,31.19161,1
6.04322,31.36309,1
6.04835,31.36174,1
5.63287,30.87879,1
8.94954,28.86803,1
5.7596,30.96976,1
5.98246,31.84463,1
5.48764,36.3349,1
6.49912,36.42188,1
0.27322,26.71919,1
5.96859,31.16377,1
6.05123,31.3648,1
6.04551,31.36451,1
5.96919,31.69336,1
6.15014,31.75283,1
5.75991,30.96768,1
5.75453,30.96738,1
6.79298,31.18454,1
6.78672,31.18422,1
8.0357,30.82636,1
5.10765,31.7756,1
-0.26644,35.76072,1
-0.2696,35.76373,1
8.16742,35.234,1
6.96632,32.35875,1
8.09589,30.66864,1
9.87838,27.7304,1
9.88571,27.92789,1
7.51676,28.72616,1
7.51367,28.72621,1
3.32841,36.75834,1
5.10405,31.78026,1
5.10159,31.77937,1
6.78675,31.18786,1
6.78714,31.18638,1
6.05347,31.36086,1
6.04244,31.36338,1
6.78863,31.19111,1
6.04795,31.36212,1
9.3701,28.12768,1
8.96353,28.15239,1
-0.51708,28.20145,1
9.03985,28.70849,1
8.82286,31.43767,1
8.66639,31.25016,1
8.82507,31.43486,1
8.8194,31.43329,1
6.79137,31.18788,1
6.79337,31.18723,1
5.76605,35.34523,1
6.04788,31.36087,1
6.78597,31.18591,1
6.7924,31.18643,1
5.10471,31.77704,1
5.98068,31.8441,1
5.97864,31.84252,1
5.80248,31.74637,1
5.80297,31.7417,1
6.84158,33.34656,1
6.83811,33.3463,1
6.5584,36.04232,1
7.44501,36.40781,1
7.44048,36.40755,1
6.30933,36.42445,1
6.30948,36.42339,1
6.38162,36.44339,1
3.35848,36.77132,1
3.32887,36.75875,1
2.91024,33.70524,1
1.89745,30.91151,1
6.7881,31.1889,1
6.05251,31.35812,1
6.04388,31.36346,1
6.04864,31.36256,1
5.95551,31.62158,1
5.10403,31.77962,1
9.37056,28.12741,1
-0.51799,28.1988,1
2.62811,27.50805,1
0.82525,27.43831,1
0.26991,26.72081,1
0.2738,26.72023,1
9.18648,27.68362,1
9.19052,27.68407,1
6.04969,31.36177,1
6.02182,31.30928,1
5.96631,31.16137,1
6.78806,31.18725,1
8.3613,31.08143,1
8.82096,28.86554,1
5.86453,31.83669,1
5.10616,31.78031,1
5.40873,34.77626,1
5.82568,31.60855,1
7.64866,36.63686,1
-0.16307,35.61316,1
2.91434,36.69888,1
-0.26942,35.76278,1
7.63179,36.7294,1
7.62761,36.72478,1
7.62816,36.7206,1
4.40867,36.36683,1
2.88878,36.57862,1
7.61984,36.20557,1
8.36157,31.08401,1
5.10413,31.77942,1
6.02113,31.76044,1
3.3127,33.13495,1
6.04893,31.36622,1
6.05168,31.35897,1
6.04827,31.3629,1
6.78637,31.1867,1
6.78706,31.18999,1
9.78465,28.64218,1
-0.51708,28.20076,1
0.27091,26.72047,1
-0.28121,35.52743,1
9.1898,27.68372,1
6.78969,31.18889,1
-6.88592,26.8435,1
9.73101,28.93163,1
8.95995,28.71236,1
9.37552,28.12709,1
7.24957,34.26663,1
5.10497,31.78062,1
5.92373,31.4267,1
6.04661,31.36469,1
6.04733,31.36139,1
6.05211,31.35874,1
-1.95307,35.01283,1
3.98052,36.41054,1
-1.46536,34.97324,1
-1.3496,35.31551,1
6.7867,31.18991,1
9.37125,28.12874,1
9.37531,28.12816,1
9.88958,27.92429,1
-0.16263,28.21386,1
5.53373,22.73382,1
6.78847,31.18726,1
5.96485,31.15434,1
5.10366,31.77965,1
6.75568,32.17412,1
7.7027,36.76012,1
0.00923,35.74007,1
7.2628,36.63183,1
2.05306,34.44164,1
8.16848,35.23117,1
6.04679,31.36545,1
6.05018,31.35978,1
6.04283,31.36573,1
9.37471,28.12776,1
9.89005,27.9254,1
6.7895,31.18834,1
6.04648,31.36614,1
6.0503,31.3581,1
6.0459,31.36646,1
6.04971,31.35846,1
6.78262,31.19033,1
9.00567,28.69272,1
8.36198,31.08167,1
6.79188,31.18972,1
6.78851,31.18893,1
6.05135,31.36203,1
6.40257,36.5229,1
6.40377,36.51836,1
6.56468,36.54121,1
5.30182,36.00044,1
7.65409,36.76455,1
7.65267,36.76869,1
4.60435,36.50522,1
6.84932,36.65797,1
7.77293,34.50336,1
3.4316,36.72603,1
3.11842,36.52719,1
4.01983,36.70343,1
3.35186,36.48188,1
3.42758,36.72501,1
3.42547,36.73012,1
6.78831,31.1855,1
6.78944,31.1876,1
6.05272,31.36008,1
6.05081,31.36477,1
6.40396,36.51588,1
6.4018,36.5197,1
4.52562,36.57353,1
4.52569,36.57403,1
5.9665,31.41052,1
6.78279,31.18619,1
5.57804,30.89556,1
6.04023,31.3678,1
6.04894,31.35856,1
6.04171,31.36581,1
6.78323,31.19293,1
6.04751,31.3605,1
6.04789,31.36751,1
6.0541,31.78664,1
6.05659,31.78871,1
5.80514,31.69782,1
6.04181,31.66953,1
6.8758,29.96667,1
6.86916,29.967,1
6.78993,29.74916,1
6.72745,29.71862,1
6.737,29.66448,1
6.73402,29.70157,1
6.74643,29.59363,1
6.90444,29.57959,1
6.91079,29.57929,1
6.85614,29.5552,1
6.7456,29.59665,1
6.90981,29.58131,1
6.90345,29.58164,1
6.83495,29.54524,1
6.48509,29.26616,1
7.51664,28.72616,1
9.88845,27.92735,1
9.88894,27.92689,1
7.85601,27.92482,1
3.32826,36.75784,1
7.78111,36.96532,1
7.78125,36.96336,1
-0.2137,35.80345,1
8.99862,28.69106,1
6.83926,29.54098,1
6.86074,29.55304,1
6.74769,29.59256,1
6.90926,29.58171,1
6.7291,29.71359,1
6.8789,29.96693,1
6.87496,29.96788,1
6.8724,29.96386,1
6.87628,29.96289,1
6.05193,31.35836,1
6.78831,31.18772,1
6.78457,31.18863,1
6.04679,31.36489,1
6.78844,31.18715,1
6.78471,31.18807,1
5.10498,31.7791,1
9.37238,28.12865,1
7.85787,27.92436,1
7.86045,27.92166,1
2.6241,27.50691,1
2.62904,27.50583,1
2.62705,27.5084,1
8.1092,31.17528,1
6.79093,31.18943,1
5.87527,31.16729,1
6.04991,31.36402,1
6.05172,31.36097,1
5.9684,31.69959,1
5.84992,31.81299,1
6.47676,32.13686,1
7.2189,36.32354,1
5.76744,35.34651,1
7.18935,36.39767,1
7.90568,36.80803,1
7.90357,36.81322,1
7.66688,36.75629,1
9.13675,28.91364,1
7.19248,28.74624,1
6.78758,31.18515,1
6.79157,31.18543,1
8.42494,30.98206,1
5.8718,31.16627,1
6.05312,31.35838,1
6.049,31.36328,1
6.06425,31.78273,1
1.22391,36.08789,1
5.72329,36.51365,1
6.70554,36.55822,1
4.46349,36.87881,1
4.46438,36.8789,1
2.90838,36.56358,1
1.19778,36.40807,1
2.91071,36.56339,1
7.66877,36.76014,1
7.6691,36.75417,1
7.66486,36.75684,1
7.67028,36.75709,1
5.36558,36.51237,1
5.40074,36.50409,1
9.77959,28.73881,1
3.00471,36.51352,1
1.84519,36.17798,1
6.19792,31.68478,1
9.00133,28.69181,1
6.79805,32.15504,1
5.10487,31.77867,1
6.04864,31.36444,1
6.05319,31.35952,1
6.79002,31.19008,1
6.78596,31.19092,1
6.78486,31.18695,1
9.88745,27.9261,1
9.37325,28.12728,1
8.99979,28.69274,1
0.2704,26.72136,1
-0.51811,28.19955,1
7.86114,27.92205,1
6.78586,31.18682,1
6.79003,31.18726,1
-8.11612,27.60472,1
3.79406,36.78734,1
6.62575,36.39282,1
2.35116,36.25371,1
2.41047,36.58146,1
6.78462,31.18632,1
6.78943,31.18895,1
6.78536,31.18963,1
6.05417,31.36014,1
6.05017,31.36078,1
6.04687,31.36471,1
9.3718,28.12848,1
9.89145,27.92675,1
5.96571,31.63888,1
5.1049,31.78041,1
5.84688,31.5087,1
6.78527,31.18772,1
6.78934,31.1883,1
5.84275,34.65003,1
5.2765,34.74805,1
4.27503,35.51634,1
4.27084,35.5157,1
-0.26485,35.80545,1
6.04731,31.36684,1
6.04669,31.36312,1
6.05125,31.35875,1
9.8902,27.9258,1
-0.27042,35.80635,1
2.0531,34.4383,1
-0.33331,35.82641,1
6.0452,31.36657,1
6.05099,31.36112,1
6.78784,31.19063,1
6.7821,31.19115,1
6.78724,31.18595,1
3.10381,36.70793,1
3.10795,36.70684,1
5.47675,36.33442,1
5.95502,31.69827,1
2.6266,27.50758,1
2.63222,27.50902,1
2.63261,27.50601,1
2.62699,27.50453,1
6.12924,31.80186,1
5.10671,31.77908,1
5.10614,31.7786,1
6.05007,31.36141,1
6.78616,31.18685,1
6.79166,31.18808,1
8.04692,36.80785,1
4.55082,36.43293,1
3.24137,36.64048,1
2.62781,27.5057,1
2.6326,27.50606,1
6.13848,31.75914,1
6.78634,31.19226,1
6.78076,31.19255,1
6.78027,31.18635,1
6.78583,31.18606,1
6.53541,30.40014,1
9.37089,28.12845,1
9.37041,28.12991,1
7.5118,28.60682,1
7.51004,28.60687,1
7.68333,30.17941,1
6.35955,36.06653,1
6.58333,35.98342,1
6.5869,35.98251,1
3.31824,36.65678,1
3.13897,36.55046,1
3.1357,36.5496,1
0.43655,35.95849,1
6.53878,30.40317,1
9.02872,28.71128,1
7.69781,28.61818,1
7.51333,28.60701,1
7.51452,28.60997,1
5.95613,31.70496,1
6.78661,31.18946,1
6.04672,31.36648,1
6.049,31.36008,1
8.55526,28.10506,1
8.5559,28.10892,1
2.46568,27.19225,1
9.88464,27.72747,1
3.32925,36.75786,1
6.78712,31.18718,1
6.78839,31.1915,1
6.05176,31.3581,1
6.04849,31.36317,1
6.04402,31.36411,1
-0.51809,28.19916,1
9.37536,28.12737,1
7.54789,28.41405,1
7.5448,28.4157,1
8.3601,31.08537,1
8.35915,31.08171,1
9.88724,27.92439,1
8.50765,31.05651,1
8.66789,31.24802,1
6.78607,31.18575,1
6.78991,31.18979,1
6.05275,31.36003,1
6.04786,31.36283,1
6.65921,32.60693,1
6.29338,36.62877,1
6.07411,36.49375,1
6.79059,31.18878,1
6.78633,31.18937,1
8.42308,30.98569,1
6.05395,31.35879,1
6.04945,31.35939,1
6.04559,31.36346,1
5.10617,31.78137,1
5.10121,31.782,1
9.37305,28.12835,1
8.80648,27.15117,1
-0.51948,28.19959,1
-0.36375,35.82535,1
-0.35773,35.82357,1
-0.21671,35.80222,1
-0.35491,35.82951,1
-0.3574,35.82631,1
6.05584,31.76407,1
6.04866,31.36436,1
6.11064,31.37513,1
6.05473,31.35825,1
6.27925,32.14173,1
7.03976,32.14648,1
7.03636,32.14246,1
5.10596,31.77784,1
6.5094,36.29196,1
6.51365,36.29264,1
6.51445,36.28936,1
5.8456,34.66891,1
2.84898,36.60463,1
7.26021,34.5661,1
5.47471,36.24282,1
5.58877,36.37114,1
6.77061,36.72536,1
-0.27795,35.82053,1
-0.27103,35.82032,1
6.04834,31.36639,1
6.04316,31.36688,1
6.05289,31.36143,1
6.78826,31.19135,1
6.78299,31.18755,1
6.78765,31.18708,1
3.2377,32.95079,1
6.02254,31.76359,1
5.10311,31.78114,1
5.10041,31.77813,1
5.84904,31.49679,1
0.31361,28.11976,1
8.66568,31.2461,1
6.79298,31.18688,1
6.78845,31.18594,1
6.78728,31.1901,1
5.84772,31.50114,1
7.03892,32.14383,1
5.10319,31.77865,1
4.114,36.53656,1
0.31188,28.11389,1
3.741,36.17797,1
5.98188,31.6716,1
5.80199,31.70055,1
5.98245,31.66824,1
5.97733,31.66852,1
5.98297,31.67422,1
5.97787,31.6745,1
5.10203,31.78205,1
3.99987,32.4069,1
3.1738,32.75002,1
3.16563,32.74189,1
3.17384,32.74866,1
3.23298,32.83774,1
3.23053,32.83647,1
3.21319,32.94888,1
3.21755,32.95449,1
3.32476,33.06975,1
8.42046,30.98619,1
8.42096,30.98828,1
6.78476,31.18781,1
8.35928,31.08164,1
8.35985,31.08682,1
6.04736,31.35846,1
6.04787,31.3644,1
6.04288,31.36472,1
6.04778,31.36204,1
6.04278,31.36232,1
6.0483,31.36798,1
6.0433,31.36826,1
6.05999,31.63696,1
0.74145,36.32162,1
2.46991,36.46804,1
-1.75563,34.85968,1
-1.75779,34.86004,1
6.05063,31.35991,1
6.04267,31.36837,1
6.04771,31.36703,1
6.78895,31.18758,1
6.78338,31.18909,1
6.7891,31.19226,1
5.1034,31.77816,1
5.10362,31.78189,1
3.63945,32.29605,1
8.41711,30.98699,1
8.41631,30.98515,1
6.72677,29.67286,1
9.37563,28.12708,1
8.56292,31.07872,1
6.7927,31.18584,1
6.78852,31.1848,1
6.05299,31.36047,1
7.14744,32.24527,1
5.80985,31.66211,1
5.80606,31.66661,1
5.81075,31.66781,1
6.05105,31.36605,1
6.04652,31.36489,1
6.70509,29.68707,1
7.14624,32.24935,1
5.20248,36.53592,1
5.20666,36.53133,1
3.30594,36.40107,1
6.33379,36.62185,1
7.29087,36.29833,1
5.25191,36.56464,1
5.20456,36.53535,1
6.73048,29.6705,1
6.78637,31.18779,1
5.10542,31.77801,1
6.05115,31.36212,1
6.79251,31.18811,1
7.69173,36.77441,1
7.2851,36.61617,1
6.5981,36.49673,1
7.063,36.35697,1
7.06394,36.36164,1
7.01727,30.47047,1
9.7408,28.91342,1
8.81488,28.87075,1
8.81537,28.87081,1
9.12899,28.4533,1
9.12881,28.44911,1
7.64698,28.57875,1
9.16878,27.702,1
8.02496,30.82681,1
8.02287,30.82654,1
3.91264,36.89076,1
3.32961,36.75654,1
3.39106,36.67986,1
0.13184,35.32331,1
6.22853,36.65769,1
6.22874,36.66197,1
6.23206,36.6594,1
6.22644,36.66065,1
6.25379,36.7328,1
5.10312,31.7797,1
8.41823,30.98599,1
8.42199,30.98506,1
6.04495,31.36701,1
6.049,31.3613,1
6.78481,31.19007,1
9.88702,27.92742,1
9.88853,27.92675,1
8.81883,28.86851,1
8.81574,28.86575,1
0.73387,30.79638,1
6.72684,29.66793,1
7.03409,30.46975,1
7.03323,30.47235,1
9.06491,28.4631,1
6.70295,32.58564,1
6.70384,32.58494,1
6.71635,32.51497,1
6.79059,31.18416,1
6.79574,31.18752,1
8.3413,31.37413,1
6.33953,36.6259,1
6.34009,36.62943,1
6.34419,36.62729,1
6.25955,36.74904,1
-8.11805,27.59772,1
8.82062,31.43395,1
6.04726,31.36102,1
5.10489,31.78022,1
6.03984,31.89243,1
7.05083,32.55692,1
6.69973,32.58529,1
6.82859,36.77584,1
2.0874,36.52442,1
2.0916,36.53292,1
3.99342,36.70103,1
3.99288,36.70546,1
2.09369,36.52507,1
2.09268,36.529,1
4.30614,36.80217,1
0.68129,35.9967,1
0.67907,35.9952,1
2.67953,36.27938,1
5.41189,34.7898,1
2.65752,33.87506,1
5.10393,31.77815,1
8.42031,30.98436,1
6.04656,31.36427,1
6.0504,31.35987,1
6.78655,31.19116,1
6.79163,31.19018,1
6.7856,31.1875,1
9.37108,28.12727,1
9.88813,27.92843,1
9.57665,28.66592,1
6.64435,30.99536,1
6.79109,31.18673,1
6.78592,31.18613,1
6.04944,31.36497,1
5.8096,31.66615,1
6.05614,31.7642,1
5.10672,31.77785,1
8.4213,30.98261,1
7.72278,31.08112,1
3.46011,32.9048,1
-1.11943,35.37064,1
7.30785,34.6264,1
-1.12391,35.36986,1
-0.61726,35.65807,1
1.28674,36.44139,1
6.02258,31.76269,1
-0.94247,35.56726,1
9.89048,27.92516,1
9.37488,28.12803,1
5.10547,31.77855,1
5.10113,31.77916,1
8.36082,31.08374,1
6.04799,31.36444,1
6.05142,31.36052,1
8.41974,30.98517,1
6.78485,31.18939,1
6.78885,31.18877,1
0.32207,28.53046,1
-0.18774,35.7993,1
0.78925,35.9303,1
0.78625,35.92809,1
0.78581,35.92366,1
9.89158,27.92332,1
6.7894,31.18558,1
6.78871,31.18887,1
6.0771,31.35924,1
6.05193,31.35864,1
6.04739,31.36428,1
5.80995,31.66322,1
6.05455,31.7644,1
5.10638,31.77881,1
6.72411,32.56395,1
4.66269,32.37344,1
5.27621,36.02362,1
6.38089,36.1677,1
3.31218,36.73524,1
4.87421,36.50245,1
6.98621,36.39814,1
3.65472,36.79034,1
4.38722,36.82338,1
2.37729,36.4636,1
7.61973,36.20824,1
8.16905,35.23184,1
-0.27355,35.80532,1
-0.26796,35.8051,1
-0.27609,35.80564,1
-0.27051,35.80539,1
-0.26494,35.80514,1
8.42244,30.9844,1
6.78693,31.18911,1
6.05086,31.35903,1
6.0473,31.36354,1
5.10103,31.77947,1
6.023,31.76194,1
6.06457,31.90216,1
9.88978,27.75992,1
9.89079,27.9258,1
8.80342,27.15129,1
9.61843,27.44334,1
9.40421,28.17753,1
9.76956,28.26825,1
9.89418,27.75811,1
6.04663,31.36168,1
6.05065,31.3625,1
6.05173,31.35855,1
6.05518,31.35757,1
6.787,31.18793,1
6.79258,31.18903,1
9.59307,28.68918,1
0.43318,27.43742,1
0.43585,27.44077,1
0.43092,27.43952,1
6.72668,29.66612,1
7.79908,30.34694,1
5.92651,31.42535,1
5.10648,31.77882,1
6.06528,31.90096,1
5.80573,31.66381,1
5.80988,31.66465,1
6.51075,36.44785,1
3.01744,35.37228,1
4.63866,36.42899,1
3.75208,36.17749,1
6.95197,36.86282,1
1.23255,36.12906,1
3.32621,33.06982,1
6.04475,31.36734,1
6.04817,31.36166,1
6.05214,31.36138,1
6.78581,31.19137,1
6.78939,31.1911,1
6.78523,31.18621,1
8.41843,30.98744,1
6.06394,31.89937,1
6.05988,31.89965,1
6.06453,31.90479,1
6.06047,31.90507,1
4.00089,32.40654,1
5.10305,31.78056,1
9.40237,28.17893,1
9.40682,28.17846,1
9.88811,27.92436,1
9.8917,27.75922,1
9.88463,27.71012,1
9.61828,27.44309,1
8.80185,27.14965,1
2.76295,36.60482,1
2.76219,36.60608,1
2.76867,36.60452,1
6.79063,31.19076,1
6.0431,31.36605,1
6.04932,31.36431,1
6.78377,31.19271,1
6.0438,31.36601,1
6.78884,31.1866,1
6.782,31.18859,1
5.10537,31.78053,1
5.1,31.78196,1
5.1028,31.78156,1
6.06358,31.90249,1
8.28938,31.03839,1
6.05532,31.35681,1
5.81137,31.6634,1
5.81158,31.66256,1
6.6997,32.53353,1
6.70132,32.53745,1
5.10681,31.77723,1
6.04993,31.36104,1
6.79157,31.18966,1
6.78819,31.18886,1
8.29385,31.03783,1
6.11982,36.64837,1
6.00253,36.48969,1
6.49836,29.26385,1
6.49733,29.26922,1
6.49763,29.26239,1
5.81062,31.66089,1
6.1499,31.75558,1
6.79422,31.18633,1
6.79556,31.18467,1
6.0482,31.36271,1
6.0486,31.36512,1
6.70306,32.53489,1
-0.58122,35.20459,1
0.94597,36.00312,1
0.94632,36.00463,1
5.70647,34.98576,1
5.75071,35.35371,1
5.75481,35.35257,1
6.69038,29.6932,1
6.53347,30.39866,1
6.5506,30.83564,1
8.41629,30.987,1
6.0572,31.78739,1
5.94963,31.69901,1
6.04287,31.67007,1
6.92462,31.39476,1
6.04097,31.36645,1
6.04825,31.35915,1
6.78003,31.19269,1
6.78698,31.19241,1
6.77961,31.18594,1
6.78126,31.19033,1
6.78819,31.19001,1
8.4156,30.98643,1
6.70121,32.51854,1
6.70849,32.5183,1
6.70069,32.5117,1
6.70071,32.51744,1
6.45976,32.13922,1
6.05382,31.90295,1
6.05379,31.90508,1
6.06171,31.90272,1
6.06168,31.9048,1
6.04742,31.79949,1
6.05507,31.79221,1
6.05454,31.78518,1
6.04999,31.80174,1
9.88292,27.71501,1
7.51654,28.72717,1
9.76892,28.27466,1
9.40162,28.17756,1
9.40332,28.1807,1
9.88641,27.92596,1
9.88706,27.92566,1
9.88727,27.75901,1
6.4809,29.27062,1
9.88145,27.71464,1
9.86513,27.63833,1
9.86568,27.64383,1
9.88317,27.69234,1
3.18695,36.61208,1
5.10048,31.78248,1
8.41847,30.98397,1
0.32743,34.79827,1
6.0651,31.90356,1
6.06181,31.90435,1
6.06841,31.90277,1
6.06353,31.89869,1
5.99276,31.80465,1
6.13994,31.7536,1
6.19625,31.68785,1
9.86387,27.63871,1
9.88183,27.69088,1
9.8831,27.69366,1
9.8866,27.76398,1
9.88719,27.76041,1
9.8875,27.92752,1
9.40251,28.17686,1
9.73944,28.9148,1
-1.93419,31.85225,1
7.89921,30.39227,1
6.05025,31.3585,1
6.78678,31.18591,1
6.78305,31.18682,1
6.04849,31.36423,1
6.04513,31.36503,1
6.78477,31.19196,1
6.78849,31.19105,1
6.47584,32.13783,1
6.06618,31.89749,1
6.07268,31.89933,1
5.81042,31.66317,1
6.14653,31.75953,1
6.14893,31.75311,1
6.14233,31.75123,1
6.79338,31.19114,1
6.78716,31.18941,1
3.2548,36.54366,1
3.25609,36.54169,1
9.88599,27.6927,1
9.00214,28.69113,1
9.38522,28.6664,1
6.04755,31.36138,1
6.05118,31.36164,1
6.04816,31.36522,1
6.05228,31.36033,1
6.79245,31.18909,1
6.78847,31.1888,1
6.9269,29.85517,1
6.92646,29.86055,1
7.01076,29.83946,1
5.81023,31.66397,1
5.80676,31.6637,1
5.80991,31.66674,1
7.00975,29.84233,1
9.75025,28.90977,1
5.80641,31.66648,1
6.06973,31.90232,1
5.10261,31.7782,1
3.2656,32.91715,1
4.14222,36.53823,1
7.06175,36.54584,1
3.81292,36.852,1
9.88144,27.69796,1
9.88087,27.69365,1
9.88519,27.76553,1
9.77747,28.08088,1
9.77449,28.64235,1
5.37575,36.21682,1
-0.2553,35.74725,1
3.34797,35.33221,1
5.63488,35.14953,1
6.06088,31.90175,1
6.06379,31.89838,1
6.0648,31.90215,1
6.06637,31.90065,1
3.7047,32.56607,1
6.7882,31.18807,1
6.78414,31.18889,1
6.0507,31.35949,1
6.04615,31.36439,1
6.05247,31.36073,1
6.0469,31.36186,1
6.04792,31.36566,1
8.41905,30.98411,1
8.42263,30.98718,1
5.10466,31.7789,1
5.99243,31.80525,1
-1.93345,31.85511,1
9.00306,28.69393,1
9.00169,28.6892,1
9.76837,28.27178,1
1.89746,30.91219,1
6.92352,29.85906,1
6.92481,29.85719,1
9.40526,28.17738,1
9.15596,27.72987,1
9.15458,27.73146,1
9.8905,27.76224,1
9.88218,27.70989,1
-0.51635,28.20104,1
9.88463,27.69301,1
9.88719,27.92378,1
6.78803,31.1881,1
6.79219,31.18855,1
3.17463,30.43116,1
8.17373,31.00681,1
8.42087,30.9859,1
7.90818,29.99989,1
6.49702,29.26608,1
7.1073,31.99481,1
6.78932,32.14507,1
6.06481,31.89912,1
-2.2314,31.68359,1
7.28453,36.25943,1
3.31635,36.67196,1
6.06458,31.90433,1
6.06315,31.89776,1
6.06789,31.90041,1
6.06387,31.90104,1
6.78696,31.1866,1
6.78771,31.18991,1
8.42149,30.98509,1
9.00097,28.69347,1
9.40589,28.17795,1
9.88662,27.92675,1
9.8901,27.92543,1
9.88917,27.75932,1
9.8831,27.71181,1
9.8839,27.69133,1
9.54338,28.69369,1
5.99825,33.94446,1
4.22352,35.53737,1
2.29195,36.21386,1
8.11491,35.9446,1
6.39128,36.10106,1
2.78608,36.28369,1
2.7854,36.28754,1
2.7913,36.28705,1
6.69428,32.52762,1
6.68922,32.52825,1
6.78828,31.18723,1
6.7835,31.18784,1
6.78891,31.19081,1
8.41938,30.98509,1
6.05031,31.35865,1
6.04576,31.36302,1
6.05207,31.35995,1
6.04751,31.36429,1
5.10288,31.78027,1
6.78511,32.14799,1
6.06628,31.90446,1
6.06564,31.90073,1
6.06036,31.90135,1
6.06353,31.89992,1
9.88875,27.92515,1
9.40356,28.17851,1
9.00314,28.69287,1
9.8896,27.76135,1
9.88346,27.71141,1
9.884,27.69435,1
9.8654,27.6392,1
1.23706,36.13445,1
-1.93302,31.85667,1
2.87778,25.77014,1
5.10345,31.77673,1
6.69438,32.52602,1
5.10244,31.78052,1
6.54359,30.40618,1
8.42365,30.98613,1
8.36376,31.08193,1
3.18897,30.42704,1
3.18411,30.42602,1
3.18777,30.43135,1
3.1829,30.43033,1
3.18556,30.43147,1
3.18071,30.43043,1
6.79136,31.18847,1
6.78663,31.18761,1
6.05493,31.35858,1
6.06704,31.9021,1
6.38521,31.874,1
6.06795,31.89848,1
6.10861,31.37631,1
6.04803,31.36493,1
-1.5287,34.83904,1
2.82342,36.10549,1
0.4569,35.7998,1
0.4553,35.80058,1
2.29311,36.21474,1
-0.28701,35.81813,1
-0.31235,35.83298,1
-0.28753,35.81376,1
-0.27967,35.82083,1
4.44194,35.88263,1
2.92379,36.1385,1
8.11375,35.94197,1
3.11805,36.6839,1
3.07719,36.7528,1
6.78178,31.18937,1
6.78748,31.18885,1
2.05159,34.43614,1
6.06215,31.90491,1
6.06155,31.89998,1
5.09948,31.78071,1
6.69044,32.52776,1
6.6908,32.5275,1
5.10318,31.78042,1
8.42256,30.98623,1
8.41803,30.98669,1
6.04861,31.36024,1
6.0492,31.36514,1
6.04285,31.36568,1
9.88771,27.92552,1
9.40604,28.17754,1
9.4027,28.17983,1
9.00081,28.69234,1
9.8889,27.75926,1
9.88652,27.69344,1
0.45626,27.80138,1
9.86743,27.63879,1
3.12575,36.68346,1
3.11955,36.67937,1
6.06582,31.89969,1
6.05842,31.90191,1
6.06089,31.9012,1
6.68845,32.52611,1
6.70668,32.51073,1
6.68628,32.52455,1
6.68915,32.53127,1
0.32741,34.80242,1
-0.28115,35.52826,1
5.09879,31.7817,1
6.06837,31.899,1
6.05052,31.36092,1
6.0429,31.3632,1
6.04037,31.36573,1
6.048,31.3635,1
9.53138,28.99909,1
9.89311,27.75843,1
9.86954,27.64002,1
6.06738,31.90232,1
6.06947,31.90152,1
5.94748,31.56794,1
5.83787,31.40136,1
5.83414,31.402,1
5.84032,31.4034,1
6.0465,31.36458,1
6.09407,31.37551,1
6.04738,31.36471,1
6.09509,31.37535,1
6.78822,31.18684,1
8.10528,30.65596,1
6.69716,32.58697,1
6.69384,32.52503,1
6.06366,31.90021,1
7.05737,36.35963,1
7.06178,36.36056,1
6.60039,36.57254,1
7.30186,36.76529,1
7.68706,36.79514,1
6.8023,36.0906,1
6.68374,32.53053,1
6.68962,32.53027,1
6.70562,32.51064,1
6.68947,32.5268,1
6.68364,32.5271,1
5.21019,31.95895,1
6.05947,31.90616,1
6.06006,31.90583,1
6.05955,31.89936,1
5.9558,31.69564,1
6.04502,31.3653,1
6.03886,31.3656,1
6.04455,31.35885,1
6.05069,31.35856,1
6.78386,31.19162,1
9.38038,28.67181,1
9.40247,28.17632,1
9.88984,27.75992,1
9.86341,27.64017,1
9.61601,27.44525,1
9.89049,27.75899,1
9.00026,28.69238,1
8.99998,28.69128,1
8.11283,35.94136,1
0.33051,34.79848,1
6.53578,30.40852,1
6.05107,31.35783,1
6.0446,31.36531,1
6.78527,31.18746,1
9.37679,28.67444,1
6.06382,31.90397,1
6.0679,31.90294,1
6.062,31.89866,1
6.06609,31.89762,1
5.91688,31.89536,1
6.68929,32.52739,1
8.02855,31.05392,1
9.38722,28.67231,1
5.8138,31.70156,1
6.06386,31.90026,1
6.0692,31.90171,1
6.69333,32.52535,1
-0.42286,27.89084,1
-0.04484,28.38665,1
-0.04427,28.38283,1
6.05189,31.88193,1
6.69523,32.52512,1
6.14756,31.75362,1
6.04969,31.3614,1
8.63759,31.29223,1
9.7396,28.91728,1
9.0278,28.70968,1
8.9306,28.70708,1
9.37912,28.67266,1
9.38061,28.67814,1
9.38018,28.67132,1
9.8608,27.63921,1
9.87941,27.71094,1
9.16582,27.70569,1
9.18343,27.76668,1
9.88445,27.76222,1
9.77992,28.08109,1
9.79695,28.19126,1
9.12583,28.44885,1
9.04632,28.46629,1
5.10124,31.7803,1
5.10519,31.77949,1
-1.93285,31.85437,1
6.78712,31.18669,1
6.7884,31.19102,1
6.04698,31.36395,1
6.69269,32.528,1
9.38252,28.67546,1
9.3818,28.67326,1
8.99945,28.69143,1
9.88514,27.92422,1
9.8812,27.71051,1
9.86287,27.64052,1
9.86709,27.63949,1
9.51896,28.67787,1
9.38565,28.67156,1
6.14855,31.75757,1
6.06829,31.90017,1
6.04916,31.36175,1
6.06491,31.89747,1
6.06974,31.89793,1
6.04863,31.36339,1
6.78824,31.18778,1
3.94985,36.27663,1
4.67255,36.58525,1
3.69299,36.84567,1
7.70545,36.78685,1
7.70096,36.78764,1
7.70814,36.79689,1
4.86977,36.65783,1
3.23606,32.84249,1
6.68986,32.52474,1
6.69069,32.52813,1
6.78862,31.18659,1
6.78417,31.18738,1
6.78703,31.18853,1
6.05116,31.35806,1
6.04772,31.36216,1
6.04851,31.36552,1
8.42103,30.98639,1
5.10457,31.77796,1
6.06115,31.90002,1
6.06537,31.8993,1
6.06194,31.90338,1
6.06616,31.90265,1
9.3837,28.67226,1
9.40463,28.17682,1
8.42221,30.98515,1
-2.76615,31.06054,1
6.67541,32.59919,1
-2.76651,31.06049,1
6.69302,32.52604,1
6.69112,32.52537,1
5.10426,31.78034,1
5.1049,31.77701,1
6.06598,31.90158,1
5.80842,31.66427,1
6.04976,31.36511,1
6.05411,31.35835,1
6.78658,31.18697,1
6.06661,31.89817,1
6.79107,31.18756,1
8.35835,31.30835,1
7.71361,36.74543,1
2.63463,36.56557,1
6.38213,36.70564,1
6.38724,36.70623,1
3.11862,36.68106,1
6.06257,31.90184,1
6.06709,31.90122,1
6.69203,32.52824,1
5.10105,31.77939,1
9.88996,27.92562,1
6.04852,31.36592,1
9.61782,27.44318,1
9.86532,27.64115,1
9.88529,27.69386,1
9.88483,27.71148,1
9.88916,27.76028,1
9.40368,28.17809,1
6.04789,31.36246,1
6.05171,31.35839,1
6.78553,31.18993,1
6.78975,31.18934,1
6.78488,31.18656,1
1.8974,30.91171,1
-0.28074,35.53051,1
0.78936,27.12635,1
9.88468,27.71111,1
6.78719,31.18651,1
6.55589,30.81651,1
6.0537,31.35795,1
6.04768,31.36404,1
5.94073,31.55352,1
6.06893,31.90022,1
5.96719,31.88619,1
5.10674,31.77807,1
6.69331,32.5282,1
6.69408,32.52486,1
6.79141,31.18721,1
6.68883,36.26625,1
6.55612,36.23168,1
5.39706,35.36066,1
7.36317,36.843,1
6.73872,36.7954,1
7.3326,36.64104,1
1.23536,36.13347,1
6.68941,32.52644,1
2.0535,34.43884,1
6.06219,31.90148,1
6.06737,31.90099,1
5.09988,31.77956,1
6.04459,31.36514,1
6.04907,31.36022,1
6.04844,31.36133,1
6.05351,31.36082,1
6.78423,31.18996,1
6.78883,31.18949,1
9.38533,28.67407,1
9.40418,28.17739,1
9.86889,27.63848,1
9.86457,27.63907,1
2.05051,27.35067,1
2.04666,27.351,1
2.0492,27.35255,1
8.80596,27.15116,1
9.88614,27.69482,1
9.88486,27.71273,1
9.88891,27.76184,1
9.89329,27.76123,1
7.91686,22.61378,1
0.32677,34.79837,1
-0.2139,35.8032,1
2.04874,27.3491,1
2.04923,27.35042,1
9.86753,27.63889,1
6.55767,30.81687,1
8.3624,31.08158,1
7.96028,30.72189,1
2.05353,27.34974,1
9.38465,28.67162,1
9.38743,28.67129,1
7.5445,28.41264,1
6.05122,31.36188,1
6.05246,31.35759,1
5.31374,34.68715,1
6.69877,32.56499,1
6.69122,32.52597,1
5.10299,31.77983,1
6.06479,31.89769,1
5.96835,31.63831,1
7.13165,36.37347,1
7.12783,36.37542,1
7.13439,36.37279,1
4.19073,36.87349,1
4.10819,36.73301,1
2.05502,27.34737,1
3.24601,32.90325,1
6.69093,32.52627,1
6.68624,32.52655,1
6.05827,31.89935,1
6.78205,31.18654,1
6.78259,31.19218,1
6.78701,31.19188,1
6.04962,31.36291,1
6.04471,31.36322,1
6.05032,31.36109,1
6.04594,31.36727,1
6.04103,31.36754,1
9.37989,28.67401,1
6.06328,31.89904,1
6.06384,31.90495,1
6.05881,31.90527,1
6.06608,31.90284,1
6.05604,31.9034,1
6.06108,31.90312,1
5.21181,31.9598,1
5.05277,31.85268,1
6.13913,31.7539,1
5.09895,31.78128,1
8.55523,31.23009,1
5.63626,30.88157,1
9.38042,28.67628,1
9.88503,27.69528,1
9.86581,27.64051,1
2.04738,27.35256,1
7.60722,28.64107,1
9.88235,27.71375,1
9.88868,27.76315,1
9.88876,27.92682,1
6.04857,31.36058,1
6.04344,31.36195,1
6.04559,31.36776,1
6.78802,31.18784,1
6.78235,31.18937,1
6.78405,31.18675,1
6.78629,31.19281,1
5.10189,31.7826,1
6.06766,31.8986,1
6.06263,31.89994,1
6.06471,31.90571,1
8.56001,31.22598,1
6.6897,32.52911,1
2.04691,27.35131,1
2.05053,27.35045,1
9.88562,27.71143,1
9.86854,27.63988,1
7.52411,28.71869,1
8.36281,31.07954,1
8.36616,31.08033,1
8.56295,31.079,1
9.8938,27.76068,1
6.06423,31.9007,1
6.06859,31.90179,1
6.07057,31.8998,1
6.06624,31.89868,1
6.05171,31.36422,1
6.78684,31.18872,1
6.79095,31.18975,1
6.55923,30.81655,1
3.62239,36.43053,1
7.36858,36.84357,1
5.92265,36.4618,1
8.03588,36.82954,1
6.86394,36.39502,1
7.25332,36.47762,1
7.70858,28.61423,1
9.04063,28.71132,1
2.05375,27.35139,1
8.51632,26.51668,1
5.10521,31.77607,1
6.07279,31.89696,1
6.06694,31.89665,1
6.06953,31.90049,1
6.07549,31.90077,1
6.05167,31.36466,1
6.05327,31.36025,1
6.7878,31.1837,1
6.79104,31.19006,1
6.79137,31.18357,1
8.57054,31.22435,1
6.55915,30.81368,1
6.69232,32.52806,1
6.69872,32.52834,1
6.69656,32.52776,1
8.04005,36.82744,1
8.16425,35.23309,1
8.1668,35.23415,1
6.69054,29.69642,1
6.9657,32.35993,1
6.92743,31.39531,1
9.87987,27.69145,1
9.62125,27.52984,1
8.80079,27.15343,1
9.88534,27.92765,1
9.87935,27.71194,1
9.88174,27.70948,1
9.37746,28.67545,1
9.383,28.67511,1
7.18491,28.68836,1
7.18408,28.68327,1
3.05886,36.54212,1
6.68696,32.52809,1
6.69267,32.52678,1
5.10958,34.38743,1
5.10646,34.39238,1
5.103,34.39179,1
6.0635,31.90071,1
5.10149,31.78248,1
5.10023,31.77822,1
5.14822,31.73937,1
6.04819,31.36564,1
6.78879,31.19109,1
6.05232,31.35986,1
6.7873,31.18636,1
6.7812,31.18778,1
-0.21492,35.80402,1
7.51009,28.43057,1
9.88208,27.7107,1
9.88162,27.69113,1
9.88775,27.92883,1
1.40766,28.5912,1
9.37843,28.67193,1
2.05198,27.35215,1
2.05102,27.34822,1
9.76864,28.92496,1
9.76288,28.92342,1
9.89452,27.75763,1
9.19941,27.76383,1
9.14047,28.44538,1
6.7944,31.19021,1
6.78912,31.18743,1
6.06584,31.90163,1
6.69393,32.52629,1
6.04853,36.58998,1
9.764,28.92266,1
9.86934,27.63685,1
9.76464,28.92364,1
6.55986,30.81483,1
8.36318,31.08094,1
6.788,31.18711,1
6.048,31.36497,1
5.99196,31.81549,1
5.10443,31.77865,1
6.06521,31.89915,1
6.69665,32.52382,1
4.26804,36.65612,1
3.71926,36.56272,1
4.26483,36.65737,1
1.09933,36.3768,1
2.46838,36.44557,1
4.74381,36.55496,1
6.69198,32.52542,1
-0.67229,35.52451,1
7.30669,34.62629,1
6.04986,31.36158,1
6.04599,31.366,1
6.04768,31.36385,1
5.10206,31.77886,1
6.06423,31.90347,1
6.06334,31.89994,1
5.95453,31.62314,1
5.14954,31.73938,1
9.38429,28.67203,1
1.89713,30.91216,1
6.78808,31.18902,1
6.04509,31.36246,1
9.89034,27.76148,1
9.88258,27.71254,1
9.88305,27.69267,1
9.86327,27.64266,1
9.8688,27.64143,1
9.1576,27.72872,1
9.89188,27.75836,1
9.88437,27.70997,1
9.86971,27.64038,1
5.96777,31.66266,1
5.96977,31.66556,1
5.96024,31.44247,1
6.81449,31.5383,1
6.04532,31.36329,1
6.0502,31.36388,1
6.0514,31.35665,1
5.87232,31.17025,1
6.78641,31.18907,1
6.78699,31.18533,1
8.36121,31.28843,1
8.35998,31.2886,1
8.36417,31.28905,1
6.55501,30.81538,1
6.79163,31.18969,1
9.76419,28.92244,1
9.76364,28.92674,1
5.0912,31.85192,1
5.09181,31.84843,1
6.06791,31.90132,1
5.1041,31.77865,1
3.37498,32.90525,1
3.73184,36.56766,1
6.96265,36.88063,1
3.35141,36.48464,1
4.26372,36.65855,1
3.27164,36.56494,1
4.54946,36.72961,1
4.54365,36.73257,1
4.54905,36.73322,1
4.54864,36.73684,1
2.86404,36.60152,1
4.42101,36.84008,1
4.40436,36.85266,1
4.22871,36.8701,1
4.12678,36.87574,1
6.30645,36.33175,1
6.30459,36.3324,1
5.64815,36.40777,1
5.64754,36.41153,1
5.45807,36.56223,1
5.45626,36.56334,1
5.45603,36.56712,1
6.00157,36.72394,1
0.45696,35.98647,1
5.99988,36.72178,1
5.66926,36.69293,1
5.95729,36.71687,1
5.96298,36.71965,1
5.95798,36.72031,1
7.6981,36.69003,1
5.26779,36.33783,1
5.26954,36.33748,1
4.14801,36.48429,1
7.30941,34.62613,1
6.78394,31.18856,1
6.78794,31.18794,1
6.05368,31.36008,1
6.0496,31.36068,1
6.04619,31.3646,1
5.14716,31.74165,1
5.1014,31.77943,1
6.02129,31.76254,1
6.06243,31.89856,1
6.0631,31.90188,1
6.64425,32.59062,1
6.06722,31.90128,1
9.38257,28.67262,1
6.68679,30.15534,1
6.6746,30.19845,1
7.5449,28.41574,1
7.54815,28.41177,1
9.89031,27.92682,1
9.88902,27.76127,1
9.89122,27.75993,1
9.88497,27.71243,1
9.88551,27.69361,1
9.86548,27.64008,1
9.49455,28.16095,1
9.48371,28.15255,1
7.84726,30.36844,1
9.38463,28.67028,1
6.78928,31.18736,1
8.33606,31.37281,1
8.6564,31.1066,1
8.65703,31.10326,1
2.05554,27.36226,1
2.0514,27.36145,1
6.05402,31.35773,1
6.64512,32.58706,1
6.06445,31.90088,1
6.06851,31.90153,1
5.99478,31.77749,1
6.04852,31.3637,1
7.68446,36.28825,1
7.68134,36.28873,1
7.68062,36.2921,1
6.40602,36.49457,1
1.23523,36.13346,1
-0.18728,35.79891,1
5.10172,31.77931,1
6.78729,31.18777,1
6.78612,31.19041,1
6.78551,31.18655,1
7.54111,28.41366,1
7.51853,29.03057,1
9.86563,27.641,1
9.8835,27.69284,1
9.8827,27.71,1
9.88948,27.92635,1
2.83915,36.7106,1
-0.26653,35.76165,1
-0.0735,28.35733,1
9.86809,27.6399,1
9.8934,27.76082,1
9.44907,28.21165,1
9.76279,28.92545,1
2.05526,27.36543,1
2.05134,27.36448,1
5.54056,36.51737,1
5.54193,36.51376,1
5.53833,36.51534,1
4.42894,36.8573,1
-0.61363,35.64022,1
5.07194,36.74385,1
5.07765,36.74498,1
6.12773,36.64264,1
6.15922,36.20448,1
6.81904,36.43855,1
6.81718,36.44555,1
6.8209,36.44991,1
6.81975,36.45337,1
6.82336,36.4577,1
6.81856,36.45682,1
6.6382,36.46418,1
6.12685,36.59268,1
2.05182,27.36605,1
4.47131,35.71286,1
6.53806,30.4119,1
6.78211,31.18831,1
6.78564,31.18804,1
8.6391,31.18897,1
5.14454,31.74152,1
5.10245,31.77855,1
5.09787,31.77884,1
2.04323,27.36571,1
9.88295,27.69451,1
9.8813,27.71122,1
9.88831,27.76002,1
9.88859,27.92515,1
8.80168,27.15163,1
2.04935,27.36534,1
0.29441,28.1187,1
0.29542,28.11382,1
9.86732,27.63837,1
9.86791,27.64244,1
6.04808,31.36465,1
3.32726,33.06485,1
6.06262,31.90392,1
6.06878,31.90215,1
6.05999,31.90331,1
6.06612,31.90159,1
5.99026,31.77733,1
5.95643,31.69596,1
6.04829,31.3642,1
1.89741,30.91302,1
2.04759,27.36642,1
2.05208,27.36531,1
2.05732,27.3672,1
7.52541,28.71941,1
8.48517,26.52201,1
9.89264,27.76091,1
9.8686,27.63649,1
6.50758,30.37247,1
8.64299,31.18793,1
8.63633,31.29665,1
6.78734,31.18635,1
6.79067,31.18713,1
6.06451,31.89876,1
6.06804,31.89962,1
5.10808,31.77866,1
6.47771,36.58746,1
6.54706,30.40644,1
6.79494,31.19094,1
2.05021,27.36478,1
2.05376,27.36507,1
6.04725,31.36344,1
6.78858,31.1884,1
6.06613,31.90254,1
6.07354,31.90284,1
5.70618,34.98003,1
6.05495,31.89871,1
6.06318,31.90546,1
6.46225,32.14061,1
6.05538,31.90572,1
6.55072,30.83541,1
6.78497,31.19131,1
6.77812,31.19161,1
6.78536,31.18766,1
6.77853,31.18792,1
6.04848,31.36098,1
6.04126,31.36827,1
6.0464,31.35963,1
6.0392,31.36689,1
5.57494,30.90073,1
5.63006,30.87739,1
5.94541,31.58437,1
6.0627,31.89845,1
9.88733,27.92558,1
9.10064,27.92776,1
9.88561,27.75923,1
9.88981,27.75891,1
9.88799,27.76365,1
9.88319,27.71444,1
9.8807,27.69259,1
9.8638,27.64321,1
9.61573,27.44641,1
6.69984,29.7041,1
6.71862,29.6727,1
6.48381,29.26152,1
7.51758,28.72685,1
9.12939,28.4523,1
7.50891,28.43541,1
7.50692,28.43241,1
3.29042,36.67369,1
3.33004,33.06416,1
5.27385,34.74431,1
5.89681,34.7103,1
5.10268,31.77895,1
6.78406,31.19136,1
6.78783,31.19043,1
6.04844,31.35975,1
6.05185,31.35893,1
-1.93436,31.85416,1
9.7406,28.9185,1
6.06423,31.90469,1
8.96392,28.15506,1
9.88653,27.92794,1
9.88035,27.71234,1
9.88242,27.69743,1
6.06757,31.90388,1
6.06265,31.89979,1
6.06599,31.89899,1
6.05933,31.90059,1
5.10315,31.7798,1
2.05241,27.36312,1
9.86816,27.6409,1
9.86174,27.64265,1
2.0477,27.36409,1
2.05082,27.36455,1
9.03997,28.7072,1
9.76513,28.92645,1
9.50613,28.17027,1
9.50789,28.17278,1
9.50287,28.17148,1
9.76307,28.92668,1
6.06503,31.89904,1
6.06555,31.90121,1
9.89371,27.75676,1
9.50409,28.17058,1
2.05282,27.3623,1
6.7875,31.18574,1
6.06709,31.89669,1
6.07032,31.9022,1
6.79153,31.18601,1
6.79016,31.18961,1
6.05098,31.36168,1
6.04731,31.36141,1
6.99074,31.6707,1
9.88396,27.76129,1
9.86941,27.72271,1
9.87722,27.71515,1
5.63137,35.54717,1
-0.26747,35.76385,1
1.89722,30.91209,1
-1.93474,31.85271,1
6.78796,31.18868,1
6.78387,31.18953,1
6.05317,31.35922,1
6.04859,31.36417,1
5.15121,31.74089,1
5.10335,31.78058,1
5.91883,31.89365,1
5.91963,31.89271,1
6.06053,31.90029,1
6.06607,31.89918,1
6.0671,31.90297,1
9.88253,27.7121,1
9.86509,27.63976,1
9.86499,27.63895,1
-0.51603,28.20108,1
9.67078,29.10782,1
9.89457,27.75853,1
8.3613,31.08045,1
8.36325,31.08309,1
6.04854,31.36419,1
5.95479,31.52875,1
5.88787,34.13334,1
5.89212,34.13379,1
7.31033,34.6273,1
3.32256,36.73904,1
3.32534,36.73701,1
3.22502,32.93544,1
6.06663,31.90181,1
5.10139,31.78001,1
5.10542,31.77939,1
5.14759,31.74242,1
6.04602,31.36318,1
6.04931,31.35925,1
6.05332,31.3586,1
9.8083,28.13565,1
9.89175,27.76159,1
9.88523,27.69398,1
9.8662,27.64063,1
9.61753,27.44172,1
-0.51835,28.20109,1
6.42274,23.29135,1
9.73101,28.66247,1
9.60678,27.45542,1
6.06468,31.90114,1
5.10517,31.77768,1
7.95883,30.72328,1
6.78872,31.18774,1
6.05421,31.35979,1
6.04952,31.3625,1
6.03534,31.83906,1
1.2366,36.13384,1
-0.27042,35.76939,1
6.0643,31.89889,1
6.06494,31.90261,1
8.55613,31.22824,1
8.55549,31.22488,1
8.55967,31.22429,1
6.04588,31.36601,1
6.05039,31.36169,1
6.78583,31.1904,1
6.7852,31.18683,1
5.146,31.7396,1
5.14685,31.73981,1
5.10035,31.78076,1
9.8679,27.63871,1
-0.51896,28.20188,1
2.04436,27.32538,1
-0.51922,28.2008,1
2.04779,27.32319,1
7.76803,36.78858,1
7.76722,36.79186,1
1.3122,36.1747,1
1.31365,36.17643,1
0.54261,35.85891,1
3.719,36.53074,1
2.87323,36.59593,1
1.23567,36.1346,1
-0.28196,35.81284,1
5.10308,31.78031,1
5.09942,31.78059,1
0.29651,28.11939,1
2.0435,27.32574,1
0.45676,27.79874,1
5.10221,31.78462,1
6.06988,31.90239,1
5.09971,31.7782,1
6.06314,31.90398,1
6.06232,31.90462,1
-0.51844,28.20179,1
2.04527,27.32489,1
7.92084,28.69166,1
2.04942,27.32584,1
9.81706,28.60499,1
7.92306,28.69055,1
5.95558,31.52695,1
7.97673,30.14924,1
8.1725,31.00655,1
6.06924,31.89877,1
6.05648,31.78755,1
5.63869,35.09492,1
5.10165,31.78279,1
6.05841,31.90457,1
6.05887,31.90378,1
6.06508,31.90347,1
8.25765,30.61312,1
8.26193,30.61284,1
8.25702,30.6154,1
8.2613,30.6151,1
9.66212,29.10701,1
9.74065,28.92743,1
9.74007,28.92237,1
9.73671,28.92264,1
9.38992,28.13385,1
5.75383,30.97975,1
5.75531,30.97967,1
6.78567,31.18744,1
6.7802,31.18775,1
6.04872,31.36278,1
7.60763,28.64232,1
8.96299,28.74742,1
8.9635,28.75272,1
9.73837,28.91866,1
9.73949,28.9173,1
9.73613,28.91758,1
-0.21404,35.80367,1
6.25185,36.06062,1
9.73906,28.92058,1
9.74919,28.92523,1
9.73349,28.91965,1
9.73603,28.92646,1
-2.18114,35.0568,1
6.05039,31.36156,1
6.78153,31.18813,1
6.78619,31.18693,1
6.78818,31.19254,1
6.04974,31.36156,1
6.78498,31.18806,1
5.10178,31.77846,1
6.06783,31.90015,1
2.04324,27.3258,1
-0.51625,28.20169,1
9.1438,27.75345,1
8.96399,28.74847,1
7.47133,28.55585,1
9.81704,28.60361,1
6.79263,31.18987,1
6.78761,31.18856,1
6.06576,31.89877,1
6.04861,31.36503,1
6.04806,31.36424,1
9.81745,28.60683,1
9.75239,28.92274,1
2.0461,27.32157,1
6.78807,31.18694,1
6.79311,31.18722,1
6.79133,31.19005,1
7.85965,30.34521,1
4.27966,36.76757,1
9.73841,28.92367,1
9.38799,28.13088,1
9.73794,28.91699,1
9.79746,28.1904,1
9.66034,29.10913,1
9.12909,28.45498,1
9.12862,28.4481,1
9.86211,27.64511,1
5.91795,31.89335,1
5.10397,31.77917,1
6.06085,31.90206,1
6.06531,31.90111,1
6.04886,31.36184,1
6.0534,31.36088,1
6.78662,31.1888,1
9.8873,27.76326,1
9.86702,27.63774,1
9.86274,27.63879,1
-1.93489,31.85291,1
1.89931,30.91083,1
9.66928,29.10877,1
9.74048,28.92305,1
9.74061,28.92266,1
8.96359,28.74936,1
9.38741,28.13191,1
9.39142,28.13092,1
9.38743,28.13124,1
9.39146,28.13029,1
9.89137,27.76224,1
9.88745,27.76079,1
9.88522,27.69529,1
9.75377,28.92105,1
9.49665,28.15552,1
9.49676,28.15048,1
9.75468,28.92219,1
9.49208,28.15252,1
9.49315,28.15505,1
9.81748,28.60718,1
9.81649,28.60714,1
9.81699,28.60189,1
7.46947,28.55744,1
6.79044,31.18727,1
6.78524,31.18677,1
8.26947,31.44673,1
8.26759,31.44824,1
6.01864,31.7615,1
5.10649,31.77834,1
6.06692,31.90105,1
6.28938,36.54766,1
6.80076,32.15479,1
6.06289,31.90267,1
6.06712,31.90194,1
6.0621,31.89932,1
6.06633,31.89858,1
5.10345,31.78063,1
9.74049,28.92246,1
6.78686,31.18869,1
6.05337,31.36081,1
6.04567,31.36564,1
1.90025,30.91169,1
9.66528,29.10588,1
9.86392,27.63918,1
9.88984,27.76179,1
9.38999,28.12931,1
-0.51758,28.20197,1
9.86827,27.63932,1
5.77449,31.72777,1
6.06699,31.89976,1
5.10572,31.77779,1
3.18536,32.74033,1
6.89413,36.2284,1
5.60991,36.38571,1
6.05339,31.35854,1
6.06521,31.90195,1
5.10388,31.77901,1
9.39195,28.13177,1
9.89224,27.7614,1
6.04516,31.3632,1
6.04896,31.35914,1
8.16584,31.01838,1
6.78825,31.1903,1
6.78339,31.18752,1
6.7876,31.18693,1
1.8967,30.91326,1
8.96684,28.74833,1
-0.51743,28.20207,1
9.86854,27.63817,1
9.86442,27.63888,1
7.86363,27.92067,1
9.39257,28.12866,1
9.81682,28.6067,1
9.89291,27.75879,1
9.86768,27.63962,1
8.36328,31.08179,1
8.26245,30.61013,1
6.79029,31.18736,1
6.78609,31.18666,1
6.05428,31.35905,1
6.04909,31.36172,1
6.04829,31.36514,1
5.94678,31.43188,1
6.08636,31.58324,1
5.88074,31.64275,1
6.01908,31.76196,1
6.06481,31.90038,1
6.04255,31.9178,1
5.10664,31.77988,1
5.10429,31.77884,1
0.10591,28.31569,1
9.66975,29.10795,1
6.46242,32.17942,1
6.74564,36.37672,1
3.07912,36.75291,1
7.30813,34.62742,1
6.78926,31.18765,1
6.78471,31.18812,1
8.50744,31.02148,1
6.052,31.3594,1
6.04756,31.3643,1
6.06107,31.90132,1
6.06622,31.90084,1
5.10017,31.78071,1
5.80972,31.70245,1
8.96453,28.74861,1
8.96649,28.74871,1
8.80609,27.15161,1
-0.16316,28.21309,1
9.86495,27.64198,1
9.86926,27.64138,1
9.88401,27.71238,1
9.89243,27.76075,1
9.89036,27.75957,1
9.39186,28.12917,1
-0.52045,28.2006,1
9.86793,27.63982,1
8.63544,31.29572,1
6.78738,31.18908,1
6.7918,31.19,1
6.78853,31.18495,1
9.67017,29.10578,1
7.67959,36.79451,1
3.30893,33.12452,1
5.71109,34.98578,1
6.79935,36.09044,1
9.73968,28.92038,1
9.74027,28.92496,1
8.45457,31.0231,1
8.50679,31.02388,1
6.78572,31.18809,1
6.78133,31.18837,1
6.04727,31.36279,1
5.96425,31.64325,1
5.95928,31.64357,1
5.9617,31.64141,1
5.1031,31.7803,1
5.09742,31.78061,1
5.10311,31.77868,1
5.09742,31.77895,1
6.06322,31.89899,1
6.05823,31.89929,1
6.06378,31.90489,1
6.05878,31.90519,1
5.20967,31.959,1
6.7958,32.15786,1
9.39058,28.13315,1
7.51031,28.43534,1
9.88829,27.76312,1
9.88192,27.71389,1
9.88446,27.71089,1
9.86469,27.64039,1
7.67949,36.79435,1
6.55378,30.83642,1
6.05136,31.35752,1
6.04621,31.3589,1
6.78646,31.19061,1
5.10144,31.78022,1
5.10146,31.78314,1
5.96227,31.64192,1
6.06032,31.90479,1
6.06534,31.90344,1
6.79983,32.1552,1
6.7945,32.15667,1
-0.52029,28.20071,1
9.39274,28.12954,1
9.86987,27.63898,1
9.39383,28.12845,1
9.8163,28.60209,1
9.81491,28.6069,1
9.58116,28.67985,1
6.04963,31.36194,1
0.08873,28.34051,1
8.16812,35.23426,1
8.07504,30.25636,1
8.09632,31.17738,1
8.09847,31.18261,1
8.50309,31.02381,1
8.02497,31.05441,1
8.50236,31.02636,1
8.50183,31.01971,1
7.5105,28.4582,1
7.50814,28.43069,1
9.38792,28.13004,1
9.10185,27.93209,1
9.87986,27.70996,1
9.87905,27.71365,1
9.16722,27.70584,1
9.86216,27.64238,1
9.86191,27.63979,1
8.80123,27.15118,1
9.66223,29.10591,1
9.66008,29.10613,1
9.66544,29.10579,1
9.74063,28.92231,1
9.73534,28.92263,1
9.7401,28.9162,1
9.02849,28.71027,1
7.18201,28.68689,1
7.18432,28.68866,1
7.60756,28.64082,1
7.69871,28.6227,1
7.50278,28.47952,1
6.06051,31.89981,1
6.06597,31.89858,1
6.06734,31.90308,1
6.06188,31.90431,1
9.16898,27.70404,1
9.86744,27.6398,1
9.8622,27.64118,1
9.88272,27.7135,1
8.5072,31.02124,1
8.45349,31.02316,1
5.10063,31.78145,1
5.10546,31.7804,1
9.38943,28.13361,1
9.73969,28.92098,1
9.6652,29.10747,1
9.66243,29.10536,1
1.89724,30.91181,1
6.05089,31.35883,1
6.78599,31.19028,1
-0.51733,28.19894,1
9.67281,29.10624,1
9.06158,28.46835,1
9.6702,29.10814,1
8.36762,31.0798,1
8.3676,31.07933,1
8.18033,31.007,1
9.8179,28.6033,1
9.86968,27.64058,1
9.89302,27.75941,1
9.81723,28.60266,1
1.5509,28.43234,1
9.67002,29.10828,1
9.25688,28.75513,1
8.36195,31.08436,1
8.36246,31.07893,1
1.41217,28.5906,1
1.54783,28.43115,1
2.71812,36.44915,1
3.31326,36.40651,1
7.30652,34.62601,1
6.06173,31.90049,1
6.06648,31.89961,1
5.10375,31.7785,1
8.45643,31.02228,1
6.05304,31.3607,1
6.78936,31.18978,1
6.78325,31.18711,1
9.7401,28.92515,1
8.80428,27.15148,1
9.89191,27.76265,1
9.89058,27.75799,1
9.88303,27.71013,1
9.88481,27.69486,1
9.86697,27.63813,1
9.49978,28.07746,1
9.49988,28.07701,1
9.3915,28.12967,1
-0.51845,28.20193,1
-0.51454,28.19861,1
8.45932,31.02048,1
6.78774,31.18746,1
6.05235,31.35994,1
6.04685,31.36296,1
0.24687,34.37079,1
4.26159,36.79288,1
3.76696,36.77169,1
4.28888,36.86165,1
3.94969,36.8701,1
2.17987,36.45067,1
4.19651,36.63824,1
6.78628,31.18632,1
6.79096,31.18899,1
6.78697,31.1896,1
6.04588,31.36303,1
5.10384,31.78098,1
9.88178,27.71162,1
9.86699,27.6384,1
8.80357,27.15136,1
-0.51773,28.19935,1
-0.51929,28.2018,1
9.38887,28.13038,1
9.5029,28.07673,1
9.88807,27.75917,1
9.89268,27.75833,1
9.86942,27.64066,1
9.89147,27.75908,1
9.67052,29.10897,1
9.52675,29.00528,1
9.13749,28.91317,1
3.10801,32.7503,1
6.85849,32.21548,1
5.10495,31.77926,1
6.03571,31.75765,1
6.04774,31.36454,1
6.10858,31.37421,1
6.05323,31.35858,1
2.92544,36.65136,1
4.18131,36.84103,1
-0.03793,34.71395,1
8.27148,36.19236,1
-0.91637,34.6677,1
3.3053,35.56536,1
5.27527,36.35966,1
8.1244,36.78338,1
8.11973,36.78278,1
7.14953,36.74365,1
4.00274,36.44606,1
3.99821,36.44531,1
-0.33245,35.82771,1
5.10392,31.78045,1
9.867,27.63883,1
9.88549,27.6939,1
9.88412,27.71103,1
9.88956,27.76126,1
9.39196,28.12949,1
9.8677,27.63901,1
5.98227,31.71133,1
6.08089,31.35717,1
6.08197,31.35325,1
6.78884,31.18769,1
6.79133,31.19002,1
6.78682,31.18517,1
5.10532,31.77741,1
-0.88762,35.01722,1
6.69089,36.40405,1
8.04904,36.35146,1
7.23878,34.57116,1
6.78267,31.18887,1
6.78618,31.18858,1
6.78216,31.19152,1
6.78568,31.19126,1
5.10168,31.78055,1
0.29692,28.11871,1
0.2969,28.11585,1
0.45592,27.80446,1
7.43427,36.86927,1
6.95851,36.86741,1
6.78497,31.18906,1
6.78253,31.18737,1
0.30294,28.11652,1
-0.51935,28.20185,1
0.63019,27.7853,1
6.93694,36.88264,1
6.95246,36.88227,1
7.29949,36.76531,1
7.30148,36.76319,1
6.95238,36.88267,1
8.09937,31.17673,1
8.09981,31.18298,1
9.88642,27.76153,1
9.89061,27.7612,1
9.88199,27.71101,1
9.86225,27.64108,1
9.8663,27.64076,1
9.73733,28.92364,1
9.74099,28.91776,1
-0.28085,35.52923,1
9.73978,28.91939,1
8.55705,31.2347,1
9.73779,28.92662,1
9.77633,28.63866,1
9.40806,28.1774,1
8.67049,31.24879,1
8.6656,31.24751,1
3.16111,36.70736,1
3.15406,36.70856,1
4.58364,22.65353,1
9.40835,28.17587,1
0.1989,28.66554,1
0.19752,28.66393,1
6.78938,31.18941,1
9.87649,27.7164,1
9.73451,28.92672,1
9.7341,28.91947,1
9.77365,28.63836,1
9.77637,28.63622,1
9.77789,28.08188,1
9.88713,27.75891,1
9.87216,27.72024,1
9.88004,27.71269,1
9.87841,27.69128,1
9.85903,27.64203,1
9.8612,27.63865,1
9.74252,28.92827,1
-0.28101,35.52789,1
7.23814,34.5701,1
5.10335,31.77814,1
9.88789,27.75907,1
9.89118,27.75829,1
9.88173,27.71019,1
9.88423,27.69322,1
9.86578,27.64288,1
9.8657,27.64218,1
0.30192,28.11602,1
0.30579,28.11539,1
-0.51928,28.20029,1
9.7796,28.64096,1
9.74061,28.92402,1
9.2642,28.25123,1
2.0683,27.41376,1
-0.51642,28.20051,1
6.90038,29.9883,1
8.36278,31.08335,1
5.82811,31.62523,1
5.25902,31.67574,1
6.05832,31.88947,1
2.53835,36.37604,1
3.96516,36.47682,1
-0.41135,35.73513,1
6.75096,36.34829,1
3.82416,36.81805,1
7.3079,34.62696,1
7.23917,34.56979,1
1.9423,36.54192,1
3.32763,36.75805,1
7.6688,36.60707,1
6.02033,31.84297,1
5.10257,31.77889,1
6.78714,31.18859,1
9.86366,27.64076,1
9.86923,27.63968,1
0.30236,28.11645,1
9.71998,28.39256,1
9.88213,27.71007,1
9.88925,27.76168,1
9.89099,27.76116,1
9.88389,27.69341,1
2.06352,27.41337,1
6.90061,29.98769,1
7.81383,30.00396,1
7.1921,28.58109,1
9.89152,27.75797,1
9.86608,27.63944,1
3.70121,31.73496,1
6.63549,32.58853,1
8.63943,31.20226,1
7.24298,34.56821,1
6.18036,35.74052,1
2.25152,35.38388,1
5.35429,36.48418,1
7.30835,34.62778,1
7.23839,34.56927,1
5.10067,31.77977,1
3.22103,33.01918,1
3.2241,33.01942,1
6.78656,31.18823,1
8.45766,31.02232,1
5.98866,31.64382,1
7.5173,29.03093,1
0.30306,28.11646,1
9.86857,27.63834,1
9.8647,27.63896,1
9.88379,27.69357,1
9.88327,27.71062,1
9.89254,27.76038,1
-0.28125,35.52784,1
7.19299,28.5823,1
6.78687,31.18914,1
6.78773,31.18561,1
8.59599,31.12422,1
8.36286,31.08173,1
6.90189,29.99049,1
5.1034,31.77742,1
5.98207,31.68861,1
5.82795,31.62924,1
5.98204,36.81536,1
8.27397,36.19516,1
-0.26293,35.80445,1
-0.27126,35.80463,1
-0.19049,35.79929,1
-0.27445,35.80783,1
7.23981,34.57056,1
7.30866,34.62649,1
6.04672,31.35963,1
6.7837,31.19012,1
6.78935,31.18962,1
8.45468,31.02588,1
8.45409,31.02169,1
5.10246,31.78251,1
3.22555,32.93075,1
6.48812,29.2579,1
6.7825,31.18722,1
6.78873,31.19133,1
8.45695,31.02497,1
0.29664,28.11438,1
6.78309,31.19187,1
9.86568,27.64171,1
9.88409,27.69239,1
9.88209,27.71157,1
9.89229,27.76148,1
5.53098,22.73515,1
6.46414,32.14039,1
2.65808,33.87545,1
5.10017,31.77992,1
5.10342,31.78349,1
5.2204,31.75662,1
5.04827,31.84934,1
6.04589,31.66175,1
-2.7707,31.07334,1
0.30382,28.11736,1
-0.51748,28.20086,1
8.54132,28.07468,1
9.88025,27.71888,1
9.86976,27.63997,1
6.90353,29.98695,1
6.90154,29.98939,1
6.79228,31.1888,1
6.78688,31.1876,1
5.97674,31.52612,1
6.04429,31.76207,1
5.10521,31.77929,1
5.10472,31.77998,1
7.67972,36.79304,1
7.67984,36.79305,1
6.93637,36.88166,1
5.09921,31.78104,1
5.09846,31.77882,1
5.97255,31.63544,1
5.97196,31.636,1
3.9992,32.40411,1
6.03831,31.84822,1
6.89532,29.98973,1
7.68192,30.17903,1
5.63509,30.88208,1
6.7821,31.18685,1
6.78259,31.193,1
6.78292,31.19244,1
8.10071,31.18067,1
8.63755,31.1888,1
6.04663,31.35855,1
5.96364,31.4077,1
9.86638,27.63914,1
9.88165,27.71271,1
9.88287,27.71411,1
9.88851,27.76358,1
8.80121,27.14896,1
3.32905,36.75671,1
6.24791,36.74405,1
7.23976,34.57006,1
4.74171,32.1747,1
6.78494,31.19078,1
6.78958,31.18957,1
6.89649,29.98888,1
6.8994,29.99112,1
6.89443,29.99241,1
9.74054,28.9147,1
8.93521,28.70873,1
9.02765,28.7119,1
-0.51834,28.20066,1
9.17206,27.73698,1
0.30765,28.11806,1
0.30207,28.11478,1
9.18654,27.76809,1
9.04918,28.46996,1
9.12928,28.45477,1
8.54465,28.07276,1
9.89365,27.75906,1
7.46766,28.55716,1
6.92988,29.86001,1
6.92583,29.85974,1
7.66616,30.16437,1
6.79068,31.18671,1
6.90119,29.9897,1
7.66166,30.16321,1
6.92879,29.85895,1
6.92391,29.85864,1
9.86969,27.63884,1
6.90299,29.98636,1
6.89906,29.98962,1
8.10497,30.65452,1
8.36679,31.07871,1
5.10529,31.77737,1
6.06884,31.90114,1
9.77826,28.08054,1
9.02799,28.70896,1
9.02828,28.71589,1
9.77515,28.63977,1
9.88136,27.71559,1
9.86396,27.63839,1
9.16746,27.70314,1
9.88145,27.69672,1
-0.25678,35.77304,1
-0.25604,35.74915,1
-0.26823,35.76116,1
-0.26748,35.76445,1
7.90146,30.39216,1
6.78464,31.19085,1
8.63957,31.19,1
5.91306,31.69294,1
5.91745,31.692,1
5.10185,31.78135,1
8.2895,31.04086,1
8.29074,31.04191,1
6.78963,31.18975,1
6.78335,31.18651,1
-0.51744,28.20099,1
0.30451,28.11439,1
2.13478,28.06608,1
9.86524,27.63924,1
9.88148,27.70968,1
9.88883,27.76189,1
6.92491,29.85881,1
1.89922,30.91279,1
6.89752,29.98965,1
6.94679,36.87318,1
9.89229,27.76094,1
2.07785,27.38045,1
0.30306,28.11528,1
-0.51703,28.20086,1
6.8992,29.98992,1
6.78646,31.1885,1
6.78441,31.18706,1
6.78525,31.19051,1
6.78971,31.1897,1
8.64113,31.18709,1
5.10511,31.78058,1
6.01828,31.84206,1
6.06581,31.90137,1
9.86456,27.63958,1
9.88361,27.6939,1
9.88348,27.71186,1
9.89034,27.76225,1
6.89964,29.98849,1
2.07809,27.38213,1
-0.52245,27.06003,1
6.78911,31.1869,1
8.82147,31.43631,1
6.90126,29.98735,1
6.54698,30.4086,1
5.86211,31.60175,1
5.10588,31.77907,1
9.86725,27.63958,1
8.37278,27.93118,1
9.88271,27.71064,1
9.8911,27.75875,1
5.10485,31.78148,1
5.10421,31.77788,1
8.64036,31.18957,1
8.28944,31.04028,1
6.78928,31.19073,1
6.78442,31.18796,1
6.78864,31.18736,1
6.89739,29.99128,1
6.89675,29.98794,1
0.3007,28.11547,1
-0.51749,28.20052,1
2.07569,27.38225,1
9.89041,27.75953,1
9.86909,27.64095,1
2.07922,27.3825,1
8.83972,31.44476,1
-0.5138,28.19818,1
7.00848,29.8429,1
6.92768,29.85783,1
7.73517,30.06426,1
7.73113,30.06361,1
6.90013,29.98706,1
7.97201,30.38497,1
8.36064,31.08282,1
6.79191,31.18785,1
6.78771,31.18715,1
6.10088,31.56447,1
6.10102,31.56758,1
5.83214,31.68353,1
-2.73476,30.99567,1
7.30624,34.62689,1
-0.22509,35.80391,1
-0.33351,35.82713,1
6.89751,29.99105,1
6.78571,31.18993,1
6.0654,31.9026,1
6.06023,31.90309,1
5.1027,31.78179,1
0.30157,28.11918,1
0.30124,28.11488,1
2.07361,27.382,1
-0.51989,28.2032,1
9.86916,27.64081,1
9.86485,27.64141,1
9.88469,27.69383,1
9.88343,27.71169,1
8.37606,27.93312,1
9.89185,27.76008,1
2.07743,27.38531,1
2.07034,27.38725,1
0.30381,28.11752,1
0.30283,28.11764,1
9.86882,27.63863,1
9.87943,27.71889,1
6.78752,31.18705,1
6.9017,29.99049,1
6.79194,31.18797,1
6.1163,31.57173,1
6.11779,31.57401,1
6.113,31.57297,1
5.96289,31.56327,1
5.91082,31.7353,1
6.05431,31.92303,1
5.83287,31.68226,1
5.71088,34.98648,1
5.75439,35.3531,1
5.09832,31.78028,1
6.92642,31.39557,1
6.78454,31.18889,1
6.78895,31.18859,1
6.89733,29.99248,1
-0.28115,35.52833,1
6.78387,31.18936,1
6.78954,31.18779,1
6.78507,31.19131,1
8.09936,31.17982,1
6.79076,31.18978,1
5.96728,31.40265,1
6.89396,29.99122,1
6.90005,29.98955,1
6.48912,29.25776,1
1.0,23.38573,1
9.17667,27.70089,1
6.79191,31.1875,1
6.78782,31.18649,1
6.11121,31.37321,1
6.11267,31.37658,1
6.90259,29.98971,1
7.81485,30.00358,1
6.90019,29.98908,1
3.67587,36.78822,1
6.96483,32.3602,1
6.9235,31.40235,1
6.92305,31.39511,1
9.14691,28.73341,1
9.66143,29.10962,1
6.70021,29.70273,1
6.89714,29.99137,1
6.889,29.99167,1
8.02656,31.05373,1
9.88301,27.71284,1
9.88701,27.76091,1
7.18501,28.68665,1
9.78026,28.63289,1
9.86483,27.63926,1
9.88176,27.7106,1
9.88111,27.69484,1
7.2394,34.5698,1
3.42786,36.7218,1
6.78784,31.18682,1
6.7817,31.18824,1
6.78933,31.19156,1
5.10284,31.78007,1
9.89077,27.76068,1
9.88009,27.71092,1
9.88297,27.7113,1
9.88248,27.69173,1
9.86664,27.64327,1
6.89799,29.99286,1
6.89649,29.98796,1
6.89852,29.98718,1
9.6701,29.11189,1
0.30479,28.11796,1
-0.51601,28.19923,1
-0.51687,28.20149,1
0.30397,28.1144,1
9.49422,28.30314,1
9.49421,28.30298,1
9.778,28.6276,1
6.07018,31.90057,1
6.39835,23.29811,1
-0.51641,28.20045,1
9.49116,28.30316,1
9.49415,28.29996,1
2.05436,27.36292,1
9.86841,27.63772,1
9.89166,27.75647,1
6.90264,29.98914,1
6.78945,31.18459,1
6.78892,31.18953,1
5.32175,31.70261,1
5.10548,31.78062,1
-1.28317,34.89923,1
7.07281,35.09488,1
7.07537,35.09549,1
7.24219,34.56868,1
5.96619,31.63982,1
5.10396,31.77814,1
9.88464,27.71194,1
9.88515,27.69203,1
9.8849,27.69589,1
9.8638,27.64118,1
9.86935,27.63996,1
9.89214,27.75971,1
6.78552,31.1871,1
6.79162,31.18979,1
6.78648,31.19077,1
0.30743,28.11562,1
-0.51996,28.20127,1
-0.51581,28.20068,1
2.8728,25.77309,1
2.87379,25.77208,1
0.30347,28.11621,1
2.97133,19.98763,1
9.8688,27.63704,1
9.87,27.64067,1
9.89233,27.75855,1
6.76438,29.83339,1
6.3538,30.51926,1
6.78714,31.1878,1
6.6875,32.52535,1
6.68809,32.52157,1
5.40285,34.78924,1
7.24132,34.57076,1
7.30791,34.62531,1
6.06291,31.90077,1
6.24531,31.72449,1
8.29061,31.0403,1
6.78725,31.18963,1
6.78657,31.18635,1
5.10183,31.77864,1
9.88545,27.74291,1
9.88513,27.71184,1
9.88566,27.69304,1
9.86849,27.64007,1
9.60557,27.45656,1
0.30187,28.11683,1
0.30602,28.11637,1
-0.39919,35.46461,1
9.86812,27.63868,1
9.86803,27.64006,1
9.88761,27.74299,1
6.79095,31.1888,1
6.78695,31.18818,1
5.82194,31.41692,1
6.98939,31.67163,1
5.96838,31.55983,1
5.83281,31.68143,1
-0.05547,27.51189,1
6.76498,29.83354,1
6.35541,30.51771,1
6.67811,32.59698,1
3.2605,32.92809,1
5.10297,31.78029,1
6.06816,31.89962,1
4.47315,36.85198,1
3.76433,36.87917,1
7.43451,36.88206,1
-0.2738,35.76916,1
-0.94354,35.56828,1
7.2389,34.57153,1
8.45694,31.02212,1
6.78862,31.19046,1
6.78237,31.18724,1
6.788,31.1866,1
5.10196,31.77988,1
8.63951,31.1891,1
0.29879,28.11498,1
9.88702,27.74398,1
9.88538,27.71033,1
9.88617,27.69319,1
9.86831,27.6414,1
9.60478,27.45631,1
-0.26555,35.76459,1
3.22632,36.63043,1
0.30243,28.11543,1
0.30621,28.11734,1
9.88974,27.74353,1
9.15255,28.32098,1
6.76563,29.83397,1
7.81701,30.00334,1
6.35584,30.51813,1
8.36028,31.08279,1
8.66712,31.24777,1
8.33647,31.37512,1
6.79162,31.18851,1
6.78609,31.18746,1
5.10446,31.77953,1
6.79007,31.18624,1
-0.1714,35.62187,1
7.80171,36.74402,1
-0.17205,35.62441,1
5.86605,36.0581,1
6.80358,36.09023,1
6.78391,31.18624,1
6.78802,31.1911,1
6.78449,31.19138,1
8.64079,31.18868,1
9.60311,27.45884,1
9.86516,27.63901,1
9.86574,27.64308,1
9.86732,27.64274,1
9.8833,27.69467,1
9.88164,27.71139,1
9.88629,27.74393,1
8.80158,27.1492,1
6.9234,31.40174,1
6.9324,31.40441,1
6.92289,31.39987,1
6.93479,31.3911,1
6.92784,31.39315,1
9.88675,27.74158,1
9.86888,27.63737,1
6.7917,31.18961,1
8.26932,31.44709,1
8.27071,31.44744,1
5.97459,31.16761,1
5.97291,31.17275,1
6.78835,31.18883,1
5.40151,34.786,1
2.0468,27.32526,1
6.7916,31.186,1
6.24514,36.75007,1
6.93328,36.88264,1
6.96935,36.868,1
6.93831,36.88233,1
5.75537,35.34946,1
5.75424,35.35125,1
6.7004,29.70424,1
7.79804,30.22172,1
6.551,30.83609,1
6.70257,32.51463,1
6.46029,32.13469,1
6.03511,31.85194,1
6.04775,31.80236,1
6.03497,31.85361,1
6.04763,31.79693,1
5.79952,31.70201,1
5.97023,31.63272,1
5.97412,31.63449,1
5.96258,31.40467,1
6.92319,31.40036,1
5.96276,31.40645,1
8.63715,31.18645,1
8.09711,31.17889,1
6.77969,31.18835,1
6.78655,31.18808,1
6.77892,31.19212,1
6.78579,31.1918,1
8.16431,31.00979,1
9.86431,27.63924,1
9.60256,27.45909,1
9.88058,27.71519,1
9.88324,27.74255,1
9.88378,27.74803,1
9.88356,27.74335,1
7.50664,28.4311,1
7.5143,28.72577,1
7.51399,28.72196,1
9.78022,28.64087,1
9.88225,27.69299,1
9.8652,27.64365,1
8.10049,31.18157,1
5.98315,31.63676,1
-1.93232,31.85237,1
9.0501,28.46968,1
9.78051,28.07916,1
8.80004,27.14946,1
9.86576,27.64296,1
9.866,27.63898,1
9.85961,27.64076,1
9.87351,27.72279,1
9.88262,27.74889,1
9.88159,27.74502,1
5.98301,31.63683,1
5.10302,31.78064,1
6.7844,31.19064,1
6.78816,31.18972,1
8.80167,27.14814,1
-0.52082,28.20024,1
0.30552,28.11623,1
6.79336,31.18751,1
9.86812,27.63767,1
2.30041,27.81914,1
9.88866,27.74346,1
9.86918,27.64006,1
6.79079,31.18608,1
-0.53001,28.1929,1
6.78676,31.18579,1
9.86009,27.64004,1
9.85771,27.64306,1
9.77306,28.63654,1
9.77336,28.64179,1
9.88057,27.74266,1
6.78615,31.19082,1
6.79023,31.18998,1
6.78504,31.18685,1
5.91941,31.89235,1
9.86632,27.64036,1
-0.51897,28.19945,1
9.60293,27.45982,1
0.30276,28.11477,1
0.30663,28.11415,1
9.88624,27.74577,1
9.88391,27.71363,1
9.88375,27.71256,1
2.3014,27.81878,1
4.83318,36.53165,1
3.00799,36.67964,1
7.24073,34.57146,1
6.73762,29.50511,1
8.64252,31.18745,1
5.10306,31.78002,1
5.91673,31.89558,1
8.04056,31.05787,1
6.78745,31.19103,1
6.78671,31.18772,1
7.29986,32.32387,1
-0.51631,28.20174,1
0.30502,28.11621,1
7.43868,28.39503,1
-0.16281,28.21164,1
9.889,27.74307,1
9.86622,27.63941,1
6.73754,29.50386,1
6.76924,29.70198,1
8.36221,31.08319,1
6.78888,31.18788,1
7.12954,32.39113,1
6.98071,31.4048,1
6.87623,31.46782,1
5.96816,31.64221,1
5.65949,36.76751,1
1.19876,36.43317,1
2.25752,35.41907,1
3.73546,36.79247,1
6.32489,36.97708,1
7.23898,34.57238,1
7.30852,34.6271,1
-0.34992,35.80654,1
-0.34946,35.81217,1
5.6335,36.19509,1
5.10434,31.77973,1
6.02197,31.59788,1
8.03957,31.0594,1
6.78539,31.18797,1
6.79016,31.18734,1
6.73754,29.50677,1
6.73693,29.50324,1
9.86633,27.63858,1
9.60399,27.45585,1
-0.16395,28.2122,1
-0.51929,28.19923,1
0.2986,28.11697,1
7.43857,28.39767,1
7.43796,28.39427,1
9.88692,27.7442,1
9.8841,27.71074,1
9.88539,27.69318,1
9.86699,27.64187,1
-1.93515,31.85509,1
-1.93253,31.85631,1
9.88619,27.74405,1
9.88799,27.69379,1
8.53909,28.07404,1
9.75301,28.8678,1
6.74091,29.50289,1
8.2622,30.61093,1
5.98262,31.68767,1
5.10415,31.77922,1
8.33726,31.37434,1
6.78647,31.18521,1
6.79032,31.18959,1
6.18726,31.55928,1
6.02497,31.59356,1
5.96492,31.64333,1
-0.26968,35.80933,1
5.11226,34.39034,1
7.24229,34.57138,1
5.10824,34.39061,1
2.05352,34.43908,1
6.78323,31.19088,1
6.78892,31.19036,1
6.78263,31.18621,1
3.32542,33.06778,1
3.32684,33.06834,1
3.99965,32.4035,1
5.09946,31.77943,1
5.10315,31.77914,1
5.97435,31.63309,1
8.63928,31.19055,1
8.10027,31.17827,1
0.29974,28.11988,1
0.29771,28.11792,1
9.60501,27.45656,1
9.86613,27.63945,1
9.88197,27.69228,1
9.88504,27.71088,1
9.88524,27.74503,1
7.43874,28.39662,1
7.43685,28.39857,1
6.73901,29.50738,1
6.73363,29.50792,1
5.91646,31.89826,1
5.91792,31.89858,1
5.11111,34.38634,1
5.10936,34.39155,1
5.1026,31.77872,1
0.3043,28.11782,1
0.30544,28.11934,1
0.30374,28.11384,1
-0.51813,28.20351,1
-0.51848,28.20021,1
9.86888,27.6382,1
9.88576,27.69289,1
9.8869,27.74288,1
9.76016,28.92566,1
7.5485,28.41176,1
5.10596,31.77688,1
8.13841,31.19388,1
5.84293,31.65712,1
7.76032,36.58329,1
-0.08075,28.24334,1
-0.08411,28.24305,1
-0.3371,35.8069,1
6.79894,36.09052,1
7.2356,34.57253,1
8.13393,31.19618,1
8.09996,31.18111,1
6.77992,31.19167,1
6.78545,31.19139,1
6.78354,31.1922,1
6.78304,31.18602,1
8.35653,31.08711,1
8.36104,31.0868,1
8.35607,31.08146,1
8.36048,31.08116,1
3.99514,32.40075,1
6.46379,32.14099,1
3.97634,32.2812,1
5.91307,31.89731,1
5.91465,31.89739,1
5.09614,31.77832,1
5.09826,31.78345,1
5.95269,31.7066,1
9.6023,27.45823,1
9.86654,27.64203,1
9.88131,27.71095,1
9.88135,27.71178,1
9.88531,27.74656,1
9.40379,28.18016,1
9.40286,28.17718,1
7.43437,28.39514,1
7.51031,28.43105,1
7.69773,28.61733,1
3.32844,36.76022,1
-1.6341,34.91937,1
-1.42253,35.06976,1
5.11035,34.38988,1
7.24064,34.57329,1
9.17265,27.73777,1
5.10019,31.78043,1
5.10379,31.77956,1
6.78841,31.19252,1
6.78184,31.18812,1
6.78644,31.18692,1
5.917,31.89498,1
8.09981,31.18261,1
0.30411,28.11734,1
0.29968,28.11825,1
0.30856,28.11643,1
0.29858,28.11407,1
0.30302,28.11315,1
-0.51882,28.19992,1
-0.51794,28.19906,1
9.53093,29.00083,1
5.29487,36.56293,1
-0.76398,35.6147,1
8.83027,27.41171,1
9.88024,27.74406,1
9.86002,27.64093,1
9.86655,27.64055,1
9.18669,27.76833,1
9.14308,27.74991,1
9.87795,27.71109,1
9.17011,27.7348,1
9.16876,27.70737,1
9.1718,27.74073,1
9.04917,28.46851,1
9.12867,28.45103,1
9.04829,28.46875,1
9.12779,28.4508,1
-0.66539,35.08002,1
3.24588,36.53235,1
3.24149,36.53313,1
5.11215,35.61843,1
7.24247,34.56878,1
7.23951,34.5688,1
-0.70665,35.72169,1
5.10227,31.7795,1
5.91979,31.89465,1
6.78365,31.18851,1
6.78861,31.18743,1
-0.51634,28.2,1
0.30578,28.11527,1
0.30169,28.11598,1
7.43751,28.39598,1
9.88514,27.74748,1
9.88282,27.74517,1
9.88701,27.74416,1
9.8807,27.70984,1
9.86447,27.64205,1
9.86549,27.6394,1
9.86948,27.63823,1
7.9645,30.38684,1
6.78696,31.18674,1
5.10479,31.77766,1
5.27803,34.55205,1
7.92443,36.20658,1
8.07321,36.3433,1
5.23619,36.45213,1
5.89139,36.62701,1
7.73205,36.79962,1
7.698,36.7951,1
6.25342,36.75201,1
6.25193,36.72839,1
-0.25665,35.74756,1
7.24345,34.57153,1
5.91708,31.89398,1
6.78753,31.19076,1
7.79846,30.22231,1
5.97258,31.17916,1
5.1029,31.78108,1
6.7867,31.18732,1
0.30289,28.11468,1
7.43692,28.39448,1
9.88706,27.74538,1
9.88251,27.71062,1
9.86633,27.6399,1
9.86872,27.63779,1
-0.67149,35.60822,1
6.47488,35.06932,1
-1.70178,34.77147,1
4.15916,36.86851,1
7.24045,34.57104,1
4.07678,36.31859,1
5.65824,36.77223,1
6.06451,31.90088,1
5.10231,31.7783,1
6.13565,31.63555,1
8.64037,31.18888,1
8.3595,31.0828,1
6.78402,31.18951,1
6.78826,31.18891,1
7.43813,28.39764,1
9.51141,28.13486,1
9.51212,28.1382,1
9.27705,28.78556,1
0.30402,28.1166,1
-0.51713,28.20132,1
9.86456,27.64035,1
9.86866,27.63964,1
8.37413,27.93078,1
9.88404,27.71057,1
9.88542,27.74248,1
9.88616,27.74586,1
7.43749,28.39435,1
7.44117,28.39609,1
9.27688,28.78433,1
1.41124,28.59027,1
7.96419,30.38672,1
7.96349,30.39001,1
6.00535,31.54631,1
5.94391,31.55338,1
5.10366,31.77963,1
3.35041,33.17414,1
7.17641,36.5248,1
7.24055,34.57033,1
-0.26825,35.80648,1
-0.27513,35.8067,1
-0.2677,35.80412,1
5.10167,31.78218,1
8.64038,31.18911,1
8.10024,31.18007,1
6.78336,31.18844,1
6.78797,31.18796,1
9.13567,28.91541,1
9.27724,28.78512,1
7.44003,28.39671,1
9.50899,28.13738,1
9.88596,27.74466,1
9.88712,27.74265,1
8.37172,27.93054,1
9.86468,27.63921,1
9.6049,27.45773,1
9.60307,27.4572,1
-0.52092,28.19946,1
0.29869,28.11634,1
0.30431,28.11649,1
0.30265,28.11663,1
9.88916,27.74166,1
5.1048,31.77705,1
7.00097,32.11584,1
6.99944,32.1157,1
6.78662,31.18805,1
6.7911,31.18897,1
7.96593,30.38912,1
6.0713,31.3247,1
6.06744,31.35577,1
6.98912,31.67357,1
6.9911,31.67277,1
6.00729,31.54521,1
4.47393,36.83904,1
7.23951,34.57095,1
5.09682,31.78332,1
5.10259,31.78303,1
5.10208,31.77903,1
8.64011,31.18655,1
8.0988,31.17705,1
6.78487,31.19153,1
6.78042,31.19182,1
6.78432,31.18587,1
3.15814,32.55474,1
3.1582,32.5539,1
3.9989,32.40591,1
9.67009,29.11055,1
9.13516,28.91572,1
7.43621,28.39716,1
7.43993,28.39685,1
9.51137,28.13747,1
8.37078,27.93254,1
9.8856,27.74704,1
9.88501,27.74253,1
9.86434,27.64223,1
6.55343,30.83729,1
8.26054,30.61464,1
8.26001,30.61258,1
-0.26597,35.76377,1
-0.45678,35.59367,1
7.24118,34.57389,1
7.23934,34.56981,1
6.06435,31.8996,1
6.03479,31.85315,1
8.09945,31.18023,1
8.0987,31.18314,1
8.16516,31.01023,1
5.10379,31.78358,1
5.10187,31.77809,1
5.10132,31.78069,1
6.78694,31.19377,1
6.78469,31.18773,1
6.55319,30.83776,1
7.65021,28.58297,1
7.50333,28.47733,1
7.43902,28.39926,1
0.30532,28.11708,1
7.43921,28.39849,1
9.86822,27.6391,1
9.67174,29.10903,1
7.00379,32.11475,1
7.00002,32.1138,1
7.96414,30.38931,1
7.9678,30.39019,1
8.46033,31.02337,1
8.45698,31.02258,1
6.79098,31.18465,1
6.78853,31.18437,1
6.79087,31.19079,1
9.66965,29.1058,1
7.96372,30.38868,1
8.1037,30.72006,1
8.10275,30.71995,1
7.96214,30.38948,1
-1.10403,35.51065,1
8.10016,31.18213,1
8.02611,31.0535,1
8.35603,31.08135,1
8.09962,31.18098,1
9.86494,27.6412,1
9.18583,27.767,1
8.36885,27.93511,1
9.50694,28.14014,1
9.50904,28.13919,1
7.43691,28.3991,1
7.43146,28.39861,1
7.5031,28.47869,1
7.50984,28.45738,1
7.64799,28.57547,1
7.18507,28.6879,1
9.66103,29.11052,1
9.66056,29.11157,1
9.74057,28.92093,1
9.74003,28.91478,1
9.27252,28.78729,1
9.27381,28.79015,1
7.18499,28.68565,1
6.50219,36.05836,1
7.24035,34.5722,1
7.23915,34.57255,1
6.78258,31.18987,1
6.78864,31.18847,1
9.66039,29.10861,1
9.74077,28.92319,1
8.36073,31.08495,1
8.36074,31.08544,1
5.10147,31.78272,1
5.10022,31.77848,1
9.86558,27.64367,1
9.50965,28.13688,1
9.50823,28.13993,1
9.27477,28.78421,1
7.438,28.39524,1
0.30655,28.1168,1
0.30195,28.11764,1
8.37292,27.93058,1
8.36497,31.08075,1
9.75217,28.92253,1
8.36622,31.08153,1
6.79278,31.18436,1
6.79236,31.19037,1
8.31387,31.37346,1
5.97249,31.52467,1
5.97654,31.52727,1
5.97584,31.58413,1
8.36227,31.08157,1
7.24298,34.57126,1
4.64021,36.55327,1
1.29422,33.18084,1
6.78726,31.18918,1
5.10118,31.7798,1
8.63911,31.18803,1
9.51114,28.13831,1
9.2754,28.7864,1
-0.51972,28.1998,1
0.30341,28.1148,1
0.30739,28.11421,1
9.86572,27.63994,1
8.37528,27.93117,1
9.60201,27.458,1
2.52518,27.28278,1
9.49434,28.30039,1
-0.06743,27.31775,1
9.03867,28.87122,1
9.03463,28.87077,1
9.03508,28.87001,1
9.67054,29.1072,1
7.96244,30.38861,1
8.10428,31.1758,1
8.36322,31.28616,1
6.78953,31.1876,1
6.06513,31.89888,1
7.00294,32.11259,1
2.24573,36.13622,1
7.24026,34.57181,1
6.065,31.90185,1
5.10239,31.78128,1
8.64114,31.1887,1
6.78656,31.18822,1
9.66932,29.10629,1
9.27588,28.78715,1
9.50977,28.13872,1
8.37285,27.93278,1
9.86507,27.63992,1
0.30309,28.1172,1
0.30384,28.11447,1
9.76852,28.37961,1
1.18363,31.14889,1
6.78766,31.18876,1
6.78835,31.18547,1
5.10509,31.77846,1
5.31551,35.92575,1
3.39668,36.51046,1
2.39827,36.52633,1
6.48981,36.93413,1
8.64178,31.1873,1
5.10099,31.77862,1
-0.67054,35.07753,1
7.24032,34.57082,1
9.27744,28.78541,1
9.27471,28.78518,1
8.26156,30.61005,1
6.78964,31.19087,1
6.78332,31.18764,1
9.60473,27.45705,1
9.86834,27.63885,1
8.37591,27.93277,1
9.5104,28.13594,1
0.29942,28.11694,1
-0.51895,28.20161,1
0.30355,28.11661,1
5.47809,36.33258,1
5.48106,36.33813,1
3.17816,32.75212,1
-0.52085,28.19963,1
0.30739,28.11725,1
0.30075,28.11666,1
9.86876,27.63765,1
5.94248,31.53762,1
6.78785,31.18829,1
6.79023,31.18716,1
6.44955,32.16787,1
5.10435,31.77678,1
6.02595,31.82665,1
3.17426,32.97261,1
3.17496,32.97638,1
0.92268,35.97082,1
0.92181,35.96948,1
0.92927,35.96969,1
3.16181,32.55953,1
5.68463,34.84998,1
5.10053,31.78369,1
5.09997,31.77796,1
8.07828,30.25173,1
6.78626,31.19053,1
6.78268,31.19081,1
8.1002,31.17962,1
9.86783,27.64144,1
9.88476,27.74283,1
8.3733,27.9303,1
9.51035,28.13556,1
7.60761,28.64045,1
9.27668,28.78617,1
5.10187,31.78451,1
5.0997,31.77858,1
6.78462,31.18814,1
6.78314,31.19301,1
6.78999,31.19105,1
5.1045,31.78326,1
0.30206,28.11518,1
0.30507,28.11649,1
9.70199,28.31744,1
7.96511,30.38979,1
7.6621,28.57629,1
6.05745,31.79307,1
6.05695,31.78603,1
9.74071,28.91807,1
9.27217,28.78903,1
7.60657,28.64322,1
9.50729,28.14,1
6.92774,31.39527,1
5.96448,31.41015,1
6.78266,31.19293,1
6.7822,31.18617,1
6.78409,31.19068,1
5.63122,30.87535,1
6.70119,29.70377,1
9.88464,27.74472,1
8.3735,27.93351,1
9.86331,27.64082,1
5.91894,31.89322,1
8.10618,31.18135,1
8.09987,31.17699,1
5.10056,31.78209,1
5.10495,31.77962,1
5.9673,31.40229,1
6.7838,31.18817,1
6.78751,31.18726,1
5.7636,30.97104,1
9.66183,29.10884,1
9.74079,28.91518,1
9.2731,28.78602,1
8.37355,27.93189,1
9.67312,29.10539,1
9.66838,29.1042,1
9.27844,28.78701,1
9.28046,28.78552,1
9.54938,28.47851,1
9.76676,28.37919,1
9.76863,28.38234,1
9.706,28.31643,1
5.24387,34.71735,1
7.24153,34.56874,1
7.24306,34.57001,1
8.05401,34.72176,1
6.87816,35.26293,1
5.87484,31.71657,1
8.63951,31.18951,1
5.10293,31.78173,1
6.78885,31.19108,1
6.78372,31.18795,1
6.78776,31.18713,1
9.51099,28.13713,1
9.27549,28.78425,1
9.27688,28.78903,1
9.60325,27.45928,1
8.37308,27.93346,1
9.88808,27.74522,1
9.88474,27.746,1
0.3017,28.11498,1
2.61001,20.37499,1
9.76752,28.37748,1
8.37495,27.93011,1
9.88952,27.7446,1
9.54804,28.48199,1
7.74215,30.3229,1
6.78801,31.18679,1
8.00976,30.19557,1
7.74666,30.32337,1
-0.67391,35.61456,1
7.24097,34.56996,1
8.36063,31.08459,1
5.10511,31.78121,1
8.64256,31.18829,1
7.30908,34.62714,1
9.88758,27.74385,1
9.86733,27.63861,1
9.86627,27.64221,1
9.60616,27.45672,1
9.88902,27.74405,1
6.78348,31.18739,1
6.78754,31.18671,1
6.78828,31.19002,1
-0.51847,28.20179,1
0.30287,28.11572,1
9.88672,27.74434,1
8.56564,28.05033,1
6.78716,31.18844,1
3.01597,30.53299,1
3.0212,30.53031,1
7.9584,30.72125,1
7.9638,30.38646,1
1.05862,31.15784,1
5.10413,31.7772,1
6.23551,31.69242,1
2.36863,36.46138,1
2.92433,36.14055,1
7.30691,34.62653,1
7.24293,34.5713,1
9.51138,28.13603,1
9.88568,27.74302,1
8.376,27.93199,1
9.86587,27.64067,1
5.10513,31.78137,1
6.05889,31.67021,1
5.9618,31.63972,1
5.96606,31.63868,1
8.64129,31.18753,1
8.35989,31.08324,1
6.78701,31.18863,1
-0.52059,28.20007,1
0.30114,28.11855,1
9.60387,27.45777,1
0.30444,28.11826,1
5.53146,22.73596,1
-0.26475,35.76419,1
5.10678,31.77778,1
8.36126,31.08254,1
6.8788,35.25967,1
-1.261,34.89928,1
7.23847,34.56985,1
7.23966,34.57045,1
7.30995,34.62704,1
9.66974,29.1071,1
5.80945,31.70171,1
5.1007,31.78068,1
8.36003,31.08402,1
6.78599,31.19178,1
6.78429,31.18991,1
6.79007,31.18938,1
5.7588,30.97321,1
8.37627,27.93343,1
9.88517,27.74589,1
9.86709,27.64022,1
0.30255,28.11889,1
6.94312,36.88197,1
7.3045,34.62503,1
7.24028,34.57044,1
5.09908,31.77912,1
5.1012,31.78354,1
5.75545,30.97406,1
-0.51897,28.20227,1
0.30369,28.11805,1
8.94851,28.71214,1
6.78802,31.18591,1
7.80227,29.85043,1
7.80462,29.84831,1
5.81699,31.638,1
5.1062,31.77723,1
5.10552,31.77659,1
4.44153,35.88351,1
6.93383,36.88163,1
8.16793,35.23241,1
5.7552,35.3475,1
9.1343,28.91782,1
9.73963,28.92216,1
6.48438,29.26447,1
7.01797,30.47101,1
6.77904,31.1871,1
6.78464,31.1868,1
6.78515,31.19302,1
8.09955,31.17912,1
8.64098,31.18942,1
5.97452,31.63851,1
5.79901,31.69756,1
5.80553,31.6973,1
5.10227,31.77891,1
5.09501,31.77919,1
5.04837,31.84965,1
5.049,31.85053,1
9.12169,28.43199,1
9.12123,28.4267,1
8.37343,27.93153,1
9.88298,27.74291,1
9.88278,27.69219,1
9.86374,27.64332,1
9.86374,27.64335,1
7.23981,34.57264,1
6.78514,31.18881,1
5.10156,31.78078,1
8.1056,31.18175,1
8.10026,31.18318,1
8.09933,31.17675,1
9.13147,28.91471,1
9.66135,29.11277,1
9.11942,28.4323,1
9.13168,28.91649,1
9.73942,28.91354,1
8.37321,27.93575,1
8.374,27.93252,1
8.94277,28.70287,1
9.88848,27.74302,1
9.18425,27.73338,1
5.29864,36.09907,1
9.67083,29.10363,1
8.37735,27.93211,1
-1.53958,34.81846,1
9.66003,29.11001,1
8.94017,28.71441,1
7.24237,34.56846,1
7.24027,34.56991,1
5.10031,31.77959,1
6.78799,31.18847,1
6.7831,31.18953,1
9.88423,27.69446,1
9.8872,27.7472,1
9.12013,28.42619,1
9.12184,28.43137,1
7.58997,28.15312,1
7.5915,28.15789,1
9.86432,27.64243,1
6.06541,31.90309,1
6.06463,31.89975,1
7.31006,34.62602,1
7.24248,34.57036,1
9.12134,28.42747,1
9.88516,27.7455,1
8.37584,27.93019,1
7.59545,28.15558,1
7.59033,28.15654,1
8.64068,31.187,1
5.10223,31.78119,1
8.10645,31.18011,1
6.7889,31.18996,1
6.78367,31.18732,1
0.30453,28.1156,1
9.86776,27.63708,1
9.03565,28.86823,1
9.88459,27.69178,1
9.88815,27.74309,1
7.59345,28.15369,1
9.12341,28.42875,1
7.7113,30.1806,1
7.88546,30.35805,1
7.88181,30.35947,1
8.55881,31.08141,1
6.79109,31.18885,1
6.78665,31.18826,1
6.23666,31.85834,1
5.9981,31.51129,1
5.98898,31.5135,1
3.82275,36.81922,1
7.72311,36.83778,1
5.28256,35.56186,1
4.13223,36.32972,1
9.2127,28.79851,1
6.7884,31.18718,1
6.78414,31.18778,1
6.78904,31.19056,1
8.64145,31.18991,1
5.10389,31.78071,1
6.06459,31.90183,1
9.12225,28.42821,1
7.59196,28.15461,1
9.88631,27.74378,1
9.88377,27.71275,1
9.88349,27.69182,1
8.37466,27.93282,1
9.86551,27.64167,1
9.6236,27.52831,1
9.6055,27.457,1
0.30131,28.11468,1
7.59472,28.15355,1
9.12403,28.42723,1
8.86361,28.80531,1
9.66947,29.10603,1
8.50228,31.04653,1
6.78787,31.18568,1
6.06524,31.89833,1
5.10444,31.77903,1
6.69285,32.50187,1
4.29476,36.89443,1
6.62585,36.2546,1
-0.1913,35.79819,1
7.23861,34.57238,1
5.1019,31.78223,1
8.50357,31.05108,1
9.88605,27.74578,1
0.29705,28.11604,1
0.30228,28.11571,1
5.10131,31.77766,1
0.30452,28.11876,1
7.59637,28.15168,1
7.59533,28.15592,1
-0.01306,27.55366,1
-0.01188,27.55119,1
8.5988,31.12292,1
6.79169,31.18836,1
6.78718,31.18741,1
3.33377,32.95221,1
3.24859,32.92795,1
3.3307,32.95291,1
4.15433,36.8827,1
4.4404,35.88152,1
3.30817,33.13141,1
8.64046,31.18749,1
6.78143,31.19028,1
6.78592,31.18999,1
8.49752,31.05153,1
8.50107,31.05125,1
9.13163,28.91369,1
9.21327,28.79971,1
7.5917,28.15759,1
7.59115,28.15233,1
8.37513,27.93441,1
9.88716,27.74605,1
9.88252,27.70984,1
9.8816,27.7132,1
9.86682,27.64137,1
7.23795,34.57002,1
5.10133,31.78194,1
6.78457,31.19242,1
6.78233,31.1864,1
7.46795,28.56243,1
7.58888,28.15998,1
7.59635,28.15786,1
7.5949,28.15828,1
7.58748,28.16034,1
7.59232,28.15162,1
9.88879,27.74303,1
8.37695,27.93049,1
9.53793,28.43936,1
7.47025,28.55679,1
9.67068,29.10529,1
5.76624,35.34636,1
9.14203,28.44495,1
8.55321,31.2366,1
8.55196,31.23334,1
9.66072,29.10807,1
9.15269,28.92746,1
9.15057,28.92537,1
9.13141,28.91371,1
8.93136,28.70458,1
7.18496,28.68831,1
7.18664,28.68402,1
7.25027,28.60546,1
7.50431,28.4822,1
7.59032,28.15883,1
8.37293,27.93204,1
8.36848,27.93395,1
9.88415,27.74313,1
9.86334,27.6396,1
6.96501,35.01436,1
7.24098,34.56884,1
-0.28061,35.52861,1
3.43648,32.92344,1
6.06097,31.90005,1
6.06631,31.89884,1
5.10297,31.78122,1
6.78432,31.19086,1
6.79033,31.18946,1
6.78284,31.18616,1
9.74077,28.92617,1
9.13271,28.91564,1
9.88615,27.74441,1
9.88609,27.74472,1
9.86308,27.63982,1
9.86692,27.63961,1
7.58996,28.1545,1
7.59408,28.15351,1
8.37204,27.93482,1
0.30301,28.11643,1
0.30758,28.11558,1
9.54955,28.4847,1
5.60834,35.14091,1
6.01531,34.70969,1
6.01424,34.71278,1
3.93323,36.89944,1
5.07012,35.9787,1
7.24128,34.56981,1
2.27839,35.38907,1
8.47621,31.00676,1
3.43578,32.92138,1
6.06434,31.90068,1
6.14391,31.79814,1
8.64258,31.18842,1
5.99539,31.68295,1
5.10341,31.77843,1
8.50078,31.04813,1
6.78924,31.19085,1
6.78322,31.18818,1
6.78829,31.1872,1
6.7869,31.18902,1
8.94583,28.68263,1
9.88567,27.74494,1
9.86784,27.63893,1
8.37582,27.93198,1
9.88758,27.74218,1
9.0363,28.87115,1
9.03578,28.87051,1
6.78909,31.18741,1
5.10583,31.77833,1
4.00528,32.39307,1
3.43765,32.92181,1
-1.63333,34.91848,1
-0.45284,35.51456,1
-1.22162,35.45744,1
7.30833,34.62563,1
7.23992,34.57104,1
5.10492,31.78042,1
8.49964,31.04939,1
6.78377,31.18864,1
6.78777,31.18803,1
8.2591,30.6114,1
8.92301,28.76569,1
9.88766,27.7456,1
8.3752,27.93302,1
9.86522,27.64009,1
9.60328,27.45783,1
0.30423,28.11628,1
0.14114,35.90878,1
0.13427,35.91096,1
0.13989,35.90847,1
7.5929,28.15384,1
9.57635,28.4977,1
9.35054,29.31303,1
6.78783,31.18703,1
6.11516,31.37697,1
5.10362,31.77948,1
6.0306,35.83302,1
3.02692,35.36403,1
-0.94443,34.72264,1
-0.3339,35.82276,1
7.24055,34.57069,1
5.33137,34.74171,1
5.10225,31.77844,1
5.10087,31.78117,1
5.10568,31.78066,1
8.5006,31.04881,1
6.79061,31.19135,1
6.78429,31.18812,1
6.78999,31.18746,1
9.21466,28.79902,1
9.25369,28.75514,1
7.59023,28.15487,1
7.59483,28.15428,1
7.59271,28.15675,1
7.59212,28.15315,1
9.88541,27.74358,1
8.37607,27.93119,1
9.86723,27.64115,1
0.29878,28.11658,1
0.30291,28.11626,1
3.74853,36.18369,1
0.30479,28.11754,1
-0.5201,28.20037,1
9.12499,28.42818,1
7.59285,28.1532,1
5.81882,31.48955,1
5.10581,31.77874,1
4.0076,32.39923,1
3.22937,32.67702,1
3.23259,32.6782,1
3.3067,32.91158,1
6.19864,35.59462,1
6.19768,35.59826,1
6.2013,35.59812,1
3.38478,35.78752,1
-1.76883,34.57698,1
7.23795,34.57121,1
7.23919,34.57041,1
5.10007,31.77881,1
5.95646,31.70006,1
8.50039,31.05115,1
6.7828,31.1918,1
6.78639,31.19151,1
6.78223,31.18664,1
6.78581,31.18635,1
9.25657,28.75659,1
7.59123,28.15387,1
8.37424,27.93143,1
9.88515,27.74391,1
9.86787,27.64276,1
9.86727,27.63867,1
9.60337,27.45767,1
0.29821,28.11653,1
0.2985,28.11447,1
5.9554,31.69869,1
5.09906,31.77963,1
5.10286,31.77849,1
6.78466,31.1879,1
6.77781,31.18991,1
6.78439,31.19209,1
0.3045,28.11587,1
9.76908,28.38065,1
7.46907,28.56151,1
9.67079,29.1063,1
7.2629,28.59704,1
6.79171,31.1882,1
6.78834,31.1874,1
6.2373,31.69578,1
3.10984,32.74862,1
1.40453,36.49915,1
5.7063,34.98104,1
7.23871,34.57427,1
6.45979,32.13755,1
5.95138,31.69914,1
5.94463,31.5886,1
6.92421,31.40119,1
6.03815,31.36624,1
6.04548,31.35891,1
6.7785,31.19217,1
6.78543,31.1919,1
6.78102,31.18958,1
5.63052,30.88183,1
6.70101,29.7027,1
9.7402,28.92219,1
7.5903,28.15441,1
7.5901,28.15775,1
8.37075,27.93247,1
9.88574,27.74338,1
9.60231,27.45917,1
7.24025,34.57127,1
-0.26775,35.76321,1
5.10314,31.78123,1
5.10096,31.78017,1
6.78519,31.19172,1
6.7889,31.1908,1
6.78348,31.18658,1
9.88678,27.74456,1
9.8632,27.64044,1
7.59104,28.1549,1
8.37316,27.93505,1
0.30281,28.11738,1
9.89097,27.7422,1
9.88948,27.74479,1
9.76882,28.37999,1
9.7677,28.37802,1
9.75228,28.92196,1
9.8832,27.74413,1
9.88353,27.74854,1
9.86025,27.64139,1
9.86301,27.63877,1
7.241,34.57212,1
7.23898,34.57096,1
7.04688,31.53428,1
7.04762,31.53366,1
5.10526,31.78061,1
6.78723,31.18939,1
7.53978,28.41574,1
9.8854,27.7459,1
9.88512,27.69565,1
9.86537,27.64052,1
8.37192,27.93199,1
0.30157,28.11661,1
0.30544,28.11599,1
0.34421,28.10981,1
-0.51768,28.20048,1
-1.67702,23.81035,1
9.76518,28.37833,1
8.36184,31.08102,1
6.78914,31.18902,1
-1.37646,35.27993,1
7.24161,34.57048,1
7.04516,31.53424,1
5.10247,31.77983,1
8.63986,31.18866,1
8.36145,31.08464,1
6.78856,31.19104,1
6.78375,31.18841,1
6.78782,31.18773,1
9.2542,28.75439,1
9.88661,27.74384,1
9.88472,27.74387,1
9.86532,27.64218,1
9.8695,27.64132,1
9.60363,27.45705,1
0.30399,28.11501,1
-0.51834,28.20119,1
9.8682,27.64067,1
6.78932,31.18625,1
5.96808,31.85138,1
5.10405,31.77824,1
-0.33115,35.82343,1
7.24015,34.57116,1
5.10475,31.78186,1
5.10412,31.77794,1
7.05497,31.5348,1
8.64182,31.18676,1
8.36106,31.08244,1
6.78589,31.18857,1
9.25497,28.75636,1
9.356,28.1249,1
9.8878,27.74481,1
8.37307,27.93177,1
9.88593,27.69375,1
9.86687,27.63908,1
9.60501,27.45627,1
-0.16235,28.21308,1
-0.51911,28.20167,1
0.30131,28.11511,1
0.30458,28.11481,1
9.57599,28.49761,1
6.78914,31.18735,1
6.1985,31.74805,1
5.10375,31.7793,1
-0.18922,35.79737,1
3.16878,32.74224,1
5.10057,31.7805,1
5.10177,31.77985,1
6.78223,31.18922,1
6.78794,31.18868,1
8.37308,27.93199,1
9.8867,27.74337,1
9.88405,27.69421,1
9.86874,27.64166,1
5.10366,31.78054,1
9.88988,27.7432,1
9.66959,29.10525,1
6.7878,31.18676,1
6.79197,31.18746,1
6.78652,31.18623,1
5.10648,31.77639,1
0.09525,35.09232,1
4.43809,35.87929,1
4.43965,35.88388,1
5.75417,35.35409,1
7.2394,34.57162,1
4.00041,32.40751,1
7.14183,32.25044,1
7.14242,32.2501,1
5.04978,31.8503,1
5.10067,31.77882,1
8.6389,31.18778,1
6.78357,31.19185,1
6.71995,29.67356,1
7.24247,34.57192,1
7.14217,32.25123,1
4.74333,32.17606,1
5.10253,31.78253,1
6.78463,31.18983,1
6.78922,31.18864,1
9.78516,28.74243,1
0.30325,28.11716,1
9.88962,27.74541,1
9.4435,28.28219,1
9.44504,28.28247,1
9.6708,29.10711,1
9.67174,29.10475,1
3.73352,32.37703,1
3.24347,36.73565,1
3.24073,36.74161,1
3.24131,36.73895,1
9.65871,29.1076,1
9.7402,28.92517,1
9.73971,28.91846,1
9.74092,28.92207,1
9.74045,28.91537,1
9.7799,28.74185,1
9.78655,28.74152,1
9.77933,28.73517,1
9.02808,28.71515,1
8.96281,28.15689,1
9.88192,27.74698,1
9.87351,27.72096,1
9.17172,27.738,1
9.86137,27.64392,1
-0.26833,35.76367,1
-1.65551,35.05954,1
5.10284,31.78115,1
6.7879,31.1889,1
6.78294,31.18998,1
-1.93455,31.8548,1
9.25474,28.75672,1
9.8871,27.7476,1
9.8869,27.74484,1
9.88397,27.69173,1
9.86435,27.64272,1
9.8653,27.64012,1
8.37353,27.93482,1
0.30425,28.11584,1
0.34108,28.10947,1
-0.5192,28.20103,1
9.57834,28.49314,1
9.58039,28.49936,1
9.67356,29.10905,1
9.88846,27.74153,1
6.07648,31.35788,1
5.71959,34.98278,1
3.27076,33.22987,1
3.46176,32.93027,1
5.1023,31.78061,1
6.78434,31.18889,1
6.78879,31.1881,1
7.5132,28.60757,1
9.88867,27.74546,1
9.88626,27.74317,1
9.88279,27.71261,1
9.86397,27.64053,1
9.86845,27.63958,1
8.3759,27.92975,1
8.37457,27.93022,1
0.30158,28.11803,1
0.30096,28.11454,1
2.05002,27.34939,1
2.50893,27.18084,1
6.78827,31.18515,1
6.78766,31.18862,1
3.37148,32.83572,1
4.32013,34.62733,1
3.24095,36.73763,1
7.309,34.62725,1
7.23947,34.57065,1
5.10364,31.78052,1
8.64293,31.18901,1
6.78463,31.18958,1
6.78886,31.18898,1
6.78617,31.18863,1
9.2141,28.79699,1
9.25472,28.75593,1
7.51497,28.60847,1
9.8891,27.7451,1
9.88501,27.7458,1
9.8858,27.71057,1
8.37307,27.93233,1
9.86751,27.63965,1
0.30363,28.11434,1
2.04895,27.35191,1
9.8688,27.6383,1
9.88863,27.7432,1
9.66926,29.10711,1
7.66191,30.1658,1
8.36247,31.08145,1
0.25595,35.94529,1
0.25799,35.94687,1
7.14172,31.98161,1
5.10085,31.77904,1
5.9661,31.54623,1
6.78632,31.18783,1
9.25719,28.75577,1
7.51359,28.60648,1
9.88851,27.74487,1
8.37498,27.93379,1
8.37306,27.93261,1
9.8847,27.7118,1
9.86761,27.63957,1
0.29942,28.11817,1
2.04875,27.35045,1
5.47724,36.33712,1
4.00979,32.39912,1
0.30495,28.11572,1
0.30204,28.11606,1
2.05022,27.35106,1
9.8888,27.74359,1
6.67135,30.16896,1
5.86683,31.83985,1
8.16825,35.23127,1
3.30798,33.13456,1
3.30773,33.12764,1
3.21537,32.95088,1
3.16112,32.559,1
3.99832,32.40145,1
3.97667,32.2756,1
3.97832,32.27837,1
5.1027,31.78171,1
5.9748,31.63402,1
5.96563,31.54763,1
8.64032,31.18777,1
6.78525,31.19305,1
6.78469,31.1874,1
6.78027,31.18768,1
6.78188,31.19017,1
6.7863,31.18986,1
8.25966,30.61319,1
7.79845,30.22092,1
2.95707,30.45067,1
6.72151,29.67334,1
7.51279,28.6081,1
7.51088,28.60854,1
9.88477,27.74529,1
9.8875,27.74286,1
9.88349,27.71139,1
9.86356,27.64051,1
9.86869,27.64001,1
9.86752,27.64269,1
5.10192,31.78378,1
5.96348,31.54472,1
6.78719,31.1901,1
6.7884,31.19194,1
7.79628,30.22141,1
6.72112,29.67405,1
6.72715,29.67239,1
0.30465,28.11578,1
9.88938,27.74154,1
9.46499,28.19592,1
9.58015,28.4948,1
9.57695,28.49409,1
-1.37439,34.86016,1
9.48947,31.4929,1
9.49053,31.49524,1
9.49368,31.49449,1
9.49154,31.4942,1
10.09115,36.93407,1
10.02415,36.50442,1
9.48982,31.49369,1
9.81787,34.87574,1
10.55455,36.57825,1
10.02436,36.50443,1
9.4912,31.49435,1
9.19883,36.8231,1
9.19824,36.82539,1
9.49094,31.49417,1
9.49198,31.49668,1
11.00767,35.4933,1
9.49437,31.49616,1
9.49086,31.49716,1
10.58053,34.60166,1
8.54254,33.36883,1
10.58413,34.59663,1
10.5835,34.59719,1
10.58401,34.59746,1
9.4929,31.49266,1
9.49254,31.49443,1
8.54642,33.36292,1
8.82662,34.35762,1
10.82272,36.53297,1
9.48251,35.00132,1
8.52834,34.93818,1
9.49273,31.49545,1
9.23435,33.30436,1
9.29023,37.22049,1
9.24831,36.56327,1
9.24625,36.56491,1
9.2884,37.22101,1
10.06159,31.00318,1
9.49151,31.49491,1
11.10426,35.20501,1
10.12022,35.74905,1
10.11925,35.75256,1
10.58498,34.59792,1
10.5856,34.60306,1
10.58655,34.60085,1
10.58132,34.59817,1
10.58193,34.60331,1
10.58287,34.60112,1
8.54584,33.3631,1
10.05683,31.00477,1
10.05819,31.00829,1
9.5755,35.03011,1
10.0624,31.00488,1
10.66702,36.84027,1
10.66909,36.84166,1
8.79519,33.80413,1
10.1047,36.72918,1
10.06292,31.00442,1
9.49477,31.49484,1
10.02298,36.50511,1
10.02342,36.50377,1
10.05854,31.0029,1
10.05916,31.00753,1
8.43705,36.4502,1
10.02218,36.50473,1
9.1651,31.65309,1
10.05591,31.00735,1
8.5427,33.3684,1
9.49031,31.49254,1
9.49044,31.49402,1
10.05941,31.00401,1
10.06076,31.00364,1
10.0814,31.02261,1
10.07971,31.02231,1
10.0821,31.01981,1
10.079,31.02132,1
9.54135,31.48355,1
10.16806,36.35553,1
9.49304,31.49346,1
10.08213,33.92856,1
10.04169,31.38836,1
10.35818,36.41395,1
8.95712,33.46772,1
8.95918,33.46472,1
10.06222,31.00116,1
8.82703,33.79453,1
10.83768,34.79867,1
9.16545,31.65453,1
10.02766,36.49913,1
9.54021,31.48554,1
9.12508,34.76403,1
10.54106,36.3973,1
9.94908,35.52576,1
8.50489,36.59296,1
10.88118,35.6254,1
8.35228,35.47215,1
8.35371,35.47686,1
10.06014,31.00093,1
9.07357,34.89237,1
9.07198,34.89212,1
10.06278,31.00239,1
10.97575,32.28772,1
10.06143,31.00325,1
10.0603,31.00497,1
10.40184,34.96999,1
10.95177,36.93441,1
10.062,31.00396,1
9.05354,33.48108,1
10.06359,31.00303,1
10.19994,36.78063,1
10.16444,35.71565,1
10.4037,36.09442,1
9.8053,37.1596,1
10.06223,31.00389,1
10.05982,31.0045,1
10.05848,31.00506,1
10.0615,31.00319,1
10.05713,31.00348,1
10.06006,31.00697,1
9.84992,34.8145,1
10.06839,33.91635,1
10.0684,33.91619,1
11.00849,35.49346,1
10.58804,34.60437,1
11.01088,35.49272,1
10.06313,31.00393,1
10.79811,36.5225,1
10.02881,36.50261,1
10.02912,36.50189,1
8.77615,34.64204,1
8.77387,34.64432,1
9.35777,37.12459,1
11.07044,36.86732,1
11.10867,33.48014,1
10.06256,31.00349,1
8.71866,34.62055,1
10.12316,34.79472,1
9.81757,37.13602,1
10.22215,36.77864,1
10.67519,34.74155,1
8.9478,33.67383,1
10.06296,31.00305,1
10.91046,36.75103,1
10.06286,31.00489,1
11.10787,33.48177,1
11.10756,33.47932,1
10.05776,31.00257,1
10.06371,31.00543,1
10.06148,31.00438,1
10.06276,31.00417,1
9.81766,36.75975,1
9.81821,37.1363,1
10.06311,31.00208,1
8.79236,34.62321,1
11.10928,33.48264,1
10.66433,34.84908,1
10.46627,33.21414,1
10.09572,35.48545,1
10.19414,36.72446,1
11.10846,33.47989,1
11.10927,33.48083,1
10.60466,34.81142,1
9.92289,35.70247,1
9.96181,35.63013,1
9.9891,33.87326,1
10.10521,36.73087,1
11.10878,33.48401,1
10.10516,36.72722,1
10.02982,36.5023,1
10.90165,35.36091,1
10.8088,34.86583,1
10.19478,36.72689,1
10.63405,34.73972,1
11.10678,33.4794,1
11.10697,33.48241,1
11.10825,33.4791,1
8.79506,34.37861,1
8.7994,34.37893,1
10.06192,31.00186,1
11.10962,33.48098,1
10.5886,34.60355,1
8.89975,33.55193,1
9.85015,34.80942,1
9.84699,34.80861,1
9.98907,33.87284,1
10.68563,35.32135,1
11.10786,33.47848,1
10.34037,36.71923,1
9.24209,31.69775,1
10.71102,34.81592,1
10.70977,34.81744,1
11.1091,33.48103,1
11.10812,33.48245,1
8.54582,33.36327,1
9.54224,31.48568,1
9.78395,36.65502,1
8.18014,33.94416,1
8.17268,33.92859,1
8.17535,33.92738,1
9.92421,36.87982,1
10.58861,34.6044,1
10.02907,36.5026,1
10.06036,31.00179,1
10.08435,33.88535,1
10.88981,35.23779,1
10.88776,35.23693,1
8.94737,33.67273,1
9.89257,35.77768,1
10.9759,32.29222,1
10.54908,35.3537,1
11.1083,33.48096,1
10.0811,33.92797,1
10.0802,33.9277,1
10.97295,32.29216,1
10.98374,35.60816,1
10.98667,35.60607,1
9.97793,30.98725,1
10.98771,35.6078,1
9.97521,30.98733,1
10.82495,36.53227,1
10.0636,31.00252,1
10.05947,31.00311,1
10.82531,36.53284,1
10.74825,35.14178,1
9.99524,31.24339,1
10.8223,36.53502,1
11.10793,33.47933,1
11.10785,33.48055,1
11.11035,33.4825,1
10.82329,36.53064,1
10.63282,34.73602,1
10.02519,36.49985,1
11.1081,33.48307,1
10.19631,36.72324,1
11.10795,33.48008,1
9.97547,30.98865,1
9.97543,30.98754,1
10.43118,32.32415,1
11.1078,33.48001,1
10.06197,31.00446,1
10.63803,34.73639,1
8.16309,34.36691,1
11.11005,33.48151,1
10.52902,35.31995,1
10.53066,35.32265,1
11.10656,33.48101,1
11.10952,33.48047,1
8.53137,34.9374,1
10.58565,34.6046,1
8.83003,34.39149,1
8.53209,34.93867,1
9.24162,37.13794,1
9.24111,37.13594,1
8.52843,34.93783,1
8.52982,34.93998,1
10.08698,35.65684,1
8.33473,35.73442,1
8.53145,34.93996,1
9.17788,31.64914,1
8.52841,34.93875,1
10.65652,36.51675,1
8.52987,34.93747,1
10.98535,33.75587,1
10.98962,33.75647,1
10.21503,36.88947,1
10.15632,35.63615,1
10.15201,35.63555,1
10.02911,36.50371,1
9.77634,37.27153,1
8.7263,34.43158,1
8.52982,34.93665,1
8.94854,33.67308,1
10.88242,35.62698,1
8.73431,34.29326,1
8.73771,34.29426,1
10.88345,35.6285,1
10.58584,34.60244,1
10.30264,35.51598,1
10.3026,35.51255,1
10.63377,34.7396,1
10.63587,34.73967,1
10.58774,34.5992,1
8.79835,34.37938,1
8.79681,34.37935,1
8.79245,34.3806,1
8.35752,34.29573,1
10.58864,34.59808,1
10.5856,34.59834,1
9.8424,37.2882,1
10.84801,36.87814,1
10.06291,31.00311,1
10.0623,31.00591,1
8.35179,34.29459,1
10.47524,36.70105,1
10.07667,37.13901,1
10.26215,36.09164,1
9.5411,31.4846,1
10.57233,35.30184,1
8.36038,36.45784,1
8.35613,36.45719,1
10.31345,35.22779,1
8.43121,34.30912,1
11.10386,35.20504,1
11.10559,35.20439,1
10.02261,31.39428,1
9.87634,36.82194,1
9.87533,36.82375,1
9.87427,36.82748,1
9.021,33.44297,1
10.06076,31.00289,1
9.08194,36.22705,1
10.51692,36.68749,1
10.06402,31.00275,1
10.05994,31.00344,1
10.24698,35.60251,1
9.21375,36.90183,1
10.51789,36.68467,1
10.06405,31.00416,1
10.06356,31.0034,1
10.06254,31.00083,1
10.71589,34.70324,1
10.06077,31.00452,1
10.05735,31.00477,1
10.0628,31.00448,1
9.02974,36.662,1
9.02899,36.66283,1
10.06094,31.00518,1
10.0256,31.3996,1
10.02201,31.3954,1
10.06196,31.00218,1
10.02526,31.39721,1
10.63516,34.68793,1
10.5919,35.66973,1
10.66946,34.86531,1
10.68957,35.46263,1
10.06371,31.00613,1
9.17293,31.6513,1
9.17651,31.64836,1
10.02666,31.39635,1
10.02559,31.40155,1
8.70234,36.77851,1
10.01849,36.83172,1
10.58564,34.6036,1
9.92224,36.79758,1
8.42998,34.31082,1
8.42881,34.30962,1
9.92272,36.20121,1
10.63616,34.73964,1
9.97134,36.2038,1
9.97226,36.20919,1
10.01288,34.14001,1
10.10268,36.74582,1
9.17756,31.64743,1
9.64519,31.50547,1
9.64641,31.50513,1
10.32025,36.59219,1
8.5093,35.26663,1
8.51089,35.27094,1
9.17699,31.6452,1
10.53045,36.59892,1
8.18483,33.93129,1
10.32046,36.59227,1
9.99767,36.66523,1
9.78864,37.1254,1
9.788,37.12973,1
8.76781,36.94928,1
9.99651,36.66453,1
9.82563,36.81855,1
10.12217,36.74592,1
9.73451,36.60429,1
9.21434,35.55614,1
10.0617,31.00374,1
10.61899,36.71556,1
10.74759,35.137,1
10.61835,36.71911,1
9.26165,35.88458,1
9.17444,31.65122,1
9.4002,31.56522,1
10.06741,36.85058,1
10.06866,36.85104,1
9.18438,35.89136,1
9.18866,35.89251,1
9.19201,35.88852,1
9.18768,35.88737,1
9.18611,35.88586,1
10.01507,35.4649,1
9.40939,36.68744,1
10.01533,35.46555,1
9.41454,36.68766,1
9.40656,36.6891,1
9.4118,36.6893,1
10.32044,36.59059,1
10.38784,34.96442,1
8.5309,34.93727,1
8.85957,36.54129,1
9.15186,36.96771,1
9.50903,36.71683,1
10.06267,31.00519,1
10.05942,31.00477,1
10.62508,36.71223,1
10.05845,31.00701,1
10.05928,31.00269,1
10.06314,31.00174,1
10.05926,31.00542,1
9.57974,36.66186,1
10.06238,31.00167,1
9.58518,36.6602,1
9.58444,36.6621,1
9.58251,36.65754,1
8.60135,36.56357,1
9.57862,36.66063,1
9.58321,36.65981,1
10.80179,34.86882,1
10.80694,34.86783,1
10.07511,36.93084,1
10.67415,36.52921,1
10.76539,34.85337,1
10.03553,33.91871,1
10.14814,35.77956,1
10.10237,36.73244,1
10.20946,36.8743,1
10.2071,36.8781,1
10.9925,35.50054,1
8.96059,36.64592,1
9.16372,31.64985,1
10.1477,34.34736,1
9.17688,31.65016,1
10.37461,34.71498,1
9.27239,36.9834,1
9.02388,35.21593,1
10.92684,36.91074,1
10.92389,36.91241,1
8.83392,36.53128,1
8.94776,36.54683,1
10.7192,34.70423,1
8.94556,36.5444,1
8.95015,36.54484,1
9.39716,37.16029,1
9.11771,37.01669,1
10.64058,34.68747,1
9.96899,33.88173,1
10.59135,35.66639,1
9.7905,33.92413,1
9.6222,36.02024,1
10.2231,36.01048,1
9.1775,31.64908,1
9.79252,33.92371,1
9.7336,36.76424,1
11.01364,35.33965,1
10.63759,34.74184,1
10.63625,34.73766,1
9.79203,33.92417,1
8.52961,34.93729,1
10.24256,35.8917,1
10.7895,36.56393,1
10.55051,35.90376,1
10.11906,34.9653,1
10.03517,33.91829,1
10.11837,34.96184,1
10.74413,34.9615,1
10.0607,31.00401,1
9.01238,36.91912,1
9.01844,36.91325,1
9.53621,37.27555,1
9.06005,37.01905,1
9.01321,36.91583,1
9.67465,37.32346,1
10.06054,31.00226,1
10.06431,31.00131,1
8.37501,36.36607,1
10.05838,31.00344,1
9.17293,31.65192,1
10.06158,31.00051,1
10.75238,34.85549,1
10.7453,36.53563,1
9.68314,37.31699,1
9.6766,37.31543,1
9.68154,37.31606,1
9.67512,37.31448,1
9.67329,37.31914,1
9.23189,36.45582,1
10.04223,35.9571,1
9.0692,35.41398,1
8.5312,34.93937,1
10.05947,31.00505,1
10.06292,31.00384,1
9.22498,37.01746,1
9.21865,37.0168,1
9.21821,37.02068,1
10.64236,34.68694,1
10.63512,34.73907,1
10.2024,36.67238,1
10.10582,36.73095,1
9.78653,37.26809,1
9.79247,37.2749,1
11.07429,36.86746,1
8.84923,36.60418,1
9.68649,35.60653,1
8.99236,35.90998,1
8.9906,35.91457,1
8.99133,35.91099,1
8.98957,35.91558,1
10.25039,36.72771,1
10.1064,36.72796,1
10.11149,36.72909,1
10.69036,34.88039,1
10.73262,34.71007,1
10.10918,36.72882,1
8.35794,36.43162,1
10.03592,33.9169,1
10.0614,31.00387,1
10.80736,36.55782,1
9.92876,36.96659,1
9.87508,37.05024,1
10.06321,31.00364,1
9.2432,37.02912,1
9.41621,36.94659,1
9.4308,35.84823,1
9.41606,36.94249,1
10.23316,36.65407,1
10.23274,36.65535,1
10.53442,36.61742,1
9.13505,36.60856,1
9.1649,31.65121,1
10.02522,36.49988,1
10.13852,36.85404,1
10.54503,35.3552,1
10.5474,35.35406,1
8.53113,34.93739,1
9.79103,36.96426,1
9.77778,37.0789,1
9.74561,36.7436,1
8.52975,34.93717,1
10.06679,36.72797,1
9.24381,37.02277,1
9.76091,37.09909,1
9.76412,37.09822,1
9.75805,37.10129,1
9.52136,37.26415,1
9.41391,37.14922,1
10.59472,36.63865,1
9.41471,37.14594,1
10.82199,36.53294,1
10.61943,36.61729,1
10.76291,34.92299,1
10.76154,34.92289,1
9.92444,34.88485,1
9.92861,34.88524,1
8.73838,36.70109,1
8.74298,36.70205,1
8.74196,36.70601,1
9.59132,36.70177,1
9.58631,36.69963,1
9.5915,36.69939,1
9.58614,36.70198,1
10.06492,31.00062,1
10.06259,31.00485,1
9.98905,33.87271,1
8.53068,34.93847,1
10.74168,36.60057,1
10.69054,34.80993,1
10.64288,34.68779,1
10.87269,35.66233,1
8.95615,36.49926,1
10.43367,36.66918,1
10.10515,36.73108,1
9.28056,34.54883,1
9.07316,36.7169,1
9.3362,36.89493,1
9.34175,36.89621,1
9.17689,31.64975,1
9.16416,31.64924,1
9.17832,31.64544,1
9.74524,34.91922,1
10.98627,35.61595,1
9.45479,36.91254,1
8.53063,34.93699,1
10.0278,36.49959,1
9.23099,36.85633,1
8.53028,34.93805,1
9.31549,36.7876,1
9.58137,36.99002,1
9.31474,36.79098,1
9.25234,36.70218,1
9.57677,35.40035,1
10.48978,32.96208,1
10.48497,32.96207,1
9.84108,36.54309,1
9.23562,36.35099,1
9.29577,36.85648,1
9.20642,36.86367,1
9.47517,36.86462,1
9.29728,36.85241,1
8.54356,36.4444,1
9.62551,36.1525,1
9.31525,36.82288,1
9.31975,36.82404,1
8.30534,36.51955,1
9.83002,36.82824,1
8.54147,34.90395,1
9.54218,31.48368,1
10.06099,31.00344,1
9.82414,36.82575,1
8.86223,36.29562,1
8.91139,36.59696,1
9.82097,36.82645,1
9.81874,36.82515,1
9.29466,37.03559,1
9.16823,36.4774,1
9.81253,36.82881,1
9.72397,36.77422,1
10.07435,37.22686,1
9.52432,37.03602,1
9.32052,35.06682,1
9.32056,35.06721,1
9.14403,36.51651,1
8.84121,34.53036,1
9.81047,36.82623,1
9.30811,36.75418,1
10.01081,36.75166,1
10.00556,36.75191,1
10.00603,36.75016,1
10.00825,36.75171,1
9.24312,34.8853,1
9.11353,36.64373,1
8.9882,36.72415,1
9.45318,37.04248,1
8.6083,36.76159,1
9.18592,36.66299,1
8.61368,36.76178,1
8.91875,36.77628,1
10.97463,32.29172,1
9.26781,36.67728,1
9.60025,37.0384,1
9.60417,37.03865,1
9.23602,36.83374,1
8.61479,36.75546,1
8.62059,36.75587,1
10.42055,36.69801,1
9.60396,37.04381,1
9.33684,36.905,1
9.33752,36.90113,1
9.78387,36.81593,1
10.05993,36.8096,1
9.3645,36.82035,1
9.29938,36.86958,1
9.14877,36.47855,1
9.33819,36.89725,1
8.70229,36.77953,1
10.64369,34.68673,1
9.57298,35.63797,1
9.21591,36.74476,1
9.58312,36.97845,1
8.82283,36.61486,1
8.82632,36.61878,1
8.82207,36.61814,1
10.07711,36.86549,1
11.02414,35.52398,1
9.15633,31.64699,1
9.29234,36.85799,1
9.18449,36.81498,1
8.95565,36.49796,1
9.1654,31.64906,1
9.16406,31.64987,1
9.80857,36.81678,1
9.14607,36.47535,1
9.14635,36.47802,1
9.80385,36.81549,1
9.21536,36.79542,1
9.61224,37.04377,1
9.60739,37.04352,1
8.6114,36.76585,1
8.61503,36.76607,1
9.80763,36.82073,1
10.12032,35.75025,1
10.58535,34.60074,1
8.8595,34.48308,1
8.76679,36.60927,1
9.42078,37.04874,1
9.30057,36.77697,1
9.80491,36.81977,1
9.13535,36.88339,1
9.50844,37.22924,1
9.50921,37.23254,1
9.5048,37.23319,1
9.51282,37.22858,1
9.50404,37.22989,1
9.13464,36.88007,1
9.13025,36.88071,1
8.77515,36.62554,1
10.64164,34.68683,1
10.03499,33.91882,1
9.55576,37.258,1
9.55974,37.26202,1
9.559,37.26545,1
9.5699,37.25981,1
9.56047,37.2586,1
9.56519,37.2592,1
10.68442,35.32538,1
10.78194,34.75991,1
10.10445,36.73294,1
9.16545,31.65247,1
10.1048,36.72919,1
9.71328,37.08694,1
9.30739,36.76889,1
9.15724,36.92332,1
9.24663,36.77758,1
9.15792,36.91739,1
10.09418,37.05949,1
9.37998,36.79208,1
9.37979,36.78934,1
9.67871,36.93086,1
9.20467,36.84144,1
9.29289,36.7747,1
8.73467,36.57606,1
8.52892,34.93877,1
9.54066,31.48596,1
10.20981,35.55072,1
10.20876,35.55254,1
9.77703,37.07567,1
10.6433,36.64268,1
9.03695,36.7184,1
10.64255,36.64596,1
10.04226,36.74849,1
9.34797,36.74521,1
9.6241,37.21542,1
9.62491,37.21214,1
9.7379,37.00082,1
9.74388,37.00034,1
9.57037,35.63697,1
9.62193,36.91798,1
9.57508,35.63673,1
10.05688,31.00226,1
10.51398,36.62902,1
9.98855,33.87399,1
9.17633,31.64721,1
9.39628,36.9078,1
9.17591,36.93843,1
9.40354,36.89553,1
9.40506,36.89628,1
9.59588,36.88864,1
9.6386,37.07836,1
9.35645,36.9083,1
9.35912,36.90934,1
10.63527,34.69981,1
8.74504,36.2883,1
9.39274,36.90667,1
9.81851,36.82834,1
9.8122,36.82769,1
9.43361,36.91901,1
9.67628,37.05584,1
9.67268,37.05191,1
9.67702,37.05253,1
10.25555,36.93723,1
9.74631,37.08543,1
9.17777,36.91729,1
10.31511,36.59356,1
10.67757,36.61942,1
9.61087,37.27918,1
9.61378,37.27743,1
9.60851,37.2762,1
9.77817,37.05247,1
8.53007,34.939,1
10.33923,33.30647,1
8.76699,36.54377,1
10.07732,35.591,1
9.22566,36.91675,1
10.69962,36.56779,1
10.69739,36.56799,1
9.75446,37.04385,1
9.8149,35.72216,1
9.43227,36.85765,1
9.55647,37.09486,1
10.28042,36.16068,1
8.96956,33.69932,1
8.9711,33.69669,1
9.69364,36.74506,1
9.21868,36.91677,1
9.36973,36.90074,1
9.27901,36.81894,1
8.5566,36.62724,1
10.27989,36.15866,1
9.43052,36.88482,1
9.54004,36.73228,1
9.54013,36.72994,1
9.82006,35.7215,1
9.24235,36.75934,1
9.32325,36.83923,1
9.42871,36.87857,1
9.81974,35.72331,1
9.81392,35.72305,1
9.81789,35.72256,1
10.10734,35.98703,1
9.19183,36.91045,1
9.79432,37.26718,1
9.65381,37.22469,1
9.22069,36.95035,1
9.40425,36.9013,1
9.15297,36.78807,1
9.15142,36.73704,1
8.73068,34.63381,1
8.72625,34.63305,1
8.87385,36.67235,1
8.63011,36.64233,1
8.97866,36.76194,1
9.72323,37.29914,1
10.93608,36.73053,1
9.72336,37.30348,1
9.72445,37.29974,1
9.71877,37.29863,1
9.76066,37.10954,1
9.72213,37.30288,1
9.71635,37.30172,1
9.71758,37.30235,1
9.71632,37.30606,1
9.72187,37.30439,1
9.71599,37.30465,1
9.716,37.30001,1
10.24475,36.77018,1
9.31156,36.49553,1
9.17725,31.64645,1
9.31532,36.32492,1
8.52768,34.93665,1
9.6837,33.53078,1
8.52743,34.93997,1
10.59053,35.11817,1
9.68332,33.52986,1
9.5931,37.01593,1
9.42603,37.00734,1
9.65142,36.97852,1
9.96183,35.63218,1
9.95768,35.63243,1
9.6816,33.52986,1
9.95919,35.63408,1
9.9579,35.63388,1
9.21716,36.96385,1
9.20876,36.82654,1
9.06394,36.81544,1
9.17743,31.65174,1
10.20088,36.61537,1
8.81928,34.54562,1
9.29389,36.76705,1
9.78104,36.80294,1
9.29322,36.77045,1
9.52965,37.06401,1
9.68068,33.53316,1
9.16485,31.65012,1
9.16393,31.65092,1
10.50244,35.28649,1
9.77732,36.80476,1
9.64465,37.24517,1
10.28075,36.16275,1
10.27993,36.15968,1
9.67861,33.52859,1
9.16292,31.64786,1
9.16354,31.64745,1
10.00677,36.44866,1
10.00313,36.44958,1
9.68336,33.53253,1
9.78279,36.80512,1
9.53321,37.22942,1
9.54363,37.24813,1
9.68231,33.532,1
10.63899,34.78045,1
9.37265,36.96191,1
9.37129,36.9661,1
8.96043,36.49059,1
9.68205,33.52946,1
8.52744,34.93807,1
10.30771,36.66489,1
9.55491,37.23936,1
9.63127,36.9293,1
10.11366,36.7391,1
9.68537,33.52882,1
9.68077,33.52943,1
10.58764,34.60218,1
10.50494,36.69617,1
9.11558,36.85121,1
9.10981,36.85462,1
9.11547,36.8529,1
9.11007,36.85292,1
10.58521,34.60719,1
9.17633,31.64662,1
9.75434,35.5605,1
9.75606,35.55662,1
10.68727,34.92207,1
10.45896,36.40821,1
8.72359,34.62988,1
10.72004,34.81295,1
9.16461,31.64888,1
9.86999,36.23269,1
9.17809,31.64686,1
9.17721,31.65118,1
9.06069,35.88437,1
9.87802,37.00009,1
9.17347,31.65187,1
9.78773,36.80732,1
9.786,36.80788,1
9.68202,33.53077,1
9.78877,36.81306,1
9.68034,33.53175,1
9.78949,36.81325,1
9.67909,33.52993,1
9.67977,33.52926,1
10.31598,36.59434,1
9.68194,33.53264,1
9.20361,31.69788,1
9.20447,31.69427,1
9.19941,31.69561,1
9.6851,33.52908,1
9.68233,33.53118,1
10.01064,36.47496,1
9.4353,36.53258,1
9.17015,35.15525,1
9.68359,33.52994,1
9.68501,33.52975,1
9.20199,31.69532,1
9.20609,31.69471,1
8.87493,34.54457,1
9.8056,36.82566,1
10.19779,36.77725,1
9.20179,31.69356,1
9.684,33.53176,1
9.20442,31.69786,1
9.20382,31.69381,1
9.20693,31.69267,1
9.68149,33.53195,1
9.68364,33.53222,1
9.88763,37.22534,1
10.27772,36.15856,1
9.67988,33.53462,1
9.68018,33.53461,1
9.19666,31.69747,1
9.19659,31.69889,1
9.20265,31.69426,1
10.58601,34.60368,1
10.10753,36.72887,1
9.68217,33.52951,1
8.5289,34.93872,1
9.68427,33.53143,1
9.68211,33.53313,1
10.60045,34.77076,1
9.68271,33.53142,1
10.00623,36.8666,1
10.31229,36.58979,1
9.67762,33.53305,1
9.53776,31.48627,1
9.6818,33.53398,1
9.68409,33.5282,1
9.68533,33.53227,1
9.68466,33.53153,1
9.98857,33.87468,1
10.19607,36.72266,1
8.52683,34.93716,1
10.15419,36.67402,1
10.15861,36.67339,1
9.72675,36.34266,1
10.58635,34.60512,1
10.10552,36.7303,1
10.19762,36.77877,1
9.72891,36.34476,1
8.95334,34.31991,1
9.2335,36.90027,1
9.23607,36.90288,1
10.14796,34.34949,1
10.58315,34.60141,1
10.28516,36.89779,1
9.79926,36.81503,1
9.80732,36.82311,1
9.81134,36.82716,1
10.58084,34.6049,1
10.0219,35.42989,1
10.0207,35.42926,1
10.1037,36.72831,1
10.10462,36.73183,1
9.68184,33.53246,1
9.27448,33.45376,1
10.28045,36.16274,1
8.53867,33.36744,1
9.20514,31.69635,1
8.35868,35.69833,1
8.53032,34.9382,1
9.24478,31.70524,1
9.24046,31.70375,1
9.80269,36.46393,1
10.58555,34.59927,1
8.59327,35.85038,1
8.44287,35.23487,1
9.84101,36.80971,1
10.19501,36.72633,1
10.86887,33.8385,1
10.03021,33.96379,1
8.72626,34.43539,1
8.76515,34.64262,1
8.59136,35.85187,1
10.76412,34.85698,1
8.95251,36.54327,1
9.98897,33.87632,1
8.53005,34.93834,1
9.16305,31.64689,1
10.14702,34.34899,1
