longitude,latitude,class
9.23018,35.09261,0
5.60547,33.50662,0
11.11005,33.48151,1
7.48122,36.53608,0
4.54391,36.71546,1
4.86043,36.09051,1
4.07055,34.12395,0
8.61479,36.75546,1
3.24131,36.73895,1
-0.56537,34.28301,0
7.17928,34.43378,1
2.88642,36.47662,1
1.63305,33.01781,0
9.29466,37.03559,1
6.22853,36.65769,1
5.57609,35.54871,0
2.5991,34.7133,0
3.87373,36.09375,0
6.43821,35.84272,0
4.17963,36.63813,1
4.28882,33.64183,0
10.83112,33.40681,0
6.70235,36.57692,1
-0.92178,35.55524,1
1.40718,34.83824,0
8.73771,34.29426,1
3.42718,36.49427,1
5.10841,34.39095,1
6.15229,34.82702,0
7.40749,34.03008,0
2.22444,34.16748,0
4.71393,35.47942,0
1.46891,33.80073,0
10.20876,35.55254,1
9.67367,37.28048,0
2.50491,33.10065,0
3.45143,36.71125,1
9.24831,36.56327,1
8.5427,33.3684,1
7.30908,34.62714,1
1.99448,34.59179,0
0.55874,33.32422,0
2.72135,36.55607,0
4.55064,36.71601,1
-1.10403,35.51065,1
4.44982,35.87755,1
7.06207,36.49974,0
0.16037,33.08152,0
5.27839,34.74515,1
10.21957,35.39442,0
5.83933,36.25446,0
8.85045,33.77949,0
6.92317,36.60532,0
10.07625,36.33511,0
5.24387,34.71735,1
5.48915,36.50098,0
8.98671,35.93695,0
3.82416,36.81805,1
10.26064,35.00197,0
-1.25997,35.07658,0
-0.21214,35.01152,0
7.67267,35.42374,0
7.23878,34.57116,1
3.75819,33.48485,0
10.40184,34.96999,1
4.87377,34.58568,0
4.32489,34.2103,0
4.43485,36.89654,1
9.30501,35.04522,0
-0.66685,35.08086,1
2.7507,36.47145,1
-0.26555,35.76459,1
7.35944,36.49158,0
2.89202,36.59692,1
-0.20288,35.50283,1
8.5388,35.72027,0
2.69465,36.2716,1
10.94879,33.44632,0
9.63024,35.91165,0
6.32666,34.80213,0
8.35228,35.47215,1
2.75801,36.67139,1
9.54831,33.60397,0
8.04505,35.38662,1
6.09544,35.23218,0
0.29478,33.42769,0
-0.45388,35.69924,1
9.79839,35.4817,0
-0.26806,35.80895,1
3.36751,33.48651,0
2.20132,34.17754,0
4.15409,33.81059,0
1.35708,35.33971,1
6.8739,34.47677,0
3.32759,36.67812,0
6.752,35.84381,0
6.42064,36.79866,1
10.67519,34.74155,1
3.79848,34.25929,0
4.26159,36.79288,1
4.12636,36.62633,1
9.22498,37.01746,1
4.54946,36.72961,1
3.44283,36.28972,0
6.62575,36.39282,1
2.29195,36.21386,1
6.9042,34.44403,1
7.72984,36.31142,1
-0.25761,35.77311,1
10.10515,36.73108,1
5.56243,36.18453,0
3.8815,35.72548,1
-0.53498,34.71289,0
6.34805,34.08179,0
9.62106,37.28697,0
1.24222,33.34923,0
8.98365,35.10127,0
10.80179,34.86882,1
8.92747,33.48034,0
8.40749,34.85172,0
1.6431,35.93821,0
9.42603,37.00734,1
11.06243,36.82972,0
8.53137,34.9374,1
0.15232,33.43419,0
5.38972,33.14306,0
9.88616,34.33519,0
5.97618,35.66764,0
6.10998,36.68922,0
0.34711,35.43458,0
7.30813,34.62742,1
4.61666,36.65176,1
5.04627,36.51399,1
8.31529,35.42802,0
1.96748,35.17498,0
9.92861,34.88524,1
8.52987,34.93747,1
6.07411,36.49375,1
11.00767,35.4933,1
3.75066,36.17575,1
9.96899,33.88173,1
3.42642,36.43331,1
5.926,36.69453,1
5.21358,35.94646,0
0.86494,33.16716,0
0.45786,34.16449,0
4.85895,36.09288,1
4.88708,34.40012,0
0.00923,35.74007,1
3.37125,34.103,0
3.32843,36.75716,1
3.49503,33.05347,0
9.95768,35.63243,1
1.75055,34.29323,0
3.02131,36.03836,0
4.17194,36.6344,1
9.81874,36.82515,1
-1.49999,35.05143,1
-0.84932,33.86893,0
4.41493,34.781,0
4.58985,36.64677,1
9.99767,36.66523,1
2.72944,36.42179,1
3.13306,34.05958,0
5.99543,34.00805,0
2.39488,35.55465,0
1.16367,33.34583,0
5.75535,35.35413,1
2.36078,34.8159,0
-0.27051,35.80539,1
0.59202,33.69024,0
6.2073,36.89268,0
9.6386,37.07836,1
1.13957,36.32959,1
6.74739,35.88841,1
8.1381,36.58673,1
2.65514,36.41992,0
10.76154,34.92289,1
8.52743,34.93997,1
9.67958,33.3524,0
5.67434,33.59134,0
1.25999,36.02091,0
4.74518,36.55274,1
10.07604,36.36994,0
4.55397,34.21948,0
9.80464,33.95561,0
10.20946,36.8743,1
-0.36734,33.86632,0
9.67871,36.93086,1
9.4734,33.07489,0
9.68184,33.53246,1
1.18873,36.19049,0
9.22566,36.91675,1
9.21591,36.74476,1
-0.26942,35.76278,1
9.73451,36.60429,1
5.19964,36.61474,1
8.79236,34.62321,1
5.54671,36.36665,1
10.25555,36.93723,1
3.86285,34.4133,0
2.71149,36.51007,1
-0.17918,35.79866,1
5.02581,34.28714,0
6.83811,33.3463,1
0.54852,36.01747,0
0.26084,33.95349,0
5.27527,36.35966,1
-1.47971,33.11803,0
10.00313,36.44958,1
4.54885,36.71261,1
4.17033,36.62991,1
9.40425,36.9013,1
6.30544,35.64609,1
-0.35491,35.82951,1
5.73159,34.68912,0
4.60511,36.65407,1
4.16524,36.62038,1
4.17939,36.62526,1
10.81039,35.53474,0
8.52961,34.93729,1
0.52337,35.21639,0
7.75482,36.94507,1
9.91202,34.66187,0
1.69581,33.54936,0
10.31345,35.22779,1
8.05332,35.39385,1
9.33819,36.89725,1
7.20186,35.36815,0
1.30589,35.67727,0
-0.57494,35.63538,1
6.75565,33.49822,0
8.52982,34.93665,1
2.31416,35.91054,1
4.86889,33.57599,0
8.04515,34.87411,0
6.43755,35.19427,0
5.8929,34.44143,1
9.81392,35.72305,1
3.03329,35.32893,1
8.11531,35.9429,1
10.39143,35.16152,0
6.17076,36.13475,1
10.58132,34.59817,1
11.08228,35.27,0
5.33204,35.06403,0
8.74196,36.70601,1
0.19902,33.86151,0
1.35591,36.1309,1
7.16368,35.90795,1
6.95197,36.86282,1
3.37681,33.12307,1
2.95936,33.85604,0
3.21138,34.12408,0
3.31333,36.73352,1
-0.26644,35.76072,1
3.21791,34.87284,0
2.20412,35.64306,0
5.57934,35.53373,1
10.70494,34.88403,0
2.53835,36.37604,1
2.69941,35.61149,0
9.58556,36.1451,0
2.60333,33.04535,0
10.64164,34.68683,1
0.43588,35.96037,1
5.84101,34.6742,1
9.97134,36.2038,1
2.03777,35.68613,0
-1.11943,35.37064,1
5.20248,35.98317,0
2.2471,35.62915,0
4.99929,33.85793,0
3.72749,34.20928,0
0.69021,36.06592,0
8.77387,34.64432,1
4.5944,36.6528,1
4.74381,36.55496,1
8.59145,34.64917,0
10.1595,34.67587,0
7.52822,33.3397,0
6.94679,36.87318,1
7.97795,34.77381,0
11.28636,34.79,0
8.82703,33.79453,1
6.33593,36.67252,1
10.0684,33.91619,1
11.10692,36.89447,0
9.09049,36.34903,0
9.03591,34.44252,0
9.71632,37.30606,1
5.63026,36.42037,0
10.59422,33.41966,0
6.92084,36.18799,0
5.50801,36.339,1
4.55121,36.72071,1
3.33848,36.0664,0
4.52885,35.45609,0
3.32381,33.12528,1
7.66938,33.4135,0
8.49258,33.90266,0
5.70962,34.73264,0
8.6114,36.76585,1
9.31373,36.85163,0
4.58938,36.64853,1
8.5289,34.93872,1
9.01859,35.12382,0
4.13224,36.32636,1
7.46045,34.354,0
5.3769,35.8886,0
-1.28317,34.89923,1
3.24687,36.22735,1
0.47182,35.91592,0
8.53007,34.939,1
5.32825,36.32897,1
5.61595,35.11399,0
2.11612,33.80644,0
4.61131,36.65113,1
5.97766,36.07646,1
10.26215,36.09164,1
7.60895,36.93761,0
4.41002,36.66671,1
10.92684,36.91074,1
-0.26343,35.75952,1
9.56575,33.14907,0
2.99372,36.1421,0
2.92804,36.144,1
4.17288,36.63091,1
2.87204,34.56487,0
2.83559,36.49537,1
10.63899,34.78045,1
4.13116,36.62614,1
7.52245,34.17374,0
6.62038,33.39885,0
5.49884,36.16796,1
6.6228,34.90264,0
7.43251,34.07197,0
7.23452,33.09216,0
6.36066,36.23624,1
4.44841,35.70647,0
-2.18114,35.0568,1
9.2432,37.02912,1
10.28516,36.89779,1
8.38572,33.0729,0
4.29037,33.43508,0
8.35613,36.45719,1
1.7065,34.46285,0
10.55051,35.90376,1
3.4018,36.6605,1
8.15402,33.40762,0
6.23801,35.53579,1
9.72187,37.30439,1
5.57006,34.31465,0
3.95699,36.69561,1
9.71496,35.52882,0
8.13454,36.57925,1
7.64089,36.15169,1
8.72746,35.01672,0
4.01151,36.86976,0
3.36295,33.15141,1
9.3645,36.82035,1
4.18984,35.82578,0
8.16825,35.23127,1
-0.57625,35.63559,1
9.41391,37.14922,1
7.90357,36.81322,1
10.1064,36.72796,1
-0.99884,35.34786,0
1.87434,35.53727,0
7.2189,36.32354,1
4.16084,36.62142,1
5.1494,36.6317,1
3.24588,36.53235,1
-1.13856,33.72734,0
4.26483,36.65737,1
3.88266,35.72528,1
9.68271,33.53142,1
1.35903,34.89515,0
1.23704,36.13389,1
2.69291,36.27369,1
2.87946,36.3693,0
0.76746,33.85674,0
7.84103,36.71569,1
6.95851,36.86741,1
9.57508,35.63673,1
8.13266,36.58956,1
9.58321,36.65981,1
11.1081,33.48307,1
7.84043,36.71394,0
8.97067,36.44487,0
7.24097,34.56996,1
9.03721,33.55778,0
3.94205,36.61309,0
10.53442,36.61742,1
5.75071,35.35371,1
1.98962,33.07962,0
9.56429,34.15059,0
9.06394,36.81544,1
0.71114,34.15334,0
5.99838,36.54744,0
4.34245,34.22584,0
9.81858,34.07311,0
-0.72655,33.49815,0
2.28198,35.02386,0
3.32889,33.18209,1
6.4695,35.05787,1
7.83695,36.20755,0
1.18566,34.47378,0
7.60239,35.47543,0
0.33118,34.80121,1
5.76342,35.49185,0
9.89001,34.12468,0
5.66177,36.17516,0
6.50724,35.38126,0
6.09437,33.19572,1
3.27432,36.62453,1
2.74568,35.2257,0
3.10993,34.98511,0
3.16111,36.70736,1
10.16302,35.6409,0
0.33007,34.7979,1
-0.2696,35.76373,1
4.59512,36.64921,1
-0.88754,34.4898,0
2.84209,35.66547,0
0.26313,35.75334,0
9.51739,33.87181,0
6.90096,36.81923,0
9.58137,36.99002,1
-0.59293,35.50983,1
-0.61667,33.32554,0
3.48512,33.33347,0
9.29389,36.76705,1
6.76524,36.06904,0
5.13247,36.32676,1
3.67336,36.33778,0
10.64004,35.83609,0
2.47064,34.26932,0
6.12099,36.55996,1
5.74586,36.58976,1
5.00782,36.79076,1
-1.76273,34.79435,0
5.46565,36.18493,1
6.13608,35.75684,1
7.97002,34.72279,0
9.25,33.82249,0
2.76219,36.60608,1
3.80432,33.57662,0
-0.8264,34.91876,0
5.89148,34.43791,1
-1.70178,34.77147,1
-0.59504,33.37785,0
9.16541,37.01318,0
-1.27132,34.67196,0
1.56116,34.6906,0
3.75648,36.64741,0
9.67142,34.37903,0
4.87061,35.92022,0
7.92763,36.28828,1
0.38051,35.00069,0
7.35227,33.78791,0
4.36697,35.68852,0
3.22537,33.01898,1
5.66867,35.94011,0
1.77608,33.44678,0
9.3362,36.89493,1
7.11991,36.49486,1
8.79681,34.37935,1
6.41896,36.19383,0
-1.34159,35.31062,1
6.69589,36.44449,1
3.88521,34.77595,0
2.63756,33.61824,0
7.63179,36.7294,1
6.91248,36.77959,1
5.90395,36.41238,1
5.80026,36.47848,1
6.96066,35.57135,1
8.50636,34.71672,0
5.32012,36.41185,0
4.1654,36.62495,1
5.24466,34.00763,0
-1.29791,34.9435,1
1.35588,35.34148,1
0.33119,34.80086,1
1.3541,35.3388,1
3.11262,33.96627,0
5.64529,35.81552,0
4.10369,33.99024,0
9.20077,34.13013,0
9.74372,35.31225,0
7.23951,34.57095,1
6.35397,33.00551,0
-0.98777,35.61503,1
1.19285,35.34465,0
7.76803,36.78858,1
-0.06526,34.75571,0
6.8887,36.65587,0
9.27448,33.45376,1
6.93383,36.88163,1
8.9478,33.67383,1
4.32635,36.78379,1
4.77406,33.88668,0
8.68277,36.47934,0
1.44518,34.56232,0
0.61642,35.87416,0
1.80983,35.51916,0
-0.4002,35.40416,0
-0.34276,33.47535,0
3.95994,36.77414,1
9.00709,37.05915,0
1.86817,34.40496,0
6.70339,34.07577,0
6.1731,36.34085,1
1.97303,35.4564,0
1.43703,33.90885,0
6.9898,36.86673,1
10.85779,33.84835,0
9.45479,36.91254,1
4.64219,36.81256,0
2.21276,34.90474,0
-0.65294,35.35484,0
-0.80197,33.16763,0
2.47194,36.49315,1
3.24149,36.53313,1
3.51097,33.20567,0
6.27751,34.32108,0
2.4701,36.49344,1
7.62778,36.81524,1
7.06178,36.36056,1
2.68839,36.27035,1
7.62773,36.79362,0
-1.14533,35.58622,0
9.14607,36.47535,1
9.19824,36.82539,1
3.95921,34.6126,0
3.33229,36.58946,1
6.62702,36.4296,1
10.00149,37.09267,0
0.24281,33.79165,0
3.39106,36.67986,1
8.79245,34.3806,1
3.30893,33.12452,1
9.67861,33.52859,1
3.06057,34.03729,0
1.04322,35.50425,0
9.37998,36.79208,1
9.3445,34.79157,0
3.18127,36.51597,1
5.47169,35.33323,0
9.31532,36.32492,1
4.18099,36.63181,1
6.17235,36.34237,1
4.13551,36.6253,1
1.20142,33.84309,0
-0.29064,34.06309,0
-0.25906,35.77485,1
8.97866,36.76194,1
9.25234,36.70218,1
3.41845,36.30528,0
3.36417,35.60888,0
5.76894,36.74633,1
9.05051,36.06266,0
3.85719,34.30196,0
1.3578,35.33994,1
5.97673,35.47404,0
0.3801,33.55356,0
11.10697,33.48241,1
3.32182,33.18524,1
6.8788,35.25967,1
8.04082,33.16636,0
4.64021,36.55327,1
-1.1073,34.81986,1
3.94656,36.38478,0
4.14173,36.6213,1
-0.88222,35.68797,0
6.2673,34.48844,0
5.31907,36.58785,1
4.36077,34.87065,0
7.24028,34.57044,1
10.54106,36.3973,1
8.83405,35.31327,0
2.15709,33.04207,0
2.57757,33.05973,0
4.81661,36.87041,1
5.99986,35.85247,1
6.12655,36.55721,1
2.83934,36.49262,1
0.18264,34.01411,0
10.60729,34.74103,0
4.15761,35.73322,0
4.99673,35.96445,1
9.60579,33.44508,0
10.75013,35.15595,0
10.0802,33.9277,1
4.32013,34.62733,1
6.55493,37.02053,1
10.01064,36.47496,1
2.70286,35.19669,0
7.2474,34.71455,0
8.84913,33.55029,0
6.16848,36.13419,1
8.50727,35.66586,0
3.91264,36.89076,1
2.48783,33.32047,0
4.24617,33.58183,0
10.41265,33.55333,0
6.47533,33.49915,0
7.29087,36.29833,1
8.44665,35.40854,0
-0.25665,35.74756,1
2.04629,35.10926,0
9.72891,36.34476,1
6.43648,34.1452,0
5.24813,36.49308,1
9.13464,36.88007,1
10.58287,34.60112,1
-1.49013,33.2496,0
3.51371,36.6528,1
3.17747,36.52171,1
-1.0763,34.93067,0
6.51151,36.29058,1
0.96892,35.16237,0
4.42027,36.66115,1
4.30476,36.87276,1
-0.29651,33.24754,0
0.79667,34.87711,0
7.31033,34.6273,1
10.67415,36.52921,1
5.78877,34.66433,0
6.02438,35.8668,1
5.60834,35.14091,1
1.28674,36.44139,1
3.75936,36.37165,1
3.13514,36.61433,1
6.93746,36.81812,0
6.47409,35.66842,0
7.12213,34.51767,1
5.8399,36.17798,1
6.19276,36.59202,1
5.48106,36.33813,1
7.95441,33.89932,0
9.38573,36.74372,0
1.40065,36.52996,1
5.00621,36.78964,1
5.72329,36.51365,1
4.47131,35.71286,1
6.8021,35.24631,1
10.27683,36.69448,0
2.7202,36.459,1
6.22874,36.66197,1
-1.50128,35.05315,1
-0.2622,35.62646,1
6.00369,33.60321,0
2.71812,36.44915,1
10.10393,33.04441,0
0.53273,34.76638,0
2.76083,36.67039,1
-0.47667,34.16415,0
6.81904,36.43855,1
7.33045,34.11731,0
2.84088,36.63277,1
-0.95402,33.80238,0
11.10559,35.20439,1
8.5699,33.25552,0
3.74634,36.1842,1
7.75564,34.3575,0
3.13701,36.5969,1
8.01085,34.18935,0
4.24692,35.85011,0
1.129,36.48316,1
0.83765,33.73562,0
8.94737,33.67273,1
3.99342,36.70103,1
-1.62199,33.30233,0
-1.43183,34.55684,0
-0.25377,35.74693,1
3.48846,36.51978,0
7.64722,34.6133,0
3.64421,34.51563,0
4.54012,33.79592,0
9.6851,33.52908,1
2.59987,35.26978,0
2.67177,36.40541,1
-0.32662,35.78854,1
4.42106,36.65778,1
9.60739,37.04352,1
6.87097,35.54945,1
10.55287,36.39654,0
1.47287,35.78475,0
1.0878,33.71667,0
6.51445,36.28936,1
-0.31235,35.83298,1
9.13535,36.88339,1
10.86887,33.8385,1
2.02844,34.21899,1
9.50404,37.22989,1
2.68906,36.27433,1
8.9882,36.72415,1
8.37154,33.05799,0
10.11837,34.96184,1
8.38447,36.79382,0
5.17752,33.31764,0
2.92732,36.10168,0
-0.57079,35.59676,0
9.81974,35.72331,1
9.02974,36.662,1
1.90395,36.24681,0
0.88807,35.43643,0
6.96543,34.57418,1
-0.34992,35.80654,1
5.895,36.41176,1
-1.40862,34.42886,0
10.01288,34.14001,1
0.82681,33.09826,0
10.34586,36.40875,0
3.23873,36.6262,1
5.59423,34.21888,0
5.29515,34.72124,1
1.7192,36.31899,0
0.86604,34.29339,0
1.02789,35.5355,0
9.026,35.88724,0
7.2628,36.63183,1
9.81745,36.37705,0
10.82093,33.46816,0
2.51653,34.51309,0
4.47366,36.88981,1
7.36744,36.84657,1
11.37128,33.02408,0
10.74825,35.14178,1
-1.7291,34.82704,0
2.13968,35.53868,0
5.48212,36.52253,1
6.91785,36.83276,1
-1.38712,35.15537,1
8.52768,34.93665,1
9.42871,36.87857,1
7.58064,36.3687,0
9.57862,36.66063,1
6.10269,36.31556,0
4.11978,36.61671,1
5.24481,36.48859,1
3.18031,36.70549,1
0.23558,36.08886,1
7.67853,36.79686,1
5.15639,35.85061,0
10.21503,36.88947,1
4.07648,36.31724,1
10.58583,35.00617,0
-1.10806,34.82314,1
7.30785,34.6264,1
-0.3795,34.87488,0
5.40089,34.78659,1
4.50659,36.83256,1
7.10106,34.33941,0
6.97566,36.5342,0
-0.13599,34.36285,0
1.1498,36.48302,0
1.52862,35.2413,0
3.00533,36.49053,0
5.05197,36.02196,0
9.42878,34.90794,0
2.4638,36.49173,1
6.63741,34.31522,0
3.12575,36.68346,1
7.30835,34.62778,1
10.70603,35.31688,0
6.16394,36.27272,1
6.35572,33.17001,0
6.5117,36.29276,1
9.39716,37.16029,1
4.0773,35.3839,0
1.25289,35.32044,0
6.84412,33.40137,1
8.63784,33.82023,0
6.48046,35.22568,0
9.4966,33.94696,0
2.831,35.18684,0
5.3716,35.64791,1
4.40125,36.66553,1
2.23199,35.33509,0
6.94368,35.32933,1
4.3934,34.47632,0
4.4137,34.18665,0
1.8741,35.46259,0
6.9059,33.4837,0
3.49554,36.46401,1
0.81178,36.18063,1
6.53307,34.51208,0
1.23536,36.13347,1
0.41722,33.10381,0
7.02128,36.43864,0
10.5856,34.60306,1
0.94457,33.96749,0
10.24475,36.77018,1
9.79787,35.19935,0
8.20922,36.26258,1
5.01409,36.48318,0
7.42291,34.84672,0
2.43797,34.52426,0
7.7828,35.77662,0
0.55843,35.73761,1
-0.96192,33.11593,0
5.64851,33.05447,0
9.559,37.26545,1
5.07915,36.527,1
1.23567,36.1346,1
7.69173,36.77441,1
3.31824,36.65678,1
9.71599,37.30465,1
3.35224,33.17765,1
6.53599,34.24231,0
6.51018,36.29156,1
2.81153,35.50204,0
6.10017,36.13503,1
3.44738,36.71149,1
4.15709,36.7563,1
7.45673,36.92294,1
5.04525,34.21223,0
9.74063,33.74775,0
0.76014,33.66752,0
3.68564,35.90941,0
3.26022,36.39219,1
10.03021,33.96379,1
10.70977,34.81744,1
0.38074,33.57809,0
5.40436,34.79124,1
2.3569,34.94722,0
5.66699,34.90732,1
5.30719,36.01834,1
4.79633,33.52062,0
0.38447,35.76845,0
6.79293,35.24042,1
3.15437,35.2606,0
4.20565,35.8947,0
8.94556,36.5444,1
8.01234,34.21567,0
5.13157,33.30688,0
3.50015,36.46346,1
9.43052,36.88482,1
6.14146,34.71689,0
4.19199,34.48842,0
2.0874,36.52442,1
3.2659,34.49627,0
9.17248,35.33936,0
-0.74687,35.19942,0
2.48087,36.57731,0
9.61954,33.58282,0
9.65451,33.69862,0
-0.24098,35.80509,1
6.93694,36.88264,1
2.90293,34.90087,0
8.18528,36.77702,0
9.85015,34.80942,1
10.27127,33.54695,0
1.88198,34.8003,0
3.55766,36.48191,0
8.87016,35.44986,0
4.0493,34.13934,0
1.35373,35.34068,1
9.19201,35.88852,1
2.83904,36.6313,1
4.76166,35.26312,0
9.28056,34.54883,1
3.42777,35.29263,0
3.4824,36.39922,0
9.82414,36.82575,1
5.97473,33.88026,0
8.24159,36.93465,0
4.86029,35.39782,0
8.26064,36.36541,1
3.05091,36.27417,1
4.59001,35.90495,0
8.49962,33.5593,0
1.53562,35.1982,0
3.24347,36.73565,1
11.10812,33.48245,1
7.13063,35.44445,1
3.66419,36.27761,0
0.80034,35.92949,1
4.61608,35.98691,1
-0.26653,35.76165,1
6.63022,35.76415,0
1.83104,33.17613,0
9.63609,34.93858,0
-0.41636,33.2631,0
5.13242,36.33499,1
9.26601,37.05856,0
7.28408,36.8919,1
10.07268,33.28416,0
4.99723,35.96488,1
9.39274,36.90667,1
3.15878,34.39278,0
6.56692,37.02195,1
2.86033,33.41571,0
4.5659,36.70985,1
10.18036,35.90717,0
7.24248,34.57036,1
6.82336,36.4577,1
0.13184,35.32331,1
7.24032,34.57082,1
5.25133,35.41714,0
3.98208,34.17165,0
9.19724,35.66437,0
7.28769,35.83998,0
5.40074,36.50409,1
1.35803,35.34,1
9.07357,34.89237,1
4.15726,35.70673,0
-0.27126,35.80463,1
8.91994,36.91547,0
5.4911,36.61446,1
8.12288,36.57848,1
7.71243,36.2605,1
3.07058,33.39324,0
-0.70598,35.52055,1
-1.36573,33.13667,0
4.23305,36.39146,0
2.82113,35.73247,0
5.31473,34.62882,0
9.53321,37.22942,1
8.89975,33.55193,1
5.76624,35.34636,1
6.37124,36.28033,0
-0.63093,34.41,0
4.1803,36.63546,1
-1.36147,34.0162,0
3.8724,35.58295,0
-0.65539,33.80812,0
-1.6662,33.92158,0
7.63882,36.50253,0
0.23157,36.08483,1
2.18902,35.17217,0
5.26109,35.12446,0
5.82413,34.69678,1
6.95246,36.88227,1
6.86394,36.39502,1
8.79506,34.37861,1
10.69739,36.56799,1
6.62701,36.89275,0
1.31365,36.17643,1
3.14413,34.62398,0
10.66244,36.70298,0
7.24345,34.57153,1
8.12883,36.57223,1
9.54013,36.72994,1
3.34881,36.67438,1
-0.17355,33.85426,0
2.71054,36.51262,1
9.24312,34.8853,1
3.84594,36.80738,0
7.60932,33.63285,0
10.28707,36.19291,0
2.88131,36.59835,1
-1.54173,35.17066,0
9.33788,37.07971,0
8.94069,34.35498,0
4.50223,36.87757,1
7.698,36.7951,1
6.12685,36.59268,1
6.5981,36.49673,1
5.70534,36.11044,1
6.54724,36.03436,1
0.08256,33.586,0
8.16963,35.40376,1
-0.20797,35.802,1
6.96501,35.01436,1
3.719,36.53074,1
3.50356,34.87196,1
-1.0165,34.86451,0
4.01333,34.09699,0
3.24652,33.61246,0
5.29864,36.09907,1
6.40846,33.49,0
2.29491,36.5799,0
-0.32345,34.55708,0
6.56753,33.93865,0
9.23602,36.83374,1
9.29322,36.77045,1
4.94274,34.24756,0
8.40181,36.37924,0
4.58998,36.54253,1
1.18977,33.93783,0
8.3412,33.45151,0
0.78581,35.92366,1
7.66982,36.43013,1
0.43459,35.96243,1
9.17591,36.93843,1
5.26034,36.42695,1
5.07194,36.74385,1
5.41189,34.7898,1
5.77658,36.45329,1
9.21536,36.79542,1
8.35794,36.43162,1
9.23562,36.35099,1
4.55082,36.43293,1
8.49289,34.84941,0
9.78298,34.00753,0
9.88216,36.51018,0
4.58925,36.53723,1
-0.36017,35.84184,1
4.17161,36.633,1
0.89884,33.92648,0
6.34279,35.64445,1
0.9043,33.44549,0
8.85652,34.5037,0
0.64726,36.26294,1
2.8342,36.4912,1
-0.09557,35.15117,0
7.46067,34.40651,0
10.0376,35.9702,0
1.7517,33.37927,0
6.19864,35.59462,1
5.19189,36.54611,1
5.66892,36.21472,0
7.11552,36.49413,1
5.8456,34.66891,1
3.4316,36.72603,1
3.26913,36.63007,1
9.07198,34.89212,1
10.44078,35.6941,0
8.75891,33.21477,0
-1.54627,33.99348,0
1.55041,34.70057,0
9.52965,37.06401,1
2.09268,36.529,1
7.90457,36.1317,0
10.06679,36.72797,1
6.04981,36.61576,1
2.50746,34.99422,0
10.4774,34.60739,0
5.63719,36.52388,1
3.58142,36.24801,0
5.9175,33.59866,1
5.63137,35.54717,1
9.3475,35.60398,0
2.00042,35.87813,0
-0.23433,33.2978,0
1.14493,33.48806,0
1.35646,35.34062,1
0.51789,34.12258,0
4.43437,36.90041,1
8.18031,36.46482,0
2.35681,33.34502,0
8.43121,34.30912,1
8.88482,33.19709,0
4.69819,33.53616,0
0.48679,35.5475,0
6.94311,35.38631,0
8.64949,35.94792,0
5.24717,35.91677,0
3.72591,33.51929,0
4.58814,36.65572,1
6.93609,36.68649,1
6.38128,36.72844,1
3.69648,35.93785,0
2.73594,36.56433,0
11.27288,34.74883,0
11.05815,33.01115,0
4.43371,36.90747,1
7.01361,34.21623,0
-0.68728,33.57467,0
-0.667,35.03782,1
0.56276,33.20976,0
10.04223,35.9571,1
7.57144,36.59007,0
2.88141,36.59622,1
-1.34115,35.31086,1
10.14796,34.34949,1
6.32219,36.64869,1
7.90589,34.05093,0
10.28075,36.16275,1
5.68784,35.1851,1
10.5886,34.60355,1
7.07281,35.09488,1
8.35128,35.60754,0
-1.7307,35.09015,1
9.33586,35.36313,0
4.92848,36.4046,1
8.38184,33.64275,0
7.06175,36.54584,1
9.5718,36.18472,0
8.72625,34.63305,1
5.68216,36.7063,1
0.37388,35.9315,1
4.47393,36.83904,1
5.82119,33.09872,0
5.91495,35.52045,1
3.19662,35.84803,0
3.66525,34.66239,0
5.88749,34.43851,1
3.0636,33.68114,0
6.81468,34.12044,0
8.14849,35.30815,0
7.23795,34.57002,1
0.6291,34.58777,0
10.63616,34.73964,1
8.23452,36.67612,1
9.81134,36.82716,1
8.01349,34.03196,0
0.267,36.09098,0
3.52679,36.60032,0
3.62331,34.78791,0
3.34797,35.33221,1
-0.28994,35.49325,0
-1.02232,35.42873,0
4.18131,36.84103,1
-1.68923,34.69546,0
10.23274,36.65535,1
0.03837,33.57642,0
3.01744,35.37228,1
6.30124,33.44184,0
5.57254,34.62645,0
1.85791,33.49134,0
3.64954,36.67071,0
4.49874,36.03816,0
8.1757,35.40211,1
0.00442,33.5718,0
0.61382,34.47029,0
5.98931,35.63696,1
7.70558,36.7916,1
9.76013,35.28537,0
10.76291,34.92299,1
2.01028,33.41549,0
5.53833,36.51534,1
8.82662,34.35762,1
5.07352,35.97886,1
4.02546,36.82938,1
5.60303,34.1043,0
0.2194,34.24909,0
3.51204,36.65226,1
2.95254,36.53369,1
4.57736,36.53454,1
5.45603,36.56712,1
7.45031,36.36278,1
9.9266,34.28732,0
7.07537,35.09549,1
-0.83495,34.173,0
5.00416,36.78704,1
6.88165,36.10749,1
11.03375,33.31942,0
6.96124,36.88081,1
4.26804,36.65612,1
2.35473,36.55784,0
9.56948,36.60572,0
7.59531,36.74818,1
1.17679,36.30726,0
0.6866,35.45565,0
9.79103,36.96426,1
-0.36375,35.82535,1
4.17289,36.62856,1
-0.18922,35.79737,1
1.3122,36.1747,1
4.16589,36.62402,1
3.32763,36.75805,1
6.05923,33.20175,0
4.17058,34.20668,0
-0.52714,34.49235,0
9.97226,36.20919,1
4.61505,35.35247,0
5.33685,35.24644,0
5.96059,36.60947,1
2.74834,36.47523,1
5.60105,34.65378,0
4.27856,35.96736,0
10.22007,33.13096,0
5.67815,33.67926,0
3.38478,35.78752,1
10.2071,36.8781,1
4.46872,36.88962,1
6.29472,36.84596,1
9.78395,36.65502,1
-0.28121,35.52743,1
7.52711,33.99946,0
2.23626,34.59104,0
3.27076,33.22987,1
4.59533,36.50841,1
-0.17912,35.79881,1
2.80427,35.271,0
8.53145,34.93996,1
5.63411,36.17729,1
3.76004,36.36766,1
10.09192,36.48515,0
7.12314,35.1983,0
1.35743,35.33776,1
3.76368,36.37209,1
8.16277,36.36278,1
2.71705,36.45644,1
4.59238,36.6599,1
2.87969,36.33465,0
4.15638,36.40708,0
6.51075,36.44785,1
1.3934,34.78029,0
5.09264,35.78421,0
5.76721,35.17955,0
5.75537,35.34946,1
3.30377,34.39304,0
2.48754,33.87533,0
7.44501,36.40781,1
4.58457,36.54171,1
3.06942,36.65344,0
7.7027,36.76012,1
6.25949,36.74975,1
1.29077,36.22351,1
7.65472,36.73116,1
5.41286,34.78392,1
10.58084,34.6049,1
5.32054,36.12701,0
0.08895,34.80576,1
0.2423,35.9251,0
6.21872,35.67649,1
4.54864,36.73684,1
-1.3769,34.106,0
7.18913,35.02455,0
8.16905,35.23184,1
4.604,36.65761,1
3.30963,33.13372,1
9.5699,37.25981,1
9.31975,36.82404,1
8.91726,35.03958,0
9.81789,35.72256,1
-0.26617,35.77383,1
4.99547,34.83469,0
10.51081,36.74252,0
7.23742,33.69486,0
1.57917,36.00485,1
2.84059,33.81867,0
7.18939,33.13785,0
6.89577,36.70917,0
7.37485,36.73455,0
4.92279,35.82705,0
8.70044,33.36268,0
9.68501,33.52975,1
5.03904,35.9434,0
2.747,36.01874,0
3.76069,36.36366,1
4.97257,36.43796,1
5.95913,33.46371,1
9.67465,37.32346,1
5.40652,36.56478,1
9.82214,37.07315,0
-1.63333,34.91848,1
6.05279,35.05305,0
5.84217,34.67804,1
8.34968,36.77693,1
8.55288,36.776,0
6.29136,36.69781,1
9.54363,37.24813,1
2.75457,36.45805,1
4.50055,35.71003,1
9.68466,33.53153,1
4.34194,33.85329,0
4.74103,36.4124,1
6.74903,35.88391,1
0.43535,35.96078,1
1.43616,36.33043,0
4.61285,35.89702,0
8.53032,34.9382,1
9.44881,37.16669,0
7.76032,36.58329,1
5.70779,34.54826,1
0.78206,35.65214,0
8.04005,36.82744,1
6.33355,36.85656,1
4.26988,33.98988,0
9.91282,33.80213,0
6.90814,36.12643,0
9.74588,34.39215,0
6.33379,36.62185,1
10.1785,34.47815,0
10.42304,35.54054,0
1.84519,36.17798,1
4.60279,36.66113,1
4.28104,35.47654,0
9.021,33.44297,1
9.71877,37.29863,1
9.03337,33.67249,0
10.23215,34.40212,0
6.33063,36.85688,1
6.31174,35.24955,0
2.3936,34.19892,0
0.61673,34.848,0
6.96485,36.88221,1
6.60887,36.65198,1
9.5057,33.51156,0
3.13338,36.66821,1
8.18735,33.25371,0
8.4058,34.79773,0
4.60435,36.50522,1
1.07933,34.98244,0
1.5309,33.16849,0
1.2366,36.13384,1
2.41051,36.17178,1
1.28853,33.96637,0
2.24731,35.34849,1
1.91167,36.22323,0
3.2613,33.61471,0
6.33899,34.55373,0
6.89413,36.2284,1
3.50599,36.70811,1
10.15201,35.63555,1
9.06502,36.70268,0
8.01759,35.35092,0
9.09829,34.43281,0
7.16939,34.66868,0
9.81513,35.89978,0
4.25171,34.67375,0
1.16421,35.58431,0
3.49591,36.4587,1
5.93064,35.06771,0
7.97613,34.41867,0
5.49827,36.07041,1
11.10678,33.4794,1
-0.78325,34.85169,0
9.70369,34.35201,0
8.36178,36.15818,0
7.00925,33.84148,0
5.4691,36.64155,1
10.02911,36.50371,1
5.22209,34.50206,0
9.24235,36.75934,1
9.34797,36.74521,1
4.16241,36.75681,1
5.65824,36.77223,1
-0.27967,35.82083,1
-0.35447,34.86185,0
9.71937,33.20871,0
7.12043,36.67399,0
10.4037,36.09442,1
6.96613,36.88305,1
6.07631,35.48929,1
4.56354,35.83575,0
0.68129,35.9967,1
5.90292,36.4119,1
-0.19897,35.50571,1
-0.57629,35.50403,1
-0.34946,35.81217,1
5.47328,35.18439,0
5.86063,36.63842,0
8.72409,33.90027,0
2.78802,36.2879,1
6.36674,33.67352,0
-0.71466,34.78722,0
-1.67644,35.00767,0
4.16412,36.63396,1
10.88981,35.23779,1
1.85467,33.5832,0
6.21664,34.30011,0
4.07559,35.49592,0
7.1548,35.38404,0
10.02881,36.50261,1
8.92024,35.37485,0
3.32552,33.10949,0
8.06314,34.47512,0
11.10952,33.48047,1
0.14114,35.90878,1
-0.58677,33.8264,0
5.21726,36.24763,0
6.0244,35.87104,1
-1.20909,34.95646,1
8.83357,35.90474,0
0.24375,35.15121,0
6.91171,36.23185,0
4.47315,36.85198,1
5.46489,36.1882,1
5.00324,36.78063,1
6.3714,36.73798,1
4.43625,36.04226,0
3.84428,35.67108,0
1.47725,34.01115,0
3.01099,34.05184,0
6.63304,36.2469,1
4.26535,33.17198,0
7.12305,36.09427,1
6.33985,36.51742,1
4.39321,33.3523,0
3.59074,36.12794,0
-0.00818,35.76959,1
10.74413,34.9615,1
0.14656,35.91631,1
5.25898,33.4191,0
4.18256,36.63836,1
8.60817,33.53156,0
5.74341,36.25254,0
-1.01054,35.29839,0
5.22903,34.65007,0
2.51962,33.60559,0
-0.17968,35.79929,1
6.37005,35.56481,0
-1.29213,33.78204,0
10.84801,36.87814,1
8.87493,34.54457,1
3.08028,36.4549,0
8.73431,34.29326,1
2.03997,36.53107,0
10.03816,36.23846,0
4.59348,36.65635,1
8.61368,36.76178,1
3.43798,33.70927,0
3.61985,36.68534,1
8.82283,36.61486,1
6.25955,36.74904,1
-1.76883,34.57698,1
6.87816,35.26293,1
-1.49138,34.83274,0
6.34047,35.52636,0
7.0513,36.8796,1
5.01178,36.33978,0
3.04325,36.7822,1
4.17252,36.63316,1
5.41432,34.78791,1
4.55995,36.71382,1
5.60556,34.63897,0
8.1244,36.78338,1
4.25512,34.22598,0
2.99955,36.67628,1
2.67209,34.21532,0
2.4589,34.56512,0
10.58555,34.59927,1
9.94908,35.52576,1
6.18101,36.34255,1
9.8053,37.1596,1
2.67943,33.30082,0
4.17763,36.63149,1
7.94587,36.41697,1
9.67909,33.52993,1
3.49091,33.51443,0
7.72969,34.32097,0
9.53621,37.27555,1
8.1668,35.23415,1
5.70128,36.15581,0
7.17641,36.5248,1
2.83218,36.51089,1
4.44194,34.75428,0
4.69098,35.57111,0
6.80143,33.72799,0
5.0197,34.62982,0
7.39029,35.08943,0
5.34842,36.53347,0
-0.47605,35.64326,1
6.51887,33.49785,0
7.54872,33.77899,0
2.28682,35.39194,1
6.91622,36.83402,1
9.72336,37.30348,1
9.78864,37.1254,1
5.57868,33.62542,0
8.76699,36.54377,1
6.56613,37.01773,1
10.02218,36.50473,1
2.27882,36.4835,0
10.58864,34.59808,1
1.14051,34.54266,0
6.20723,36.59489,1
4.13631,36.62082,1
9.1448,36.48261,0
3.31035,34.45298,0
9.75831,33.06019,0
4.35646,35.75461,0
6.79886,35.24609,1
4.46586,36.85988,1
11.07429,36.86746,1
10.18623,35.85032,0
6.08768,36.67136,1
1.77637,33.4646,0
5.87624,33.23623,0
9.31474,36.79098,1
6.33859,36.85715,1
-0.52402,33.33333,0
7.13143,35.44246,1
9.86101,34.85884,0
6.08839,36.67466,1
7.67959,36.79451,1
9.73012,35.14048,0
1.65626,35.8105,0
2.87241,36.59731,1
-0.65727,34.485,0
4.5101,34.63073,0
-0.39919,35.46461,1
3.07719,36.7528,1
6.32283,35.92583,0
9.21375,36.90183,1
3.13776,36.59694,1
9.98553,34.97027,0
10.58564,34.6036,1
9.62551,36.1525,1
4.61237,36.64758,1
2.77593,33.78012,0
0.52365,35.31567,0
-0.20582,35.80076,1
5.90743,36.7242,1
-0.34562,33.47475,1
-0.49796,34.41565,0
9.96181,35.63013,1
0.12113,33.83095,0
10.31344,36.61715,0
5.49286,34.74195,0
4.25503,33.85336,0
4.08916,36.59569,1
4.17538,36.63032,1
6.40377,36.51836,1
9.20467,36.84144,1
5.92359,36.34964,0
7.44048,36.40755,1
6.6401,36.7173,1
8.59136,35.85187,1
5.40285,34.78924,1
8.23206,36.67722,1
3.9551,36.7387,1
7.69081,33.19633,0
-1.51878,33.37771,0
3.9025,36.62592,0
3.80166,34.56717,0
5.1609,36.00134,0
4.57246,36.53905,1
10.46627,33.21414,1
5.75424,35.35125,1
7.82567,33.04982,0
-1.09409,35.51541,1
6.82726,34.37888,0
8.09753,34.82458,0
9.26219,34.42619,0
2.75118,36.47466,1
6.95464,36.88232,1
5.92646,34.14307,0
3.26366,35.23687,0
1.35557,35.33952,1
5.32205,36.25789,1
6.03381,33.53244,1
9.21751,34.89607,0
2.88852,34.4005,0
2.66938,36.53773,1
10.43252,36.16126,0
9.98907,33.87284,1
3.41535,36.49365,1
7.11921,36.4982,1
6.28233,36.79112,1
10.54908,35.3537,1
10.6541,33.04998,0
7.84285,36.70068,0
5.313,36.01944,1
7.89177,36.4175,1
3.10795,36.70684,1
7.31121,35.61584,0
10.09418,37.05949,1
9.76091,37.09909,1
-1.17242,35.50005,0
7.55009,36.39308,1
9.88763,37.22534,1
4.59532,36.54055,1
9.58614,36.70198,1
4.14402,36.62579,1
8.13231,36.57973,1
5.93091,35.8658,0
1.23609,36.13339,1
5.40498,35.35461,1
-0.2942,35.41258,0
7.3407,35.26751,0
0.57838,34.72259,0
10.02415,36.50442,1
-1.62587,34.40451,0
2.3774,34.2168,0
4.55403,36.71937,1
4.56712,36.76893,1
4.13258,36.62684,1
7.69986,33.99667,0
7.53256,33.24273,0
10.50494,36.69617,1
7.24306,34.57001,1
6.5837,35.98243,1
7.36056,35.76725,1
2.71837,36.56628,0
4.74204,35.9952,0
3.3127,33.13495,1
6.02506,35.8711,1
1.4689,33.87847,0
1.78256,33.08542,0
6.31271,34.98058,0
1.04764,34.93899,0
3.07446,33.50654,0
9.54004,36.73228,1
10.75028,34.90346,0
5.16134,36.65985,1
5.79525,36.47799,1
6.8056,35.24654,1
3.11088,36.39758,0
2.97683,36.09626,0
6.92993,36.87068,1
3.42068,33.04665,0
8.16309,34.36691,1
4.49209,36.45803,0
8.27397,36.19516,1
10.58053,34.60166,1
1.57833,33.13628,0
9.06005,37.01905,1
7.62816,36.7206,1
10.09115,36.93407,1
10.03978,33.96151,0
6.42123,36.42809,0
4.82068,36.87068,1
2.81082,36.58563,1
3.85052,36.31518,0
3.1613,36.54513,1
2.1508,36.24503,1
4.57155,36.53516,1
3.24073,36.74161,1
5.58877,36.37114,1
10.75932,34.87899,0
-0.0061,34.20148,1
7.35051,34.73011,0
5.05925,36.72064,1
6.19768,35.59826,1
5.32448,33.93063,0
7.08498,35.9247,0
0.78879,33.34249,0
2.99871,35.94989,0
5.0989,34.43601,0
0.44991,35.11324,0
2.43071,33.57422,0
7.67962,36.79448,1
4.48235,34.85642,0
6.51413,36.28988,1
8.98564,34.89032,0
6.64559,35.97387,0
-0.48423,33.28277,0
6.08568,33.96327,0
8.8595,34.48308,1
2.56454,36.17441,0
8.21665,36.66984,1
7.45639,36.36343,1
9.01844,36.91325,1
-0.72675,33.98121,0
7.64866,36.63686,1
4.09529,36.73208,0
-0.27316,35.53199,1
7.91194,35.25231,0
4.50992,33.48404,0
4.48759,36.84074,1
4.17021,35.24721,0
10.54503,35.3552,1
6.025,35.86682,1
-0.2141,35.80351,1
3.53856,36.67799,1
0.24471,34.62295,0
1.81865,35.67642,0
4.13865,36.62733,1
5.07095,35.97707,1
0.53358,33.00115,0
5.89481,36.04032,1
4.17866,36.63448,1
10.82566,35.13445,0
6.69389,34.03846,0
-1.22564,33.61666,0
-0.51065,35.72696,0
1.44615,36.49958,0
4.12058,34.32526,0
2.41047,36.58146,1
4.64453,34.11893,0
9.50903,36.71683,1
5.13739,36.3381,1
5.9564,35.62244,1
9.86179,34.70868,0
10.04794,37.17814,0
3.32542,33.06778,1
2.79885,34.18335,0
4.13844,36.62551,1
9.16907,36.31232,0
2.07319,33.18643,0
5.46666,35.98447,0
2.01382,34.27451,0
2.0428,35.67168,0
1.25501,36.10001,0
-0.28701,35.81813,1
8.2685,36.37819,1
3.6547,35.4162,0
-0.33121,35.82815,1
6.86302,34.59559,0
6.04715,36.58567,1
-0.77864,34.91423,0
1.01937,34.46777,0
9.62379,34.79681,0
9.8149,35.72216,1
5.40003,35.3568,1
7.45373,34.36462,0
3.26073,36.39435,1
3.52774,33.52072,0
5.47809,36.33258,1
7.83031,36.39577,1
5.25191,36.56464,1
9.18592,36.66299,1
7.96663,35.97148,0
-0.48169,35.67582,0
3.80272,34.53658,0
-0.9111,35.27147,0
6.05864,36.83228,0
10.02907,36.5026,1
6.89777,36.27981,1
6.30933,36.42445,1
5.86651,36.05648,1
6.55686,35.13936,0
2.87478,36.60128,1
3.16843,33.40445,0
2.7774,34.62314,0
3.73706,34.31809,0
5.88401,34.4412,1
0.77271,35.80993,1
5.79719,35.05457,1
9.52432,37.03602,1
9.06069,35.88437,1
3.31218,36.73524,1
10.58635,34.60512,1
8.29629,34.19696,0
3.42547,36.73012,1
7.68079,36.79054,1
8.16883,35.23549,1
6.43092,36.9475,1
10.86493,33.13297,0
8.26546,34.756,0
2.86389,35.01084,0
1.36944,36.35797,1
5.72614,35.23042,0
6.73872,36.7954,1
1.74049,34.36263,0
1.32702,34.10788,0
7.61468,36.37339,1
7.37703,34.75325,0
2.7046,36.52143,1
6.09578,33.7629,0
5.98495,33.97849,1
10.12107,35.16208,0
5.02872,36.45522,1
9.68533,33.53227,1
11.10928,33.48264,1
7.31403,35.04958,0
9.68649,35.60653,1
8.58903,36.89286,0
10.00677,36.44866,1
2.27839,35.38907,1
5.98464,34.8963,0
5.27794,34.74493,1
5.69519,34.41512,0
5.08446,36.6184,1
9.58631,36.69963,1
0.89021,33.55386,0
9.30057,36.77697,1
0.13989,35.90847,1
5.58593,36.02403,0
9.29023,37.22049,1
0.91801,33.40842,0
10.42565,33.07319,0
6.02467,35.86668,1
7.19122,36.29572,1
9.87427,36.82748,1
-0.15269,35.37865,0
7.2394,34.5698,1
1.71116,34.58182,0
3.76438,36.3681,1
9.10981,36.85462,1
9.684,33.53176,1
-0.16288,33.09973,0
6.08837,36.63281,1
8.77276,35.78572,0
8.90035,35.00856,0
0.21401,34.31839,0
-1.19078,33.41733,0
10.10445,36.73294,1
5.35706,35.54781,0
0.31738,35.95042,0
9.80491,36.81977,1
2.21241,36.03098,0
9.60459,36.34658,0
10.63759,34.74184,1
5.66123,35.88836,0
8.74808,33.15594,0
8.04904,36.35146,1
3.8925,35.23433,0
7.42068,36.50515,0
9.6898,34.78887,0
9.86081,35.55166,0
2.04204,35.93069,0
7.89511,35.78378,0
4.56631,36.38615,1
10.0207,35.42926,1
5.51933,36.12537,1
0.97381,34.97702,0
7.24064,34.57329,1
10.06,36.02627,0
4.89323,33.18927,0
5.64815,36.40777,1
7.3079,34.62696,1
6.97415,34.57435,0
6.26457,36.51558,1
4.01983,36.70343,1
7.15871,35.90359,1
9.70866,37.22498,0
10.72004,34.81295,1
5.6321,36.1951,1
6.16117,36.26552,1
9.17391,34.43167,0
7.61865,34.91354,0
4.40867,36.36683,1
6.01602,36.64939,1
9.08749,36.67332,0
6.35866,36.23634,1
5.13236,36.33793,1
4.88629,33.959,0
9.11353,36.64373,1
6.08398,36.67532,1
0.97487,35.63196,0
10.33923,33.30647,1
5.24913,36.48932,1
10.19631,36.72324,1
6.80358,36.09023,1
8.05742,36.28899,1
5.00701,34.72089,0
9.02388,35.21593,1
3.37008,33.03994,1
8.27423,36.37732,1
0.77682,33.30533,0
8.00913,33.04154,0
1.18921,34.77815,0
8.17199,35.40305,1
5.36648,34.54593,0
10.44086,36.45133,0
5.70618,34.98003,1
0.43433,33.7935,0
4.16754,36.62354,1
2.0916,36.53292,1
3.75208,36.17749,1
4.03533,33.68906,0
7.28431,36.67625,0
2.29219,35.35389,0
6.78032,36.94917,0
10.32044,36.59059,1
0.64231,35.13292,0
3.6189,35.31935,0
3.07501,36.6392,1
6.48137,36.95704,1
9.3687,34.38398,0
10.58584,34.60244,1
1.72782,35.15239,0
7.24219,34.56868,1
10.6433,36.64268,1
6.74496,36.73846,0
3.54207,35.22343,0
-0.3339,35.82276,1
2.74437,36.64039,0
9.65381,37.22469,1
6.35578,36.12593,1
6.29435,36.77642,1
-1.21903,33.68972,0
9.01172,35.6162,0
6.11709,34.61467,0
7.33755,33.12042,0
6.38227,35.32473,0
2.02645,34.2228,1
10.16444,35.71565,1
-0.82158,34.82578,0
3.79468,36.54517,1
4.09449,33.82189,0
7.32704,34.53546,0
9.78653,37.26809,1
4.66491,34.97648,0
9.82097,36.82645,1
10.69054,34.80993,1
0.46458,34.66192,0
2.88878,36.57862,1
6.57527,36.69635,1
1.64657,36.20056,0
2.45526,34.43813,0
9.68149,33.53195,1
6.52203,34.50237,1
6.79987,35.24087,1
-0.16307,35.61316,1
9.27392,33.53279,0
8.60588,33.27972,0
11.10825,33.4791,1
1.12477,36.48384,1
-0.94012,35.58058,0
5.94919,35.88247,0
8.10289,33.06579,0
4.03868,36.42975,0
6.98865,36.63562,1
6.94954,36.86835,1
10.49329,34.83674,0
4.12655,36.61726,1
9.62193,36.91798,1
6.38162,36.44339,1
7.2498,36.93354,0
10.07732,35.591,1
9.81821,37.1363,1
5.10958,34.38743,1
-0.70238,34.65163,0
8.97019,36.92422,0
5.06802,36.69995,1
9.92876,36.96659,1
0.4553,35.80058,1
7.23976,34.57006,1
5.67834,34.16888,0
2.78608,36.28369,1
7.42489,36.50715,1
7.30833,34.62563,1
1.10553,33.03563,0
7.14953,36.74365,1
8.10225,35.67666,0
7.76782,36.90111,1
4.56191,35.0471,0
7.53933,33.12969,0
9.61563,33.28189,0
8.9732,34.19511,0
-0.19802,34.83928,0
9.15416,35.81981,0
6.33953,36.6259,1
10.34037,36.71923,1
6.13122,36.60229,1
5.45648,33.69844,0
9.76412,37.09822,1
4.59392,36.65129,1
3.27216,36.637,1
-0.28753,35.81376,1
4.64711,34.36361,0
5.48764,36.3349,1
4.13726,36.61497,1
10.18502,35.25783,0
1.66117,36.55259,0
5.19994,36.50008,1
10.19214,34.90654,0
10.51789,36.68467,1
4.61324,36.66238,1
3.68077,36.15022,0
4.47284,35.05636,0
7.23917,34.56979,1
0.14206,35.56576,0
3.32684,33.06834,1
-0.59375,35.51257,1
0.38585,34.96148,0
7.3055,34.57902,0
8.54517,34.92743,0
8.83911,35.93885,0
7.08473,34.1841,0
10.00603,36.75016,1
7.73205,36.79962,1
7.94755,34.62209,0
1.91124,33.37449,0
-0.33648,35.8065,1
4.17102,36.6379,1
3.7706,33.79935,0
2.14862,36.24457,1
7.71361,36.74543,1
9.38677,34.05549,0
7.70268,36.68673,0
9.72675,36.34266,1
7.43484,36.84489,1
4.36322,33.53347,0
-0.17924,35.79911,1
3.8964,36.40698,1
5.84111,34.67455,1
9.03761,35.67269,0
5.98712,35.63646,1
4.40272,36.28023,0
8.1651,34.25415,0
-1.90322,34.86339,1
2.27957,33.61506,0
7.24229,34.57138,1
4.46349,36.87881,1
9.41621,36.94659,1
3.86537,34.18447,0
-0.3371,35.8069,1
3.45749,36.47951,1
5.04904,36.51484,1
10.01081,36.75166,1
7.70762,36.2751,1
9.68336,33.53253,1
4.08242,34.52578,0
4.96035,34.89181,0
3.3053,35.56536,1
4.19637,33.14501,0
10.03499,33.91882,1
3.92347,34.76277,0
1.15574,33.83689,0
10.04077,36.82915,0
2.82501,33.8538,0
1.02942,34.18683,0
-1.07685,33.14213,0
10.70469,34.85044,0
-0.2677,35.80412,1
7.23981,34.57056,1
3.80425,33.86821,0
2.49039,36.54118,0
4.96004,35.38835,0
7.30285,36.76649,1
7.77704,35.24636,0
2.75347,36.47085,1
-1.69941,34.44184,0
0.25339,35.43277,0
4.47725,35.89533,0
2.89027,36.76162,1
8.6535,34.84373,0
9.72213,37.30288,1
0.27738,33.48444,0
3.36026,36.03257,0
4.4841,34.47443,0
0.16563,35.29493,0
2.18672,35.2663,1
6.51238,36.28881,1
8.28995,35.60953,0
3.05506,35.96539,0
1.18061,35.57116,0
-0.30347,35.82695,1
5.66028,36.06443,0
3.51276,34.43569,0
9.24111,37.13594,1
3.0788,36.752,1
6.12507,36.60551,1
-0.53595,33.47215,0
4.29021,36.84253,0
-1.91011,35.04687,0
8.21776,36.67226,1
1.37137,35.30035,0
5.21379,35.12804,0
7.65256,33.9977,0
2.90899,36.25994,0
2.93335,36.23385,0
3.1737,35.22833,0
10.12022,35.74905,1
4.14222,36.53823,1
3.50412,36.21961,0
10.58535,34.60074,1
-0.76878,35.6276,0
5.06294,33.37087,0
5.6795,33.46104,0
-0.20852,34.57037,0
7.63703,36.02999,0
9.99225,33.8755,0
8.04904,35.39162,1
10.76539,34.85337,1
9.84699,34.80861,1
2.87323,36.59593,1
9.68233,33.53118,1
5.27139,36.5578,1
4.73568,36.11345,0
3.00799,36.67964,1
0.4113,34.79294,0
7.72311,36.83778,1
3.32995,36.75849,1
6.42188,36.5295,1
5.96298,36.71965,1
9.50539,35.0158,0
4.55691,36.71652,1
6.02285,35.03254,0
8.26589,34.92228,0
1.70407,34.26945,0
7.46641,35.27726,0
-0.93675,33.18861,0
9.31525,36.82288,1
5.15086,33.6062,0
4.9475,35.38482,0
9.7336,36.76424,1
5.38632,35.75799,0
7.78125,36.96336,1
8.70234,36.77851,1
6.93532,36.27673,1
2.02248,34.22306,1
1.71229,33.07295,0
8.54147,34.90395,1
6.91784,34.62746,0
3.13207,36.70758,1
3.4564,36.48537,1
3.33074,36.75679,1
4.02106,36.31458,1
6.45572,36.37057,1
7.23951,34.5688,1
1.8204,35.00616,0
2.65752,33.87506,1
3.48747,35.01743,0
9.55074,35.53893,0
-1.47751,33.40641,0
4.8618,36.09037,1
-0.30083,35.83285,1
1.5742,36.10833,1
4.12387,36.67897,1
4.74298,35.56965,0
-0.09546,34.53217,0
-0.47539,35.64669,1
1.02286,35.18106,0
1.30767,33.11533,0
-0.67149,35.60822,1
0.88885,34.98537,0
3.51914,34.38981,0
-0.62312,35.60099,0
0.55135,35.88722,0
9.07217,35.71224,0
6.22644,36.66065,1
3.11842,36.52719,1
8.60247,33.11265,0
6.40383,37.03779,0
8.11283,35.94136,1
4.05989,35.79613,0
9.67268,37.05191,1
8.76781,36.94928,1
3.26448,36.3933,1
3.27091,34.03662,0
2.60167,34.07998,0
4.07791,36.1324,0
3.3287,36.58554,1
-0.26747,35.76385,1
10.1048,36.72919,1
2.27329,33.30156,0
-0.2142,35.80339,1
3.89974,36.49125,1
5.83903,33.99936,0
7.24015,34.57116,1
5.97828,36.62926,0
6.74483,35.30097,0
6.64105,36.45472,1
7.31727,36.96006,0
5.64437,34.87052,0
-1.17096,35.1198,0
7.40422,35.19611,0
7.86456,36.82772,1
7.68062,36.2921,1
-0.72629,34.60594,0
0.26589,36.00389,0
4.55244,33.85291,0
1.22391,36.08789,1
5.77432,33.97568,0
6.74951,33.30567,0
2.13914,35.2715,0
6.86553,33.74327,1
9.6241,37.21542,1
3.05126,36.6305,1
10.11149,36.72909,1
5.5484,33.9735,0
-1.01497,35.05144,0
-0.5833,35.20234,1
6.67508,36.83372,0
6.61761,36.34285,1
4.99594,36.77861,1
2.25923,35.86548,0
3.62367,34.75985,0
4.43326,36.43187,0
4.4787,35.70708,1
9.84801,33.9942,0
5.08454,36.52993,1
0.48951,35.01211,0
-0.59365,34.7615,1
-0.34761,33.47396,1
9.5915,36.69939,1
9.55576,37.258,1
10.63282,34.73602,1
6.93104,33.27715,0
7.88458,36.38522,0
8.53068,34.93847,1
3.2678,35.15161,0
4.4115,36.65997,1
10.04999,36.38552,0
0.13427,35.91096,1
6.18764,33.85821,0
4.0387,36.24917,1
1.47657,36.115,0
6.12723,33.09198,1
9.91308,33.03743,0
10.58521,34.60719,1
2.62289,34.57453,0
3.24095,36.73763,1
2.57622,35.7604,0
7.32784,35.39945,0
4.59856,35.37602,0
3.02855,36.67163,1
5.30663,36.02097,1
7.28805,33.34354,0
6.19621,36.25835,1
2.42579,34.80946,0
5.85647,36.12847,1
6.03073,36.61627,0
5.11111,34.38634,1
6.38938,33.26116,0
6.51669,35.03465,0
-0.79162,34.01642,0
5.76481,36.6308,1
5.33137,34.74171,1
6.43866,36.40109,1
3.81292,36.852,1
6.64897,36.3713,1
7.91238,34.56782,0
3.13822,36.59677,1
9.32323,36.43822,0
1.31506,33.8408,0
3.3237,33.1838,1
3.39668,36.51046,1
9.19883,36.8231,1
4.58518,36.54563,1
9.24014,33.1666,0
10.28045,36.16274,1
4.28888,36.86165,1
3.46682,35.74061,0
6.0257,35.87165,1
5.10646,34.39238,1
0.06211,35.18195,1
9.15765,33.45719,0
7.98413,36.20943,1
6.5094,36.29196,1
4.13486,36.6298,1
11.1091,33.48103,1
-0.37015,34.74428,0
3.29042,36.67369,1
1.67236,36.04397,0
1.88652,34.47606,0
7.62987,35.93481,0
6.42416,36.72426,1
6.17549,36.3479,1
7.24298,34.56821,1
6.85915,33.26916,1
6.54138,34.11989,0
5.29487,36.56293,1
2.01724,33.5793,0
6.938,36.27034,1
8.74563,35.85435,0
6.10959,35.55488,0
-1.4373,34.88081,0
8.67662,36.35073,0
3.17849,36.70961,1
8.89351,34.55679,0
7.50938,35.08861,0
9.32056,35.06721,1
-1.017,35.55099,0
-0.34583,33.47398,1
4.52569,36.57403,1
5.79595,33.39125,0
4.62505,36.20868,0
6.79935,36.09044,1
8.51877,35.42882,0
8.97726,34.99838,0
5.15542,36.55556,1
7.00605,34.97154,0
7.56187,35.73987,0
10.2937,36.65644,0
5.26693,36.55734,1
3.59511,35.60662,0
5.62366,34.75527,0
2.22371,34.588,0
8.36396,36.78651,0
8.05242,35.39223,1
7.13861,35.64226,0
3.05632,36.2744,1
7.67987,36.79035,1
7.30148,36.76319,1
0.35273,35.15311,0
6.14499,33.50914,0
5.39765,35.26225,1
6.23206,36.6594,1
10.80736,36.55782,1
-0.21375,35.80199,1
4.17408,36.63971,1
2.29512,35.80399,0
5.75417,35.35409,1
3.3427,36.65995,1
6.61894,35.50038,0
-0.93639,35.56458,1
1.10842,35.37271,0
3.41656,36.4994,1
7.61973,36.20824,1
-0.49773,33.8736,0
0.73091,35.91073,0
4.35184,33.02266,0
7.4524,36.92224,1
5.64577,35.09335,1
4.92559,33.68835,0
4.55737,36.72121,1
2.93498,33.61937,0
1.30171,36.1461,1
9.73681,36.50513,0
10.57328,34.93684,0
5.05964,36.4504,0
10.7192,34.70423,1
10.9925,35.50054,1
5.31062,33.13284,0
1.81139,34.05033,0
7.23054,35.80378,1
0.54873,34.35341,0
6.93831,36.88233,1
8.16559,36.02983,0
7.50252,34.80203,0
5.00188,36.7792,1
2.27718,33.54716,0
4.26742,34.37719,0
8.21082,36.67537,1
9.77778,37.0789,1
3.29104,35.45267,0
8.95365,33.47929,0
3.95851,36.73724,1
0.78511,33.89003,0
5.71379,36.41732,1
1.39728,35.42575,0
6.15922,36.20448,1
6.19366,33.77877,0
3.73546,36.79247,1
10.58565,34.6046,1
9.92421,36.87982,1
-1.48123,33.40807,0
2.02362,34.22519,1
7.01733,33.95513,0
8.05401,34.72176,1
3.67459,33.9054,0
4.56313,35.69883,1
6.90488,36.875,1
-0.5454,35.21614,0
7.78111,36.96532,1
2.9226,33.87374,0
4.88104,34.06282,0
5.47675,36.33442,1
8.24164,33.37182,0
6.34089,36.12848,1
7.45322,36.91895,1
5.2732,34.74941,1
9.11547,36.8529,1
9.10067,36.96481,0
6.6382,36.46418,1
8.78609,33.92707,0
5.15417,35.09288,0
9.4353,36.53258,1
7.20683,34.36829,1
0.06461,33.79897,0
0.05892,35.80047,1
8.12982,36.57864,1
6.80342,35.24761,1
4.75939,33.04483,0
2.62656,35.75751,0
-0.14893,33.22682,0
-0.27042,35.80635,1
6.57965,36.33566,1
7.24153,34.56874,1
8.35836,35.45436,0
10.20088,36.61537,1
7.24055,34.57033,1
5.31374,34.68715,1
9.04511,36.64243,0
9.21821,37.02068,1
9.66996,36.90535,0
3.13702,35.8075,0
1.6969,35.8296,0
8.54329,36.80442,1
5.58746,35.77763,0
5.89609,36.4122,1
1.64487,34.8417,0
4.9556,35.44737,1
-0.29309,34.98335,0
3.54813,34.9449,0
7.78501,34.05285,0
6.64531,36.81997,1
4.59757,36.66051,1
0.32027,33.49306,0
6.51056,36.28938,1
-0.28125,35.52784,1
1.20183,36.41027,1
5.26954,36.33748,1
5.27976,35.48312,0
10.28879,35.42868,0
6.94941,36.86485,1
2.75178,36.47163,1
2.29311,36.21474,1
9.24427,34.87071,0
9.03695,36.7184,1
-0.26823,35.76116,1
8.95021,35.15189,0
10.7025,34.79347,0
-1.19699,33.88533,0
0.51077,33.99115,0
3.94969,36.8701,1
5.27292,34.74918,1
5.68277,35.16672,0
7.54863,35.171,0
0.50664,35.50096,0
8.12822,36.57567,1
9.05354,33.48108,1
1.31785,35.23031,0
6.0306,35.83302,1
3.9694,36.33642,0
6.37628,36.90599,0
2.91135,36.41356,1
8.20529,35.15059,0
5.8489,34.51938,0
6.83273,34.21196,0
7.41585,36.89034,0
-1.37904,33.1596,0
10.74168,36.60057,1
3.38963,33.19129,0
3.10044,36.59881,1
4.67107,35.78183,1
7.29638,33.28648,0
10.75238,34.85549,1
2.56073,36.50192,1
3.49696,36.61801,0
7.35695,34.48501,0
4.63559,36.03816,0
3.93666,35.30881,0
5.1521,34.6036,1
10.15626,36.03868,0
9.48251,35.00132,1
8.22969,35.89364,0
1.8135,35.87296,0
-0.06322,35.21604,0
5.86605,36.0581,1
7.06965,35.9635,1
9.88918,36.12801,0
-1.34159,35.31194,1
1.52261,34.35642,0
6.63246,35.48905,1
0.57104,35.07939,0
4.81121,34.07615,0
6.86025,33.37949,1
5.48129,35.34127,0
0.30004,35.52755,1
5.311,35.62815,0
-1.22832,33.60808,0
9.81253,36.82881,1
9.71328,37.08694,1
6.94348,36.88162,1
0.95662,36.37789,0
5.2129,34.6554,0
5.39441,36.20251,1
7.5752,35.32957,1
9.2335,36.90027,1
9.98855,33.87399,1
3.85116,36.91074,1
0.58806,33.46823,0
10.75338,33.85032,0
7.58087,35.3302,1
7.04526,33.85088,0
5.91274,36.62318,1
7.69613,34.8809,0
6.867,35.55421,1
10.46069,33.25534,0
0.08453,35.25094,0
4.41079,36.66335,1
3.28187,36.38591,1
2.24573,36.13622,1
8.12442,36.58147,1
3.22632,36.63043,1
2.87125,36.02884,0
-1.36105,33.21272,0
10.13326,33.23251,0
1.25036,33.82166,0
1.23255,36.12906,1
-0.93662,35.56453,1
7.04001,35.52087,0
10.78769,35.4272,0
4.14477,36.63173,1
4.14189,35.28503,0
0.09892,33.68757,0
6.98621,36.39814,1
10.30673,33.56902,0
2.27486,34.23207,0
1.58031,36.52578,1
0.32743,34.79827,1
8.25894,36.36163,1
-1.85473,35.03956,0
9.29234,36.85799,1
1.27404,33.98566,0
5.97788,33.97311,1
9.24881,36.47823,0
8.96043,36.49059,1
3.86315,35.61429,1
10.62012,35.13152,0
3.87865,33.37963,0
5.90071,36.82196,0
0.2849,34.8575,0
-0.70665,35.72169,1
2.09598,34.26865,0
10.83054,34.8407,0
10.39552,33.14062,0
1.83217,34.3719,0
7.71354,36.25595,1
9.04938,36.20964,0
6.91895,34.42199,0
4.00064,33.12201,0
6.51165,36.57543,0
-0.01277,34.70824,1
2.6597,33.87237,1
6.46817,35.05972,1
10.7895,36.56393,1
7.10557,35.36716,0
6.70034,33.1423,0
-0.86797,33.86441,0
-1.62101,34.91662,1
8.54356,36.4444,1
9.59284,36.99159,0
1.50108,36.3204,0
-1.46536,34.97324,1
3.15902,34.7253,0
9.80269,36.46393,1
4.32726,36.78001,1
2.81337,36.49327,1
9.71758,37.30235,1
10.58498,34.59792,1
6.41381,36.79622,1
11.10795,33.48008,1
0.69445,34.31316,0
9.51537,33.36859,0
9.81757,37.13602,1
6.24791,36.74405,1
9.86999,36.23269,1
1.48958,34.706,0
6.35955,36.06653,1
7.27983,35.61764,0
0.95646,36.05374,0
6.6205,36.4353,1
-0.39518,35.73451,1
9.81047,36.82623,1
9.19183,36.91045,1
-1.34808,35.26777,1
6.02117,35.48483,1
4.17936,36.62086,1
8.27757,36.37908,1
2.03091,34.22208,1
3.15158,36.70874,1
3.741,36.17797,1
8.64253,33.98559,0
7.70545,36.78685,1
7.72319,35.66578,0
6.35301,35.68673,1
5.84143,36.1811,1
3.69299,36.84567,1
8.40721,35.29829,0
7.58155,33.51664,0
9.74631,37.08543,1
10.27351,36.59468,0
5.33091,36.3233,1
-0.70356,35.52148,1
1.23706,36.13445,1
1.57131,34.55946,0
8.08355,35.15931,0
9.67512,37.31448,1
-1.36161,34.72559,0
4.15008,36.62826,1
11.10962,33.48098,1
4.27452,36.72741,0
8.05629,35.3925,1
5.33309,36.64012,1
4.29361,33.18864,0
9.1109,35.98779,0
-0.90936,33.33645,0
3.86343,36.66605,1
9.58251,36.65754,1
11.10426,35.20501,1
6.80334,35.2411,1
7.24863,33.9455,0
4.40565,36.66613,1
-0.2738,35.76916,1
9.716,37.30001,1
8.18769,35.1967,0
9.44875,33.65177,0
9.64831,33.43339,0
1.91729,33.50875,0
3.3381,36.69444,1
8.18014,33.94416,1
6.98407,34.26725,0
7.67647,34.95749,0
9.47638,33.63561,0
4.76967,36.03644,1
4.16905,36.63711,1
2.65147,36.47307,1
6.93087,36.72524,0
3.32458,33.18246,1
2.89952,36.64063,1
9.53108,33.68427,0
5.63748,36.19254,1
10.49672,33.57934,0
7.07794,34.57323,1
8.79835,34.37938,1
1.00713,36.14232,0
6.40391,35.19156,0
9.11872,34.0035,0
5.94217,33.9028,0
8.52415,34.6097,0
0.25595,35.94529,1
1.29422,33.18084,1
2.17987,36.45067,1
2.07584,35.33348,0
4.65599,35.61058,0
5.1092,34.39142,1
7.62015,36.20612,1
2.19707,33.76294,0
6.46578,35.59428,0
8.98957,35.91558,1
10.26134,36.14169,0
4.60607,36.65051,1
7.70952,36.27609,1
-0.78959,34.69934,0
3.32621,33.06982,1
-0.3562,35.35305,0
10.19607,36.72266,1
-0.25292,35.74749,1
0.69489,34.72438,0
4.59577,36.64562,1
9.68202,33.53077,1
6.63786,36.09663,0
-1.18065,35.32428,0
-0.41913,35.08492,0
9.46837,33.46092,0
7.189,34.67676,0
0.88715,33.71811,0
0.21623,34.30892,0
1.52908,33.58127,0
3.08795,36.35379,0
0.47337,35.98316,1
4.51915,36.08197,0
10.98535,33.75587,1
9.94717,33.97567,0
0.25799,35.94687,1
10.38784,34.96442,1
0.76894,35.71661,1
7.15308,35.60175,0
7.23814,34.5701,1
9.31156,36.49553,1
3.8112,35.52004,0
7.75348,34.92683,0
10.64236,34.68694,1
-1.01287,33.39359,0
8.87385,36.67235,1
-0.34053,35.77246,1
6.10899,36.63084,1
7.36203,35.76677,1
3.08407,35.2235,0
10.06741,36.85058,1
4.62088,34.94804,0
4.99707,35.96627,1
2.00389,33.40893,0
3.81501,34.33623,0
-0.61987,33.91108,0
-0.33351,35.82713,1
7.83411,33.70285,0
5.63869,35.09492,1
4.62653,34.10825,0
9.23099,36.85633,1
-0.74016,35.21134,1
10.02094,35.216,0
6.34009,36.62943,1
8.55787,36.73091,0
10.65652,36.51675,1
3.22521,36.69323,0
4.14676,33.86672,0
-1.3505,35.26979,1
5.19103,33.1978,0
10.06839,33.91635,1
5.14363,35.2239,0
8.3458,33.41539,0
1.24559,33.56826,0
3.73514,35.19892,1
9.67977,33.52926,1
4.04577,33.94205,0
10.58764,34.60218,1
6.02556,36.82777,0
7.82464,36.08714,1
6.85024,34.79545,0
-1.242,34.5762,0
9.78279,36.80512,1
-0.28173,34.53483,0
10.24698,35.60251,1
8.16513,34.88008,0
4.59876,36.65698,1
-0.27445,35.80783,1
0.21784,36.09118,0
4.01679,33.04238,0
6.02495,35.8716,1
-1.261,34.89928,1
0.32677,34.79837,1
10.42055,36.69801,1
8.40549,33.94791,0
-0.00805,35.77155,1
5.13289,36.32277,1
7.49367,34.12802,0
10.01849,36.83172,1
9.57677,35.40035,1
9.6818,33.53398,1
1.83538,33.21815,0
2.67953,36.27938,1
0.23215,36.08139,1
6.07494,36.80362,0
4.43782,36.07705,0
6.98677,36.63197,1
5.51224,36.33555,1
0.24043,35.73524,0
4.40522,35.26006,0
4.29476,36.89443,1
5.28256,35.56186,1
0.192,34.37881,0
10.33304,33.61975,0
7.37241,35.49482,0
8.17237,35.23018,1
3.48999,36.63181,1
0.96324,33.54296,0
10.3309,35.79362,0
4.62664,35.15442,0
3.63155,33.55536,0
-0.69501,33.3959,0
9.4308,35.84823,1
1.95107,35.5352,0
-0.68139,33.83434,0
10.16806,36.35553,1
3.46029,35.53453,0
9.80732,36.82311,1
0.27079,35.99985,0
0.0592,34.59511,0
-0.05511,34.35677,0
8.59291,33.30209,0
3.91796,34.66777,0
10.85727,35.05137,0
6.9829,34.05301,0
5.21183,33.45371,0
8.27153,33.98028,0
3.32504,35.28049,0
6.30459,36.3324,1
4.52562,36.57353,1
-0.31541,34.73044,0
11.07044,36.86732,1
2.67358,33.03923,0
10.27772,36.15856,1
5.68628,34.79138,1
3.32841,36.75834,1
-0.14608,35.0822,0
11.10793,33.47933,1
3.40615,36.4257,0
1.19637,36.13722,1
4.19298,33.84379,0
4.96839,36.64627,1
4.9199,33.9308,0
8.95712,33.46772,1
0.23872,34.24351,0
-0.26825,35.80648,1
10.19414,36.72446,1
4.61025,36.65467,1
2.46939,36.49263,1
-0.94443,34.72264,1
6.58394,35.98108,1
2.04223,33.2363,0
5.88904,34.43861,1
2.65961,35.79719,0
1.78188,36.18853,0
9.74561,36.7436,1
6.12171,36.77578,1
2.02213,36.5678,0
10.88345,35.6285,1
3.0109,36.81153,0
10.5534,35.54215,0
9.59556,36.00368,0
7.88514,35.51979,0
10.02835,36.68429,0
1.40242,35.11944,0
9.71086,34.06322,0
10.95177,36.93441,1
10.99187,36.7899,0
5.77475,36.45286,1
10.00825,36.75171,1
7.98963,36.75656,0
4.28915,34.12441,0
5.18958,36.16764,0
8.92174,33.19846,0
-0.34617,33.47418,1
4.99468,35.96657,1
4.97307,36.43886,1
-0.71218,34.39025,0
8.74369,35.82674,0
5.43972,36.51479,0
6.52635,36.36713,1
6.93637,36.88166,1
0.79204,36.03181,0
8.62162,36.64675,0
8.35179,34.29459,1
7.46853,33.83704,0
-0.59306,35.51101,1
7.23919,34.57041,1
10.0811,33.92797,1
-0.30836,35.83515,1
9.61224,37.04377,1
0.45696,35.98647,1
10.8088,34.86583,1
4.0659,34.2047,0
-1.65646,34.62424,1
0.43112,35.95964,1
1.40282,34.49321,0
2.78955,35.144,0
7.36168,35.76794,1
8.53063,34.93699,1
9.59132,36.70177,1
7.32544,34.36659,0
-1.73234,35.09145,1
8.95615,36.49926,1
-1.37747,33.40574,0
-1.08072,33.76667,0
8.78736,35.78741,0
7.30695,36.75873,1
6.79894,36.09052,1
4.16247,36.62796,1
8.97994,35.8811,0
-1.37439,34.86016,1
7.70651,36.78663,1
2.75859,36.6699,1
-1.77249,35.01464,0
5.85745,35.82631,0
9.76671,35.84506,0
-1.53539,33.16776,0
8.72626,34.43539,1
8.04187,35.39044,1
8.17088,35.91295,0
0.96903,33.64413,0
-0.33331,35.82641,1
9.21868,36.91677,1
3.33004,33.06416,1
5.68566,34.28984,0
7.42774,35.18002,0
0.53154,36.11901,0
5.27385,34.74431,1
6.57368,34.42782,0
4.03441,34.61528,0
7.28599,36.89282,1
6.38868,33.4283,0
5.70558,35.36538,0
2.72733,36.43017,1
10.68442,35.32538,1
1.87912,34.78909,0
4.43402,34.34646,0
9.35777,37.12459,1
-2.0957,35.04974,0
10.09173,35.90415,0
7.24027,34.56991,1
4.21252,36.64793,1
7.24118,34.57389,1
2.28856,35.88871,0
4.18329,33.09405,0
3.98052,36.41054,1
9.68217,33.52951,1
3.42758,36.72501,1
7.12355,36.49892,1
6.34419,36.62729,1
9.8424,37.2882,1
5.92265,36.4618,1
2.0535,34.43884,1
5.44605,36.33198,0
5.11677,36.54544,1
4.49593,35.70698,1
-0.59267,35.51208,1
9.60025,37.0384,1
7.18411,36.29982,1
5.55619,33.59226,0
11.01364,35.33965,1
3.06621,35.01507,0
9.30559,36.67222,0
5.87382,34.28275,0
4.11594,33.41089,0
5.74574,34.21841,0
5.06784,36.50076,1
4.12192,34.59041,0
-0.6558,34.84726,0
1.83551,34.91366,0
3.72603,35.19995,1
4.12527,36.62028,1
9.00747,35.27291,0
4.58388,36.53782,1
2.55755,35.86921,0
5.0336,33.91217,0
8.83804,34.00563,0
8.73838,36.70109,1
6.02924,35.86618,1
8.53113,34.93739,1
9.43377,35.48584,0
4.99592,35.96673,1
7.61984,36.20557,1
1.72548,35.57133,0
5.40873,34.77626,1
6.91131,34.41634,1
6.45907,36.89543,0
6.47715,36.95296,1
5.84275,34.65003,1
2.06183,33.68871,0
9.57037,35.63697,1
-0.67191,34.75221,0
7.21203,36.74678,1
3.86287,33.62218,0
3.67587,36.78822,1
2.98269,34.06391,0
0.32899,33.07641,0
5.25219,33.37685,0
3.18534,35.97259,0
3.31635,36.67196,1
3.23437,35.7666,0
5.17227,35.62548,0
0.97653,36.36666,0
5.79498,33.07775,0
6.38724,36.70623,1
10.47524,36.70105,1
7.35999,35.93291,0
3.42786,36.7218,1
5.77186,36.45974,1
4.05301,35.7334,0
3.90921,36.34667,1
0.36385,33.23614,0
6.80904,36.05953,0
3.74764,35.2472,0
2.41084,36.27028,1
9.99904,36.68998,0
8.03182,36.84272,1
0.91652,33.96104,0
6.15165,35.77545,0
2.79698,35.05329,0
-1.19346,33.40889,0
6.11709,36.55596,1
6.28862,35.50483,0
6.37233,36.73657,1
9.68194,33.53264,1
7.2394,34.57162,1
9.36973,36.90074,1
9.3332,35.98091,0
3.83097,36.36121,1
8.2681,36.37934,1
6.72722,33.65067,0
0.92181,35.96948,1
5.12616,34.60212,0
-0.92235,35.45694,0
4.96016,36.57254,1
4.39905,36.67565,1
7.32023,35.68451,0
2.91434,36.69888,1
3.06358,33.93134,0
10.93469,33.25238,0
2.65276,36.47698,1
0.40302,35.02603,0
9.87802,37.00009,1
4.59346,35.66574,0
8.12418,36.57162,1
8.9405,33.0037,0
3.01006,34.63724,0
7.53065,36.13607,1
7.59227,35.4552,0
1.16987,35.93216,0
7.2434,33.42159,0
4.69235,33.3265,0
10.25908,36.12305,0
5.85583,35.23192,0
5.63576,35.14898,1
10.88787,36.79297,0
2.62642,35.31759,0
-0.25192,35.76586,1
9.80416,36.50579,0
7.35133,36.71458,1
3.17648,36.52435,1
8.1285,36.58551,1
8.144,36.58045,1
1.03301,33.13616,0
10.45181,35.94981,0
9.40354,36.89553,1
5.54056,36.51737,1
1.43757,33.51793,0
10.76075,33.7401,0
7.98334,35.268,0
5.4203,33.47592,0
8.84923,36.60418,1
7.14611,35.07605,1
9.68395,36.73,0
9.33752,36.90113,1
4.66263,35.94634,0
3.17509,36.52155,1
10.64058,34.68747,1
7.84476,33.05536,0
6.02391,35.87152,1
9.05544,34.29713,0
3.87981,36.30302,1
6.12851,36.60406,1
9.26781,36.67728,1
0.92927,35.96969,1
4.49692,33.80477,0
8.52943,34.06373,0
8.17606,33.24169,0
4.93858,33.87455,0
7.30791,34.62531,1
0.12394,35.55246,0
8.12759,36.57911,1
3.32742,33.12814,1
7.23981,34.57264,1
-0.3769,34.94512,0
5.7063,34.98104,1
8.04651,34.63138,0
8.94162,36.11072,0
-0.42115,34.43231,0
5.51589,36.21292,1
8.21332,36.62238,0
6.56491,37.02149,1
5.87944,35.65054,0
6.81856,36.45682,1
6.40546,36.2226,1
7.36858,36.84357,1
1.68114,33.81938,0
-0.62397,34.69275,0
3.09565,35.55123,0
4.17174,36.62988,1
9.75476,35.39251,0
5.51964,36.12455,1
7.38627,36.55064,1
5.86639,36.05551,1
9.58444,36.6621,1
9.37979,36.78934,1
-0.56482,34.74291,0
5.32825,36.64039,1
1.24027,36.11288,0
7.43451,36.88206,1
5.75964,34.85579,1
7.77293,34.50336,1
6.66623,33.63876,0
9.56047,37.2586,1
9.45122,34.69609,0
4.07221,33.07125,0
9.55491,37.23936,1
2.47181,36.48978,1
7.99599,36.28519,1
4.11987,33.875,0
10.5919,35.66973,1
9.55971,33.93807,0
5.1992,36.50336,1
10.03592,33.9169,1
3.35041,33.17414,1
1.25028,35.62464,0
6.74402,36.9488,1
7.16919,36.31319,1
5.4812,36.33085,1
4.78053,35.8836,0
7.53073,36.135,1
6.55612,36.23168,1
2.75646,36.47301,1
9.63268,36.31504,0
6.81438,34.40185,0
-0.35773,35.82357,1
10.31003,34.70529,0
7.12406,34.5172,1
3.0483,34.86632,0
5.1043,36.65759,0
2.76717,33.24657,0
7.87914,36.39481,1
10.1477,34.34736,1
5.28016,36.26537,0
7.07104,35.34105,0
1.55148,33.80243,0
6.38047,36.73173,1
9.78773,36.80732,1
5.95115,35.58314,0
4.16528,36.6295,1
10.28042,36.16068,1
7.28786,33.71309,0
9.6222,36.02024,1
6.31221,35.10012,0
4.15433,36.8827,1
8.61503,36.76607,1
-0.86551,35.55917,1
8.12782,34.36898,0
0.74646,34.7531,0
2.8772,33.75214,0
8.81928,34.54562,1
1.27408,36.22279,0
9.21865,37.0168,1
5.98657,33.10751,0
2.07279,34.15728,0
6.14009,34.94528,0
1.11104,34.51768,0
3.32158,33.18429,1
9.24663,36.77758,1
2.05159,34.43614,1
2.91518,33.7045,1
-1.20275,33.76641,0
8.83048,36.19199,0
1.43264,33.60183,0
9.28102,36.03737,0
5.63488,35.14953,1
5.30466,35.25268,0
0.99165,33.55057,0
6.61484,35.97473,0
8.2075,36.6699,1
9.23967,35.29507,0
-1.29905,34.72727,0
9.61087,37.27918,1
-1.50527,33.57556,0
5.25513,35.82481,0
2.58694,35.74393,0
10.43899,34.56129,0
5.91344,33.74136,0
6.83622,36.6056,1
3.2241,33.01942,1
2.85555,33.08194,0
9.58629,35.13164,0
4.58294,36.53394,1
7.10461,34.51709,1
8.96693,36.3761,0
5.97344,33.39748,0
5.51775,36.12505,1
4.84912,36.04828,0
-0.65429,33.52156,0
4.43343,36.89797,1
9.17015,35.15525,1
7.38592,35.26564,0
4.41336,36.26618,0
-1.2549,33.473,0
2.75639,36.66942,1
10.10552,36.7303,1
7.17641,36.8037,0
-0.27042,35.76939,1
4.43165,34.58816,0
4.38722,36.82338,1
8.14625,34.4722,0
0.16728,33.61012,0
4.99804,35.9654,1
8.53108,35.38711,0
1.49754,33.38098,0
9.77887,35.69826,0
4.41512,36.66393,1
8.99408,35.58831,0
10.25039,36.72771,1
9.68314,37.31699,1
7.18935,36.39767,1
6.11698,36.59847,1
3.71218,36.3363,0
2.04406,35.81311,0
10.59867,33.28221,0
2.3765,34.62676,0
9.49805,34.52828,0
7.6688,36.60707,1
9.47517,36.86462,1
8.27622,36.37285,1
3.13547,36.60116,1
9.73424,36.1227,0
4.16439,36.62809,1
6.73063,33.86231,0
8.11558,35.94226,1
5.02707,35.9559,1
2.7218,36.45515,1
-0.36881,34.56039,1
0.3017,35.53842,1
-0.76182,35.73644,1
-0.71189,35.52224,1
4.41226,36.6566,1
-0.20558,35.80082,1
0.98023,35.26807,0
8.94401,36.84016,0
1.35454,35.33901,1
-0.16954,34.81194,0
3.0777,33.5496,0
9.61974,35.83271,0
10.92253,33.01442,0
6.58289,34.44867,0
4.64477,33.43349,0
1.35496,35.34033,1
1.19953,36.32183,0
6.26273,36.69604,0
10.12217,36.74592,1
0.94632,36.00463,1
9.79875,37.28947,0
0.53202,34.42789,0
5.56189,33.281,0
6.22567,33.92139,0
9.35912,36.90934,1
0.68573,35.96244,0
-0.02833,35.42282,0
8.82562,34.36517,0
9.08194,36.22705,1
8.69204,33.97707,0
5.97969,36.59901,1
3.74511,36.18373,1
4.47892,35.70771,1
6.2013,35.59812,1
4.66208,34.84195,0
10.77998,34.75671,0
-0.26488,35.76077,1
-0.21552,34.33034,0
8.00817,36.32782,0
9.64465,37.24517,1
9.79432,37.26718,1
-1.0018,35.17342,0
-0.22509,35.80391,1
5.4753,34.31163,0
8.56135,35.8623,0
3.31527,33.89297,0
1.91373,33.278,0
4.48443,33.2363,0
2.9239,36.71894,0
7.36093,35.7683,1
-0.28085,35.52923,1
3.32476,33.06975,1
4.07678,36.31859,1
0.13687,33.05086,0
3.26641,36.62906,1
10.02298,36.50511,1
6.92876,36.87129,0
1.94073,33.12986,0
5.78305,36.17554,1
7.86623,33.31576,0
-1.00374,34.68656,0
5.06823,35.97731,1
4.54457,36.71331,1
4.24311,33.4162,0
4.52062,36.32136,0
8.78475,36.65831,0
2.94584,35.03769,0
8.61766,35.68898,0
6.58603,35.97941,1
0.84127,34.33904,0
6.08775,35.30013,0
1.99507,36.50289,0
4.59982,36.65344,1
7.24237,34.56846,1
5.62067,35.65539,0
1.79063,35.72314,0
0.99393,35.51865,0
4.94503,33.85148,0
8.97815,33.09348,0
9.37177,35.1948,0
4.30395,36.67652,1
7.63664,36.95288,0
0.41015,35.9458,0
-1.22225,33.87768,0
7.13439,36.37279,1
2.78585,35.45693,0
0.85002,34.29643,0
10.91502,33.69085,0
3.49611,36.05442,0
9.61743,33.18818,0
9.93397,33.42005,0
9.53801,36.92314,0
5.10458,34.66615,1
9.80857,36.81678,1
10.58193,34.60331,1
8.0486,35.39196,1
5.37575,36.21682,1
5.26571,35.17158,0
8.68388,35.02823,0
10.92824,33.7207,0
4.60551,34.71048,0
2.59389,33.78314,0
10.82495,36.53227,1
-0.67464,33.5575,0
5.65615,33.67999,0
3.69579,34.1022,0
5.20444,33.16802,0
6.43967,36.39861,1
9.07316,36.7169,1
3.12228,35.50086,0
7.80171,36.74402,1
8.13393,36.58268,1
7.03896,35.87269,0
0.67907,35.9952,1
5.13619,36.33711,1
8.16425,35.23309,1
3.2812,35.51732,0
7.79795,33.75858,0
10.3026,35.51255,1
10.58413,34.59663,1
4.34354,36.8509,0
8.27676,36.3736,1
5.11868,36.54004,1
9.01413,33.92381,0
4.20074,36.48468,0
3.8522,33.93046,0
8.56819,33.92759,0
10.64369,34.68673,1
6.06705,33.12347,1
10.6664,34.86233,0
7.36769,36.84068,1
3.04652,36.18711,1
6.12299,36.59896,1
10.51272,36.5696,0
9.77703,37.07567,1
5.31152,36.5244,0
6.63018,34.96127,0
5.11035,34.38988,1
-0.87894,34.07017,0
5.89249,34.4395,1
3.25761,36.63265,1
6.47488,35.06932,1
7.09922,34.76576,0
5.75481,35.35257,1
7.13139,35.44196,1
6.63832,36.24752,1
2.85074,36.6364,1
9.58644,34.62771,0
10.32046,36.59227,1
4.00278,35.70224,0
8.32763,34.22704,0
2.90275,36.11514,0
5.24852,36.49268,1
10.03553,33.91871,1
9.75606,35.55662,1
9.35619,33.07214,0
4.93773,36.47688,1
7.41053,35.90685,1
5.0436,36.51235,1
5.25691,33.82777,0
7.06394,36.36164,1
7.26021,34.5661,1
8.43705,36.4502,1
7.96436,34.1346,0
5.08655,35.82071,1
7.48178,36.74759,1
2.90838,36.56358,1
6.81718,36.44555,1
8.42881,34.30962,1
5.7135,35.57927,1
7.91676,33.51094,0
8.89179,36.06872,0
4.06984,35.52436,0
9.81787,34.87574,1
6.40396,36.51588,1
4.59336,34.11059,0
4.48543,35.88175,0
6.03911,34.57779,0
1.26651,35.15815,0
10.52798,34.84557,0
9.16058,34.16874,0
10.50874,34.74164,0
9.74524,34.91922,1
-1.4125,33.58,0
4.75885,36.63696,1
6.19732,34.82148,0
9.24625,36.56491,1
7.54691,36.1129,0
4.56508,36.71351,1
-0.16799,35.02346,1
2.6455,36.13566,1
1.10247,34.72903,0
-0.30526,35.24058,0
9.8302,37.28733,0
3.741,33.9755,0
4.38274,35.98397,0
8.13874,33.00767,0
8.11491,35.9446,1
4.12242,34.25762,0
2.79506,36.66048,0
6.949,33.94959,0
7.30669,34.62629,1
2.06181,33.31927,0
10.03213,35.92032,0
6.37876,35.10622,0
5.57122,36.18074,1
7.04762,33.17365,0
5.53337,35.70751,1
3.15406,36.70856,1
4.54998,36.7113,1
-0.89728,33.33108,0
9.39666,33.68474,0
9.79247,37.2749,1
2.38814,34.94313,0
-0.00898,35.7704,1
1.53057,34.63216,0
8.73068,34.63381,1
2.57094,33.20178,0
8.27852,33.26688,0
-0.26485,35.80545,1
-0.46906,33.76704,0
8.90991,34.99966,0
3.23435,36.62903,1
3.47993,36.62017,1
8.32733,35.77654,0
5.36558,36.51237,1
-1.6341,34.91937,1
7.24161,34.57048,1
-0.31394,35.15357,0
-0.8894,33.15718,0
4.60192,36.05454,0
-0.55956,35.31805,0
6.46262,33.21749,0
6.35885,35.0093,0
6.29338,36.62877,1
7.60518,34.86447,0
5.17932,33.91153,0
0.96448,33.16989,0
7.13414,35.5021,0
5.57559,36.17767,1
5.13195,36.33073,1
5.7594,35.8984,1
9.64227,35.78973,0
4.16261,36.62767,1
1.63915,34.02411,0
2.37422,34.6354,0
7.72795,36.88504,1
9.92224,36.79758,1
5.26382,33.45932,0
-0.27103,35.82032,1
6.26969,33.88423,0
10.11906,34.9653,1
5.07951,36.53057,1
3.0265,36.10129,0
-0.1399,35.21195,0
3.2259,34.11962,0
-1.38854,35.15381,1
8.40839,36.89926,0
4.83214,36.69655,1
7.30652,34.62601,1
3.39033,34.41061,0
9.66128,34.13653,0
8.13351,36.57284,1
7.35481,37.0092,0
5.41141,34.78473,1
1.90231,35.28961,0
5.27619,34.74362,1
11.1078,33.48001,1
3.18695,36.61208,1
3.15963,33.68341,0
-0.61302,35.10721,0
5.70837,34.98248,1
8.18691,35.40232,0
7.24632,34.16596,0
9.50844,37.22924,1
6.01424,34.71278,1
6.12497,36.56396,1
-0.2139,35.8032,1
-0.24102,35.80457,1
6.51165,36.28977,1
3.5368,36.47206,0
0.23618,36.08542,1
6.25185,36.06062,1
4.60697,36.64694,1
6.007,36.11454,1
8.54582,33.36327,1
3.93323,36.89944,1
8.0406,35.65835,0
-0.27795,35.82053,1
2.88447,36.47778,1
5.25402,34.68085,1
4.74106,33.76916,0
4.27084,35.5157,1
6.6792,35.22137,0
10.68563,35.32135,1
8.9788,36.09686,0
-0.75452,33.35822,0
10.88242,35.62698,1
5.95638,36.49448,0
6.40602,36.49457,1
7.68277,36.79126,1
-0.61726,35.65807,1
8.19946,35.9048,0
10.98771,35.6078,1
-0.28115,35.52833,1
2.5782,34.8026,0
4.13223,36.32972,1
3.79999,36.54456,1
3.3136,36.73441,1
4.17108,34.48108,0
10.19659,33.57675,0
-0.7026,33.20458,0
11.00849,35.49346,1
6.26172,36.18565,1
5.81699,34.89854,0
5.46838,36.18034,1
8.18876,33.98958,0
5.60835,35.22127,0
6.11982,36.64837,1
6.98269,35.42858,0
4.91123,36.58775,0
7.63627,36.24232,0
9.77483,33.3294,0
5.88808,34.4387,1
8.51914,35.17611,0
5.39194,34.77643,0
7.65598,36.82627,1
6.70554,36.55822,1
8.58261,36.50858,0
0.10008,35.34839,0
6.87249,34.64914,1
5.78996,35.7481,0
5.46023,34.365,0
8.45213,34.6467,0
7.01844,33.96982,0
5.83665,33.87827,0
9.45808,37.05396,0
6.13259,35.8063,1
8.264,35.04348,0
10.63215,36.59377,0
3.32129,33.12142,1
7.09714,36.52495,1
9.786,36.80788,1
8.05758,34.93224,0
3.49461,36.46296,1
10.10521,36.73087,1
4.12902,34.75502,0
8.23491,34.4463,0
4.99777,36.77604,1
6.30948,36.42339,1
1.31448,36.30625,0
5.10824,34.39061,1
8.73121,34.14135,0
3.26659,34.50569,0
4.01421,36.75654,0
1.19552,36.13625,1
6.12432,36.60011,1
2.84049,36.63234,1
1.78888,35.68376,0
9.52136,37.26415,1
-0.1646,34.56199,0
-0.56099,34.51759,0
8.16793,35.23241,1
3.0889,33.50338,0
5.8367,34.5663,0
10.88118,35.6254,1
0.38473,33.75126,0
9.21434,35.55614,1
8.98531,35.85548,0
2.42149,36.45006,0
1.23901,36.34252,0
6.55672,37.01603,1
6.50984,36.29269,1
3.41409,35.19636,0
4.78997,33.67645,0
5.82246,34.69374,1
9.25044,33.62127,0
-0.33727,33.98113,0
4.56163,36.71054,1
6.0964,36.66662,1
2.21047,33.07678,0
4.06535,35.156,0
9.6837,33.53078,1
11.00419,36.99621,0
5.75439,35.3531,1
6.14287,36.15306,1
7.24026,34.57181,1
5.44599,36.44459,1
8.23918,34.66473,0
7.85865,33.45564,0
4.64672,35.52252,0
3.327,33.18305,1
4.82411,33.82205,0
-0.12062,33.6455,0
6.91063,33.68778,0
6.93677,34.40339,0
3.21333,35.419,0
7.53261,33.82652,0
8.53028,34.93805,1
0.08812,34.80659,1
3.44706,34.15894,0
6.38089,36.1677,1
9.19023,35.87336,0
3.79881,36.34757,1
7.96387,36.57643,0
2.67283,36.4018,1
1.47074,33.32288,0
9.58518,36.6602,1
6.33889,36.13015,1
2.76118,36.67076,1
5.72901,34.65571,0
5.46872,36.55151,1
0.89825,35.41941,0
10.98667,35.60607,1
7.29382,34.91194,0
4.13807,36.61824,1
5.44261,34.98423,0
2.4338,35.82807,0
-0.26968,35.80933,1
6.22531,36.64556,0
6.48567,35.44476,0
4.59275,36.49107,1
1.19876,36.43317,1
-1.27802,33.69037,0
5.24468,36.49199,1
7.66688,36.75629,1
5.10233,33.1197,0
2.65874,33.87235,1
0.38503,33.29515,0
3.36824,33.1403,1
7.25332,36.47762,1
3.54109,36.41188,0
7.12898,36.09021,1
5.49462,33.65139,0
-0.65885,35.61737,0
2.65591,36.48745,1
10.10462,36.73183,1
6.7108,33.76442,0
3.32925,36.75786,1
5.56803,33.41924,0
-1.36429,34.32073,0
4.56903,36.40924,0
1.43637,34.70439,0
4.50003,36.87349,1
7.2389,34.57153,1
8.18789,35.24387,1
9.1248,33.70712,0
5.48454,36.23097,1
-0.51532,34.16632,0
6.24782,36.74946,1
6.98837,36.63443,1
6.93328,36.88264,1
8.45171,34.46069,0
5.07927,35.21569,0
7.71195,34.26827,0
7.71067,36.80101,1
8.07321,36.3433,1
8.68512,34.1481,0
8.75422,33.36648,0
5.30812,36.02153,1
3.56631,35.83629,0
-0.26597,35.76377,1
10.00556,36.75191,1
8.42764,33.17706,0
6.79642,35.24065,1
8.19458,36.45554,1
9.84108,36.54309,1
5.69821,34.53839,0
10.52195,34.94074,0
9.98905,33.87271,1
3.61349,33.07421,0
-1.18154,34.00054,0
10.19762,36.77877,1
5.76177,34.06842,0
9.5048,37.23319,1
-0.05142,35.40227,0
-0.6686,34.90803,0
-1.22451,34.97228,0
7.3904,36.35533,1
7.30691,34.62653,1
2.99323,34.60891,0
10.33535,35.78899,0
5.05765,34.70511,0
1.39436,36.19622,1
10.10792,33.84632,0
-0.55418,33.34622,0
2.87194,35.16034,0
6.8257,35.24307,0
7.9212,33.44144,0
2.95237,35.56853,0
4.39607,36.66831,1
3.24137,36.64048,1
2.94003,35.81444,0
7.90826,34.41912,0
9.22396,33.97911,0
5.68763,35.18562,1
3.45995,34.22835,0
8.6925,33.22456,0
2.39534,36.44725,0
4.6034,33.20787,0
5.70108,36.13556,0
6.96409,35.75784,0
8.13869,36.58329,1
7.258,36.69032,0
7.85841,34.95189,0
5.71985,36.47996,0
11.02705,33.05653,0
5.08493,36.53351,1
5.29434,35.37057,0
4.55649,36.70796,1
7.44616,36.87881,1
0.75309,34.35697,0
4.66707,33.197,0
9.57974,36.66186,1
6.51229,36.90304,0
9.02899,36.66283,1
1.78199,34.79094,0
4.04507,35.12718,0
3.2772,36.66705,1
4.51377,34.66709,0
5.53959,33.92611,0
-0.45284,35.51456,1
3.96516,36.47682,1
1.56053,36.47839,0
3.31249,36.73679,1
3.18381,36.52022,1
8.16848,35.23117,1
9.26851,34.86751,0
5.3729,34.65677,0
6.05069,36.6124,1
10.45948,35.04069,0
9.09599,35.00198,0
6.50923,36.29177,1
-0.53108,35.72882,1
3.58733,34.98427,0
8.85997,35.0712,0
2.37729,36.4636,1
6.26307,34.7667,0
9.62209,34.15013,0
8.2639,36.36058,1
6.50407,33.04171,0
8.70693,36.87598,0
3.91894,33.62112,0
7.01479,34.70105,0
10.68957,35.46263,1
8.17535,33.92738,1
0.43345,33.24426,0
-0.2137,35.80345,1
3.74853,36.18369,1
9.56519,37.2592,1
1.91594,35.08441,0
4.15916,36.86851,1
3.05262,34.85201,0
5.40349,34.78436,1
-0.27609,35.80564,1
5.25693,34.71563,0
3.95619,36.69233,1
7.84587,35.06218,0
9.61378,37.27743,1
1.74697,34.51049,0
9.78877,36.81306,1
5.11226,34.39034,1
1.15033,35.68705,0
8.77615,34.64204,1
3.74372,36.18412,1
-0.94247,35.56726,1
6.24671,36.74991,1
6.54221,33.57158,0
3.27172,36.62288,1
8.91139,36.59696,1
4.43809,35.87929,1
5.95089,35.62184,1
10.63512,34.73907,1
9.15817,35.92022,0
3.72505,34.31428,0
6.0367,36.24384,0
9.32437,33.15842,0
-1.42908,34.86952,0
10.08126,36.4661,0
6.45553,36.36584,1
3.04825,36.63224,1
-0.76398,35.6147,1
4.44194,35.88263,1
6.9456,36.88155,1
2.61867,36.51438,1
10.82329,36.53064,1
9.6816,33.52986,1
8.22479,35.98722,0
6.27269,36.68075,1
-0.25678,35.77304,1
4.15711,36.62263,1
6.99147,33.0166,0
11.10846,33.47989,1
2.47095,36.49013,1
6.53026,33.81207,0
-0.27513,35.8067,1
9.787,33.25966,0
0.24556,33.55723,0
8.79491,35.27224,0
0.22935,34.18772,0
4.18441,36.6338,1
5.17199,36.42817,1
7.241,34.57212,1
9.77634,37.27153,1
2.0531,34.4383,1
3.21675,33.03736,0
10.61835,36.71911,1
3.22942,33.0164,1
5.10936,34.39155,1
3.38539,36.68784,1
2.66734,35.08754,0
9.68231,33.532,1
6.43535,36.39573,1
4.86977,36.65783,1
7.09374,36.52311,1
5.76744,35.34651,1
10.50775,33.45261,0
2.94334,36.71991,1
5.96303,33.46397,1
3.60802,34.02405,0
8.41971,35.97424,0
9.26165,35.88458,1
9.39628,36.9078,1
1.02836,34.96156,0
5.27398,34.7452,1
8.94854,33.67308,1
7.5583,34.6871,0
7.24957,34.26663,1
6.28938,36.54766,1
6.32489,36.97708,1
9.79203,33.92417,1
7.23871,34.57427,1
6.51398,33.12003,0
5.94525,34.52585,0
6.63371,36.32096,1
-0.05278,33.723,0
6.02967,35.86686,1
6.25776,33.69644,0
0.50241,34.0562,0
-0.66704,35.03614,1
1.88856,34.24278,0
7.24247,34.57192,1
-0.4854,34.78556,0
5.39063,36.00427,0
10.82531,36.53284,1
9.83686,35.03073,0
7.24247,34.56878,1
6.5584,36.04232,1
5.00819,36.7881,1
4.23128,33.23263,0
-0.25323,35.75919,1
6.60039,36.57254,1
4.1623,36.62308,1
3.18751,36.70917,1
1.73281,36.55008,1
7.44416,34.05965,0
10.03238,35.67206,0
2.88155,36.59886,1
5.26629,36.58822,1
5.27621,36.02362,1
9.8056,36.82566,1
-0.20396,35.50445,1
5.20237,35.43045,0
10.94087,35.37612,0
8.54851,33.27402,0
1.79085,34.04834,0
7.30941,34.62613,1
5.98816,36.0955,1
9.35973,34.59247,0
8.09998,36.54105,0
3.3722,33.77996,0
3.97698,33.57676,0
4.24137,35.97628,0
4.53719,33.55002,0
2.11227,36.25484,1
6.47347,36.50846,1
3.56768,33.44223,0
5.8891,35.84543,1
6.45534,35.05968,1
4.3774,35.03827,0
8.54642,33.36292,1
2.96607,35.32923,0
6.81975,36.45337,1
9.51282,37.22858,1
9.08772,35.12286,0
8.0404,35.38777,0
1.19392,36.13834,1
-0.77652,34.27122,0
7.05158,36.53592,0
4.76246,35.71823,1
-0.74757,34.81994,0
9.67628,37.05584,1
2.92563,34.22118,0
7.31006,34.62602,1
9.67702,37.05253,1
7.84308,34.45925,0
9.73274,34.12355,0
10.41811,34.92995,0
7.96203,33.21456,0
1.16772,35.70128,0
3.32905,36.75671,1
2.36281,33.33967,0
10.66909,36.84166,1
10.67078,35.31784,0
-0.9414,34.94708,1
4.47905,35.7066,1
6.82859,36.77584,1
3.3882,36.69094,1
3.44405,36.55865,0
1.05929,33.56323,0
1.55818,34.27085,0
6.1371,35.49632,0
1.81209,33.65314,0
7.44492,36.4073,0
4.7137,35.16886,0
3.25479,36.6321,1
4.14801,36.48429,1
7.30995,34.62704,1
6.57036,33.0663,0
4.16005,36.61996,1
2.25152,35.38388,1
5.53757,35.75074,0
9.19985,34.99983,0
5.40372,35.31813,0
2.98119,33.41534,0
5.40151,34.786,1
2.06771,36.19749,0
1.7675,34.25213,0
4.14787,36.89001,0
5.56491,36.74763,1
10.19501,36.72633,1
3.7839,35.676,0
8.17119,35.29479,0
7.36317,36.843,1
4.60068,36.64987,1
10.51692,36.68749,1
1.67823,35.47419,0
7.20808,35.7756,0
2.882,34.47745,0
5.71769,34.8933,0
-1.30241,34.96914,0
6.25181,35.36722,0
4.59334,36.64766,1
6.94992,36.8633,1
5.89139,36.62701,1
10.98962,33.75647,1
6.29937,34.4865,0
10.00736,34.01818,0
3.91522,36.69894,1
7.43344,36.75616,0
6.35369,36.12764,1
7.63472,34.0149,0
4.14455,36.71239,1
-0.24432,35.80213,1
-1.25146,35.01376,0
5.40483,34.73481,1
3.62239,36.43053,1
10.58315,34.60141,1
1.53496,33.98185,0
3.25186,36.55001,1
0.74487,35.78522,1
6.11912,33.56328,0
9.74045,34.10171,0
3.11955,36.67937,1
7.30627,36.76706,1
7.6198,35.7529,0
2.21013,35.89519,0
7.62818,33.46892,0
5.41807,35.6322,0
3.25712,34.56605,1
5.30885,36.01536,1
4.60764,36.64335,1
8.82632,36.61878,1
5.3002,34.98119,0
4.08155,36.60469,1
4.08936,33.16815,0
4.81501,33.09767,0
3.69257,34.01579,0
2.26663,33.38597,0
6.40742,36.73718,0
10.17584,35.8341,0
7.58121,33.95999,0
0.74145,36.32162,1
4.60423,35.00261,0
1.92315,35.56631,0
10.5474,35.35406,1
5.20456,36.53535,1
10.63377,34.7396,1
1.92583,35.79578,0
8.41272,33.02835,0
2.93251,36.14124,1
8.57611,36.30338,0
4.5449,36.56259,1
5.82781,35.54188,0
7.7875,33.74069,0
3.32435,33.12502,1
5.62358,36.58165,0
4.63238,35.425,0
9.28323,33.36431,0
6.17199,33.86917,0
7.24045,34.57104,1
10.45932,35.97696,0
9.9579,35.63388,1
6.33494,34.90741,0
3.32726,33.06485,1
7.3326,36.64104,1
2.7913,36.28705,1
-1.09328,33.63991,0
4.17858,36.62199,1
5.10364,35.63159,0
5.79417,36.75546,1
-1.12461,34.31762,0
3.06245,36.57798,1
5.0787,36.52343,1
9.01321,36.91583,1
10.8223,36.53502,1
0.78925,35.9303,1
7.13933,34.78027,0
10.07511,36.93084,1
6.04853,36.58998,1
9.8052,36.84838,0
6.25193,36.72839,1
2.09369,36.52507,1
6.44815,35.6796,0
5.17462,36.03603,1
5.42461,36.60367,1
5.98604,33.77226,0
6.47771,36.58746,1
3.74503,36.21812,0
0.47935,34.44022,0
7.7207,35.84905,0
4.49026,35.86809,0
5.64338,36.46576,1
0.84255,34.14484,0
3.42187,36.49968,1
1.9423,36.54192,1
6.42488,33.77197,0
7.71341,33.36146,0
6.95238,36.88267,1
2.29066,34.32539,0
6.41974,36.79742,1
5.24523,36.3436,0
4.37687,36.84357,1
7.12783,36.37542,1
2.71122,36.57147,1
6.4018,36.5197,1
4.23857,34.78918,0
3.46206,36.48532,1
2.53583,34.95834,0
6.20995,34.06302,0
11.37028,33.13334,0
-0.3574,35.82631,1
1.29574,34.26453,0
4.56589,36.53578,1
9.67383,33.38045,0
1.35522,35.33986,1
4.15226,36.62677,1
10.51023,33.54722,0
3.04423,36.70697,1
9.6766,37.31543,1
-0.31597,34.22584,0
5.99216,36.12506,1
9.21883,36.07437,0
0.03459,34.30906,0
10.58804,34.60437,1
5.53074,35.79001,1
6.2895,34.10821,0
5.92788,34.76452,1
4.15661,36.62209,1
4.95804,35.4391,1
3.82654,35.93372,0
5.63584,33.05776,0
5.99092,35.02061,0
10.13714,36.46439,0
2.02241,34.22192,1
8.82207,36.61814,1
3.25353,36.6328,1
4.40641,36.66276,1
4.13361,36.61782,1
6.83511,33.39867,1
3.95577,36.77264,1
8.27792,36.37984,1
8.4401,36.75772,0
-0.82356,34.9109,0
2.25752,35.41907,1
7.89029,34.5046,0
8.44447,36.88497,0
10.55161,35.68078,0
10.05993,36.8096,1
5.9484,36.59603,1
10.0219,35.42989,1
7.67984,36.79305,1
3.2548,36.54366,1
9.89072,35.21225,0
9.96316,34.42362,0
0.08491,35.64884,0
5.11195,35.79101,0
9.67329,37.31914,1
-0.88269,33.70891,0
9.40752,36.27049,0
5.99658,35.41381,0
7.73015,36.3072,1
8.25636,33.10713,0
7.38161,35.00079,0
3.4053,35.08954,0
7.72244,34.42036,0
2.92575,35.46942,0
3.81215,35.96942,0
9.27839,33.84826,0
8.88916,36.715,0
8.83003,34.39149,1
-0.51414,34.61322,0
6.35611,34.64552,0
7.94322,33.32411,0
7.38193,36.54974,1
7.73276,36.30403,1
-0.26996,35.77235,1
2.91071,36.56339,1
8.03187,36.62694,0
6.12773,36.64264,1
6.96935,36.868,1
5.47724,36.33712,1
1.09067,33.8429,0
3.05886,36.54212,1
0.06453,34.7151,0
8.13762,36.5769,1
10.3332,35.51821,0
8.40452,33.8405,0
-0.05251,33.68544,0
3.31522,36.73506,1
2.75749,36.67061,1
10.71102,34.81592,1
6.00253,36.48969,1
-0.5594,33.73066,0
1.04081,33.27655,0
6.23223,35.53517,1
-0.96853,33.89017,0
-0.41135,35.73513,1
3.22631,33.01859,1
6.56199,37.0166,1
9.98897,33.87632,1
1.99246,35.91344,0
5.88399,34.4395,1
0.7626,33.78086,0
7.62434,36.48231,0
3.32826,36.75784,1
7.42772,33.45426,0
8.52843,34.93783,1
9.27901,36.81894,1
5.84769,34.96017,0
7.9498,33.24963,0
7.58454,33.13832,0
6.09136,36.63237,1
6.377,36.72776,1
6.30504,35.70168,0
5.65949,36.76751,1
5.39334,33.02701,0
2.03402,34.60546,0
-0.26247,35.6243,1
8.7263,34.43158,1
-1.42253,35.06976,1
1.31698,35.71059,0
9.32123,35.953,0
9.81766,36.75975,1
3.99821,36.44531,1
9.68332,33.52986,1
9.46948,33.51026,0
3.99224,35.99387,0
4.60144,36.64629,1
-1.34722,34.18465,0
10.19994,36.78063,1
9.66527,34.70055,0
7.25639,34.33337,0
4.07722,36.32055,1
2.54981,33.26245,0
3.45791,36.4842,1
3.5468,34.35485,0
3.03657,36.28535,1
3.95989,33.50953,0
5.14684,34.3632,0
10.55455,36.57825,1
2.46901,36.49303,1
5.26779,36.33783,1
6.08826,36.63704,1
2.65728,36.53268,1
2.7755,34.32963,0
8.5309,34.93727,1
4.13034,36.62287,1
3.75375,36.09572,0
10.5835,34.59719,1
-0.03596,34.04036,0
7.24035,34.5722,1
4.50854,35.75366,1
7.92389,36.79803,0
4.58063,36.6487,1
4.08093,35.46652,0
7.89738,35.64162,1
9.66363,34.6877,0
7.3095,36.22455,0
11.10786,33.47848,1
4.16671,36.62729,1
-0.28654,35.17631,0
6.09372,36.60629,1
3.61612,35.58903,0
2.57595,35.17979,0
2.50008,33.95804,0
9.7762,36.87666,0
4.34958,34.84718,0
10.47221,35.96389,0
10.12032,35.75025,1
7.44433,36.30998,0
10.91046,36.75103,1
2.42458,36.22272,0
1.74796,33.6051,0
10.15692,36.55285,0
9.81775,36.04493,0
1.90957,35.87613,0
6.94104,34.56748,1
4.19494,34.49225,0
10.15861,36.67339,1
7.21694,35.55935,0
-1.64428,34.86662,0
10.69036,34.88039,1
4.61098,34.27605,0
6.48131,36.6314,0
7.24132,34.57076,1
2.05275,34.514,0
-0.45678,35.59367,1
6.25042,36.7286,1
3.01376,36.52438,1
10.57882,35.09479,0
4.54952,34.93198,0
-0.5012,34.34971,0
4.75331,36.16654,0
5.27466,34.75051,1
2.58854,36.20491,0
6.27928,34.93108,0
5.10825,34.38792,1
7.43859,33.57934,0
5.98204,36.81536,1
3.32932,36.75874,1
5.70494,36.41942,1
7.30624,34.62689,1
2.54539,34.58617,0
8.2134,36.66752,1
0.72765,33.88797,0
1.28873,36.39092,0
6.91005,36.77867,1
6.72594,36.7411,0
10.19444,36.00372,0
7.00663,35.86576,0
5.50147,34.7569,1
7.137,33.22774,0
6.47547,33.5735,0
7.01748,33.48207,1
-0.77677,34.41082,0
10.87355,33.75274,0
0.49537,34.3259,0
10.19478,36.72689,1
-0.50872,34.42737,0
3.73184,36.56766,1
6.00725,36.11528,1
7.67437,33.03196,0
-1.71831,34.40404,0
7.12505,36.08308,0
5.40923,33.85738,0
3.13732,36.60074,1
2.77232,36.48654,1
10.83193,33.48905,0
6.17294,35.98675,0
6.37805,36.15214,1
2.97966,33.82478,0
9.69364,36.74506,1
2.3697,35.74409,0
3.68012,36.8196,1
10.36444,34.44252,0
7.26363,36.00751,0
9.26513,35.35032,0
8.44077,35.17909,0
8.59327,35.85038,1
-0.28101,35.52908,1
2.27214,35.52657,0
5.51822,36.21532,1
4.60051,33.52853,0
3.32498,33.18111,1
6.24514,36.75007,1
-0.99675,34.60557,0
-0.99391,33.41874,0
10.9678,33.08594,0
6.64584,34.74716,0
5.79887,35.05578,1
3.32844,36.76022,1
9.33409,36.64497,0
3.16145,35.74297,0
3.09681,34.73457,0
10.8921,36.85205,0
1.67352,35.21886,0
10.65634,35.0731,0
-1.54577,34.7301,1
6.95095,36.87393,1
4.41492,34.28427,0
11.08694,36.88496,0
4.91184,34.04998,0
10.07667,37.13901,1
10.2402,36.75821,0
9.06317,34.75762,0
2.9476,35.54236,0
5.12766,36.53889,1
9.03783,34.12439,0
4.66585,33.84975,0
4.88327,34.5614,0
3.56016,36.09189,0
2.58805,34.4693,0
7.24293,34.5713,1
-0.26833,35.76367,1
7.95789,35.43519,0
5.48162,36.33083,1
6.61973,36.43576,1
0.89062,34.15668,0
10.43858,35.66841,0
10.10192,36.26517,0
7.13165,36.37347,1
9.55647,37.09486,1
6.218,35.67912,1
10.20635,33.3365,0
5.27803,34.55205,1
8.02497,34.35192,0
10.86989,35.30537,0
7.65267,36.76869,1
7.2866,36.88903,1
8.73467,36.57606,1
-0.82728,34.91687,0
4.54905,36.73322,1
1.35625,35.33767,1
3.16374,36.66903,1
-0.51056,33.59525,0
5.70537,35.12279,0
8.57735,33.43827,0
-1.2942,34.00802,0
9.46708,34.19354,0
3.91038,36.34425,1
5.10813,34.38993,1
4.1675,36.63056,1
2.92544,36.65136,1
1.19397,36.13676,1
4.88941,35.33645,0
0.41047,36.17744,1
6.63475,35.48531,1
4.87248,33.50939,0
5.78235,36.17888,1
8.6533,35.98349,0
9.76576,33.99366,0
3.07912,36.75291,1
7.43664,36.84708,1
4.22352,35.53737,1
-0.66712,35.04086,1
3.80482,33.02745,0
6.39128,36.10106,1
8.5093,35.26663,1
6.87744,35.04674,0
9.17376,35.99094,0
3.99288,36.70546,1
10.67667,33.5574,0
10.1047,36.72918,1
10.64255,36.64596,1
0.52665,33.57657,0
5.95582,35.62622,1
3.46078,36.65466,1
6.22294,35.2601,0
5.73341,35.87447,0
1.03715,34.53187,0
5.42323,34.13635,0
3.72547,34.25322,0
10.87948,36.70428,0
9.29938,36.86958,1
11.01088,35.49272,1
2.83047,36.49393,1
0.4569,35.7998,1
10.79811,36.5225,1
9.22424,34.72711,0
2.2894,35.39061,1
8.27213,36.3796,1
2.35521,35.22077,0
4.16608,33.35273,0
0.06162,33.7581,0
2.69232,34.71342,0
9.18449,36.81498,1
4.07046,36.86985,0
1.3402,34.53845,0
3.18269,36.67037,0
9.5931,37.01593,1
1.3834,35.25747,0
5.89184,35.58544,0
5.74371,33.08361,0
9.68211,33.53313,1
3.13897,36.55046,1
4.76316,35.71424,1
10.74759,35.137,1
1.05206,35.78251,0
3.26812,36.63007,1
0.80693,33.831,0
5.89243,34.43966,1
6.85593,33.39993,0
-0.25155,35.81344,1
4.56706,36.71379,1
-0.70434,35.522,1
3.82317,36.10538,0
6.41828,36.71908,1
6.84158,33.34656,1
10.02342,36.50377,1
0.25762,33.85955,0
4.75884,36.05834,1
9.49753,35.28911,0
4.49894,36.87672,1
3.93093,36.7604,0
7.30713,36.28407,0
10.2231,36.01048,1
5.83445,34.6614,1
2.83143,35.05776,0
6.87591,36.70863,0
9.33119,34.00993,0
6.84932,36.65797,1
9.91407,33.08641,0
-0.03616,34.53067,0
1.05651,33.18879,0
3.65851,34.50859,0
7.41846,36.90378,1
4.39313,34.55279,0
7.45918,35.23771,0
4.7939,33.29232,0
6.55323,35.39903,0
11.10878,33.48401,1
-1.10037,33.2835,0
6.7057,34.18902,0
9.43227,36.85765,1
10.13296,36.15396,0
5.89681,34.7103,1
-0.34966,35.80913,1
8.79519,33.80413,1
8.35752,34.29573,1
7.55442,35.35954,0
0.98292,34.91165,0
8.59934,35.84424,0
2.39827,36.52633,1
5.11222,34.56602,0
2.35973,35.0842,0
9.8536,33.85726,0
-0.0695,33.93576,0
10.86159,36.85199,0
8.14176,36.58097,1
-1.22162,35.45744,1
5.08444,35.41728,0
6.12336,36.60723,1
10.58774,34.5992,1
8.5312,34.93937,1
8.76593,36.91646,0
9.81961,33.57091,0
3.56321,33.9203,0
10.95971,36.78313,0
9.43361,36.91901,1
3.21324,35.86863,0
-1.01951,35.34276,0
2.91024,33.70524,1
10.2024,36.67238,1
-0.26049,35.56989,0
6.59891,36.65083,0
9.23435,33.30436,1
10.02982,36.5023,1
2.18577,36.39491,0
3.55674,34.14026,0
-0.59442,35.51153,1
10.51398,36.62902,1
5.90639,33.88611,0
9.90355,36.17002,0
5.63467,36.19465,1
4.03662,34.36874,0
7.45755,36.91965,1
11.1083,33.48096,1
4.46653,36.86497,1
6.45654,36.36346,1
7.30108,36.12969,0
-1.06326,33.38887,0
9.82434,36.11203,0
8.34052,33.37142,0
6.51084,36.72512,1
2.25816,36.13135,0
9.69246,36.50368,0
2.06398,34.50025,0
4.11995,36.62127,1
4.30696,35.71302,0
2.40236,33.14742,1
3.95744,36.77853,1
8.33473,35.73442,1
5.19194,36.163,0
-1.59198,34.92482,1
7.28993,36.89252,1
0.58816,33.51142,0
9.29567,37.05705,0
9.13505,36.60856,1
0.7817,35.21804,0
3.04135,33.80842,0
0.745,35.79099,1
-0.1909,33.5727,1
6.07247,35.8746,0
5.71195,34.98633,1
6.41232,36.7999,1
5.12783,36.54249,1
9.62491,37.21214,1
9.39689,36.29445,0
9.84101,36.80971,1
3.14271,34.14239,0
4.32661,36.44144,0
6.19611,33.97927,0
10.10753,36.72887,1
6.29246,36.70115,1
8.53209,34.93867,1
3.32854,33.12932,1
-0.26775,35.76321,1
10.02487,33.43484,0
9.82006,35.7215,1
-0.39334,35.65312,0
0.81433,35.13954,0
6.1135,34.09108,0
7.4542,36.78703,0
8.70529,35.11883,0
4.18153,36.63559,1
6.77061,36.72536,1
7.66486,36.75684,1
2.81125,35.26173,0
8.12918,36.58208,1
-0.20642,33.09658,1
6.37884,36.11398,1
7.23847,34.56985,1
-1.07389,33.54702,0
9.68537,33.52882,1
3.46128,36.48056,1
8.09775,36.41775,0
3.60603,34.4178,0
2.78486,34.99936,0
8.16812,35.23426,1
10.08698,35.65684,1
5.54301,33.09262,0
3.70755,34.78039,0
5.85343,36.56877,1
7.07212,34.84972,0
4.05463,36.6403,1
6.76136,36.12369,0
2.50858,33.91511,0
10.92552,36.81491,0
3.90402,36.34238,1
2.30746,35.83057,0
4.45683,36.68664,1
-0.6423,34.32851,0
10.64264,35.55873,0
7.52116,35.33752,0
3.16457,36.54248,1
9.75434,35.5605,1
9.21909,36.83299,0
9.38001,34.12982,0
8.40065,36.19866,0
-0.24088,35.80471,1
6.76943,36.55998,1
4.41666,36.65719,1
7.24055,34.57069,1
11.10787,33.48177,1
7.24098,34.56884,1
10.83582,34.88726,0
0.32922,34.79844,1
8.99236,35.90998,1
-1.48228,33.35627,0
9.15792,36.91739,1
0.81712,34.40685,0
2.22108,33.71665,0
3.37093,33.03992,1
5.78375,36.17219,1
7.28453,36.25943,1
10.08213,33.92856,1
9.24381,37.02277,1
9.7659,33.03239,0
4.58995,36.54113,1
0.45977,33.23392,0
9.80763,36.82073,1
3.63013,36.1508,1
10.87269,35.66233,1
10.78194,34.75991,1
4.53138,34.61074,0
0.79472,33.34091,0
3.50317,34.87307,1
9.58254,36.18692,0
4.58488,36.65609,1
9.92444,34.88485,1
6.22717,33.22065,0
5.84418,34.67263,1
5.58089,36.70484,0
8.7023,34.93233,0
1.68918,33.58576,0
7.39004,35.10451,0
10.92389,36.91241,1
6.02538,33.52113,1
8.57728,36.32061,0
6.93841,34.58774,1
2.74962,36.4735,1
9.58527,35.52578,0
1.42753,36.53886,0
7.64861,36.76314,1
4.41589,36.66056,1
6.02843,34.57175,0
5.97522,35.96517,0
7.24102,36.03388,1
-0.30154,35.82753,1
9.68205,33.52946,1
2.55491,33.07046,0
4.16023,36.62909,1
7.43522,33.38033,0
10.60045,34.77076,1
5.7924,33.17003,0
4.89763,36.30903,0
10.00623,36.8666,1
8.80522,36.20024,0
6.02508,36.18108,1
6.02444,36.84267,0
0.08664,33.61063,0
0.33811,35.10338,0
3.02692,35.36403,1
4.14142,36.62582,1
4.04585,33.05786,0
7.71021,33.34928,0
10.28045,34.43452,0
2.23451,35.57373,0
4.39167,36.66772,1
4.835,34.25057,0
-0.19149,34.60493,0
6.58771,33.03814,0
4.28453,34.63197,0
-1.46838,33.35462,0
8.52834,34.93818,1
3.44951,34.69081,0
7.12055,36.49151,1
-0.43203,33.2144,0
5.83484,34.64427,1
7.67028,36.75709,1
4.57631,36.53067,1
3.81348,36.54803,1
6.03916,36.84246,1
4.883,35.58946,0
0.39586,36.05449,0
5.91613,36.61886,1
10.24256,35.8917,1
1.9903,35.21165,0
-0.99991,34.37022,0
2.25977,35.49212,0
0.97986,34.91661,0
8.95334,34.31991,1
5.55477,36.43822,1
9.71246,36.53374,0
1.34538,33.02178,0
1.53584,33.99551,0
4.51445,33.80813,0
6.1223,36.60356,1
5.11215,35.61843,1
9.4118,36.6893,1
2.75041,36.47446,1
8.92793,35.27839,0
6.37619,36.73105,1
8.00933,36.374,1
4.54395,36.56594,1
5.11962,34.8194,0
10.02912,36.50189,1
9.79155,33.23216,0
5.24491,36.52194,1
5.93518,34.83911,0
3.86107,36.6685,1
3.5849,36.55678,1
4.12263,36.61506,1
5.48876,36.23031,1
6.62585,36.2546,1
8.79261,34.01433,0
3.25609,36.54169,1
10.7757,35.10848,0
7.45724,36.47043,1
5.63865,36.19548,1
8.62659,36.33694,0
7.62761,36.72478,1
4.17329,36.63644,1
-0.87022,33.52595,0
4.47877,36.19395,1
6.08689,36.63193,1
8.39109,33.06203,0
2.36863,36.46138,1
-0.25604,35.74915,1
8.63218,34.2252,0
10.11366,36.7391,1
8.72359,34.62988,1
7.16985,36.31498,1
0.2396,36.0929,1
7.23966,34.57045,1
5.04961,36.50935,1
-1.17417,33.22402,0
-0.16565,33.09446,0
2.63463,36.56557,1
8.52841,34.93875,1
3.31339,36.73434,1
6.02894,35.86682,1
2.79277,33.46784,0
9.75446,37.04385,1
8.28384,35.7851,0
0.20018,34.61838,0
0.5443,34.62218,0
-0.65065,33.05912,0
8.75783,34.13822,0
2.86404,36.60152,1
0.92449,34.71327,0
3.0328,34.76299,0
7.76722,36.79186,1
2.47058,36.4922,1
4.26372,36.65855,1
10.97905,36.88544,0
-0.70739,33.06992,0
10.19779,36.77725,1
7.97957,34.33759,0
0.29503,35.28073,1
0.17853,33.89832,0
1.30649,33.93104,0
10.01817,33.38442,0
2.46768,36.49445,1
-0.51513,33.52214,0
1.98651,35.32285,0
7.72672,34.22766,1
4.44153,35.88351,1
2.11555,36.29953,0
9.59588,36.88864,1
5.68528,33.85115,0
0.92268,35.97082,1
-0.25263,35.74805,1
8.68778,35.68335,0
9.42938,35.97995,0
8.18226,36.46133,1
3.83324,34.84685,0
3.58685,33.61674,0
4.19651,36.63824,1
0.18465,35.1019,0
1.85163,33.19926,0
5.34485,36.41289,0
2.45468,34.9538,0
6.92691,34.6484,1
6.43933,35.26227,0
5.39472,35.41395,1
9.00163,33.78039,0
4.17832,36.63903,1
7.97225,35.97263,0
0.86253,33.18567,0
7.6691,36.75417,1
8.95565,36.49796,1
4.55619,36.70771,1
7.38406,35.66401,0
8.52995,33.86669,0
3.40858,36.29513,0
6.02647,35.87106,1
7.30873,34.62651,1
6.7655,36.55696,1
3.31137,36.22556,0
4.00442,33.40909,0
5.48821,33.10983,0
1.21172,34.59133,0
2.18756,35.26629,1
7.68134,36.28873,1
6.76122,34.76508,0
7.05737,36.35963,1
7.67061,36.78016,1
3.22429,34.49881,0
5.98071,33.97805,1
2.69035,36.27377,1
7.75421,35.77075,0
8.52559,34.9168,0
5.48169,36.52311,1
9.58312,36.97845,1
10.87209,35.31284,0
9.83002,36.82824,1
3.85109,36.90961,1
5.56333,34.01911,0
6.46804,34.68348,1
7.70096,36.78764,1
5.01394,33.06458,0
7.45458,36.88,1
6.48981,36.93413,1
-0.26475,35.76419,1
4.87667,34.90135,0
7.10308,33.49579,0
2.76867,36.60452,1
6.81342,35.56632,0
5.43075,36.17319,1
5.05845,33.32417,0
6.02443,33.12874,0
-0.26848,35.80867,1
5.28035,33.32407,0
9.7383,37.05811,0
0.76473,33.00466,0
5.71109,34.98578,1
4.79219,33.12179,0
1.19544,36.13836,1
4.77042,35.61816,0
5.4087,34.79098,1
5.56963,35.70209,0
0.60584,34.98469,0
1.55793,33.56081,0
3.33695,34.39677,0
6.57161,36.01392,1
5.68497,34.6974,1
5.64754,36.41153,1
-0.33115,35.82343,1
5.80639,35.06609,1
2.32467,34.60532,0
5.77383,36.46015,1
7.40311,34.17121,0
2.91637,33.70459,1
5.41004,35.87194,0
4.86112,36.09248,1
2.93236,36.13986,1
4.58423,36.65247,1
2.05352,34.43908,1
9.95919,35.63408,1
9.71461,33.8666,0
2.76295,36.60482,1
3.06775,36.52211,1
-1.534,34.92911,1
2.07373,35.6665,0
7.71151,36.80154,1
2.62715,35.34691,0
5.77309,36.24802,1
9.7379,37.00082,1
10.04066,33.10363,0
7.29949,36.76531,1
4.75892,36.63964,1
3.22761,33.01892,1
-0.1714,35.62187,1
8.52744,34.93807,1
0.47504,33.33663,0
5.99825,33.94446,1
5.93943,35.29199,0
9.41606,36.94249,1
2.46763,36.4938,1
9.55175,35.20159,0
-0.7316,34.43621,1
-0.30421,34.60074,0
9.82563,36.81855,1
3.76704,36.83253,1
3.85652,35.53793,0
8.84121,34.53036,1
7.309,34.62725,1
6.41459,36.79747,1
8.89379,35.7775,0
5.91963,33.59661,1
5.27688,34.74892,1
3.64805,34.1516,0
0.33392,33.62301,0
4.54365,36.73257,1
10.94691,33.82879,0
2.67107,36.40094,1
6.46931,35.06278,1
10.08706,35.59475,0
10.29288,36.81506,0
-1.5433,34.60392,0
3.40371,36.51648,0
4.10819,36.73301,1
5.13353,36.61989,1
1.59066,33.51635,0
10.95321,33.10838,0
6.17698,35.37664,0
-0.59965,34.13269,0
5.80111,34.8575,1
6.92038,36.83726,1
3.27134,34.57855,0
4.24206,33.23516,0
6.18191,35.2982,0
3.06541,36.52309,1
7.65409,36.76455,1
6.25379,36.7328,1
4.89354,36.31392,0
-0.52246,33.93395,0
4.83318,36.53165,1
10.58601,34.60368,1
5.88723,35.85039,1
9.45318,37.04248,1
8.72831,34.97624,0
2.52618,36.4112,0
6.01876,33.54747,1
-0.90644,35.5883,0
0.01001,34.2973,0
8.08431,33.20338,0
3.30841,36.69617,1
3.16879,36.54305,1
5.40231,35.35512,1
-1.30214,33.83702,0
3.36754,35.27112,0
1.98321,36.38332,0
8.21033,36.66772,1
0.96398,36.26984,0
5.75464,35.52413,0
5.2765,34.74805,1
6.42635,36.53065,1
6.42075,36.53494,1
3.71586,35.35775,0
5.20248,36.53592,1
7.30186,36.76529,1
10.31229,36.58979,1
3.52088,35.08299,0
-0.66515,35.07818,1
5.307,35.47798,0
9.04567,33.66863,0
5.66135,35.62374,0
5.0654,33.75471,0
8.30826,36.33624,0
-0.16761,35.47484,0
4.39531,36.67168,1
0.15132,35.50268,0
6.59467,33.456,0
10.60218,33.36133,0
5.35998,33.77024,0
1.37046,36.51774,0
10.27989,36.15866,1
9.68068,33.53316,1
9.68034,33.53175,1
7.07924,34.56222,0
3.95947,36.77359,1
7.22068,33.6188,0
9.87508,37.05024,1
6.21445,35.67623,1
8.84181,33.60587,0
4.04768,33.36172,0
2.06126,34.43891,1
-1.39957,34.28984,0
-1.34519,33.25413,0
5.08418,36.52635,1
0.15953,33.42659,0
0.65613,34.90828,0
8.71282,35.92993,0
10.83768,34.79867,1
9.42078,37.04874,1
3.10456,36.19918,0
0.54582,35.04155,0
5.00476,36.78865,1
-0.89872,34.86406,1
10.02766,36.49913,1
-1.37646,35.27993,1
-0.57642,35.63668,1
7.01433,34.56796,0
4.83046,34.40248,0
6.79744,35.23923,1
7.31963,35.77818,1
8.56213,36.42723,0
2.92433,36.14055,1
6.68401,36.13796,0
8.29191,33.64407,0
-0.25653,35.77266,1
8.60135,36.56357,1
6.21898,35.67717,1
5.84001,34.67326,1
3.86368,35.6678,1
0.57579,35.36856,0
3.06625,36.52419,1
4.25568,35.79928,0
-0.02657,34.81107,0
5.63547,36.19258,1
5.07765,36.74498,1
5.47794,34.65225,1
-0.1913,35.79819,1
1.1932,36.13927,1
4.18018,36.61735,1
8.65585,34.29397,0
7.02191,33.48129,1
7.70763,36.63321,0
3.8491,33.32703,0
8.35371,35.47686,1
4.96905,36.64284,1
5.34542,34.3036,0
7.82135,34.60354,0
1.28852,34.8735,0
9.12638,35.37569,0
5.95798,36.72031,1
0.06138,33.81623,0
6.42419,36.71955,1
2.12357,34.75479,0
3.94985,36.27663,1
2.14861,34.49807,1
7.28471,36.88811,1
4.19073,36.87349,1
-0.00752,35.77357,1
-0.97523,34.01048,0
7.23992,34.57104,1
6.74564,36.37672,1
6.48501,33.26174,0
2.34454,36.42279,0
0.9764,34.61005,0
-0.67633,33.60333,0
9.99651,36.66453,1
0.9276,34.56804,0
9.37183,35.41532,0
2.06851,34.75232,0
7.22756,34.47049,1
3.76807,33.76623,0
10.58401,34.59746,1
8.44626,36.7036,0
4.34038,36.67392,0
6.50927,33.81437,0
3.30717,33.13197,1
10.98374,35.60816,1
2.2913,33.59966,0
6.70033,36.57469,1
3.31326,36.40651,1
9.98857,33.87468,1
7.23861,34.57238,1
0.91104,35.70884,0
3.45383,36.4831,1
7.57906,36.01921,0
3.39225,33.26348,0
2.3365,35.10946,0
5.06717,35.95486,0
6.02204,35.87093,1
11.00828,36.78728,0
6.69089,36.40405,1
5.07012,35.9787,1
5.66672,34.90897,1
5.08522,36.41975,0
9.15142,36.73704,1
4.7436,33.56622,0
-1.39888,35.06723,0
5.25588,36.42573,1
9.15724,36.92332,1
5.29484,35.82575,1
8.38027,36.6099,0
7.70588,36.78705,1
9.36732,35.87141,0
6.91742,35.10543,1
0.78202,33.20605,0
5.80489,36.21099,0
5.78603,36.26019,1
4.40927,36.67008,1
6.36917,33.4954,0
4.61551,36.6553,1
6.20815,36.35615,1
5.57699,33.45629,0
7.45824,34.1242,0
9.33963,33.71375,0
4.55635,36.71181,1
9.4406,37.10698,0
4.40415,36.67286,1
9.87533,36.82375,1
1.18933,36.13702,1
5.05065,36.51262,1
3.90956,34.64068,0
4.12791,36.61306,1
5.70647,34.98576,1
9.6929,34.42349,0
5.92031,34.79528,0
10.27993,36.15968,1
3.71926,36.56272,1
5.91525,36.61931,1
8.4915,36.80608,0
2.71434,33.09875,0
8.09253,36.00431,0
2.47313,36.49316,1
3.32534,36.73701,1
5.95019,35.6256,1
10.01533,35.46555,1
8.54254,33.36883,1
-0.26796,35.8051,1
1.35524,35.34032,1
-0.27355,35.80532,1
8.77728,33.20419,0
9.40939,36.68744,1
4.44091,36.63603,1
2.68165,36.61966,1
7.66877,36.76014,1
9.81457,34.54046,0
10.09572,35.48545,1
9.01238,36.91912,1
2.85439,36.31324,1
9.80232,33.03449,0
3.8415,36.3949,1
8.5725,33.78431,0
3.96281,35.03069,0
4.17754,36.63576,1
-1.49376,34.41709,0
6.21469,35.67693,1
8.37307,35.4633,0
3.32961,36.75654,1
-0.259,35.77809,1
0.03517,33.34786,0
5.11871,36.54366,1
3.98012,36.73127,1
2.1038,33.82172,0
5.52781,34.28999,0
4.26458,36.3988,0
3.32256,36.73904,1
3.43429,34.63421,0
2.80776,34.67579,0
3.76433,36.87917,1
4.26068,36.69838,1
-1.06369,34.3982,0
9.24162,37.13794,1
-0.17907,35.7989,1
6.47926,36.95515,1
0.0176,33.3904,0
5.91799,33.96935,1
2.46838,36.44557,1
4.61202,36.64414,0
7.73245,36.91378,1
9.25872,36.19225,0
4.12678,36.87574,1
7.24089,35.51811,0
10.52902,35.31995,1
5.22686,34.61059,0
-0.87659,34.50992,0
10.40097,36.02067,0
4.12269,33.84077,0
1.2561,34.09706,0
7.24025,34.57127,1
-0.26988,35.76855,1
3.35186,36.48188,1
-0.46748,34.53123,0
0.7715,35.81147,1
6.76399,34.35582,0
6.76625,35.64258,0
5.89302,34.43914,1
3.84283,33.23523,0
10.41288,36.47689,0
1.09933,36.3768,1
7.19915,37.08179,0
-0.36283,34.86808,0
6.71923,36.54532,1
6.20847,34.13363,0
8.89353,33.33061,0
3.79406,36.78734,1
9.18533,35.82341,0
9.06904,36.79159,0
10.02436,36.50443,1
3.18641,36.71041,1
8.52683,34.93716,1
-0.0054,34.19656,1
-1.34085,35.31128,1
9.13737,35.85088,0
8.27151,36.37339,1
2.51897,34.17462,0
7.35561,33.85434,0
9.27239,36.9834,1
5.98221,33.98111,1
2.65906,36.3449,0
10.43672,36.57789,0
4.74489,36.64977,1
3.75601,36.82073,0
1.42169,34.73378,0
9.80385,36.81549,1
6.45158,34.18137,0
10.5856,34.59834,1
9.68018,33.53461,1
6.12181,36.55659,1
3.46755,36.42399,1
-0.2819,34.12455,0
4.5794,36.65306,1
-0.18861,34.04241,0
9.74388,37.00034,1
-0.36605,35.82795,1
7.23795,34.57121,1
2.85086,33.23783,0
5.12028,34.26317,0
9.73811,35.65563,0
2.42965,36.25055,0
3.84732,36.38886,1
3.13819,36.60108,1
9.72397,36.77422,1
8.95237,35.77781,0
4.08001,36.31971,1
6.84466,33.79987,0
-1.88917,34.87409,0
-0.34554,33.47329,1
6.81776,33.98413,0
8.84601,33.26301,0
3.13935,36.22442,0
2.67766,36.48486,1
9.65158,33.74844,0
6.33562,35.75657,0
2.39799,36.25256,0
4.48763,36.85779,1
9.59607,36.97465,0
5.52411,34.01364,0
3.46204,33.45606,0
-0.23575,35.18997,0
3.74875,35.36651,0
1.40453,36.49915,1
-1.95307,35.01283,1
3.94783,34.3587,0
8.61832,34.462,0
8.16949,33.03136,0
6.51165,36.29211,1
8.17279,35.23016,1
7.26433,33.07456,0
4.15498,36.62411,1
2.40751,33.07083,0
7.75259,34.62842,0
6.088,35.31212,0
0.33116,34.80014,1
9.13025,36.88071,1
0.73534,33.39156,0
8.63011,36.64233,1
9.91931,35.63978,0
7.23934,34.56981,1
2.9086,33.5258,0
9.65986,36.21337,0
5.123,36.53587,1
6.259,36.74913,1
-1.44599,34.86919,0
-0.27297,33.83381,0
-1.60405,34.5936,0
5.75248,34.10278,0
5.37708,36.57686,0
6.75139,36.62206,0
7.39074,36.35527,1
5.26807,36.5534,1
6.11615,36.60305,1
-0.49203,34.20957,0
-1.39203,33.27101,0
-0.28196,35.81284,1
5.83745,34.65937,1
6.25301,36.75202,1
6.25854,36.75212,1
6.82937,35.87818,0
5.75222,34.47725,0
5.30182,36.00044,1
5.43777,36.17337,1
7.90568,36.80803,1
-0.68632,34.43274,0
2.36203,36.00974,0
8.51089,35.27094,1
6.14267,33.72249,0
10.73166,33.68013,0
4.157,36.63174,1
5.19899,35.84293,0
10.13852,36.85404,1
5.33268,36.64083,1
8.27184,36.37888,1
6.00157,36.72394,1
0.03629,35.03019,0
6.46533,35.05682,1
5.85371,35.05901,0
6.80837,36.50617,0
9.63983,37.23438,0
4.78012,36.27365,0
9.75805,37.10129,1
4.75419,34.26595,0
4.17676,36.63248,1
4.16864,33.82508,0
9.00972,35.5407,0
8.60247,36.54104,0
5.70575,34.70736,0
-0.60705,34.63529,0
9.29289,36.7747,1
9.57298,35.63797,1
0.35076,34.92439,0
-0.3504,35.80977,1
9.60417,37.03865,1
0.29065,36.11929,1
6.55533,35.94255,1
4.21543,33.07474,0
7.99556,35.49985,0
6.69394,34.31284,0
1.23523,36.13346,1
7.45191,34.6689,0
3.70333,33.66513,0
6.25408,36.73228,1
7.86942,34.82198,0
7.29132,36.10379,0
4.50706,36.83259,1
6.8209,36.44991,1
2.04362,34.93416,0
-0.28101,35.52789,1
6.64426,36.8214,1
-1.28658,33.9374,0
3.75139,35.73277,0
10.30264,35.51598,1
9.68077,33.52943,1
2.83915,36.7106,1
6.28508,36.8308,1
6.30645,36.33175,1
10.22215,36.77864,1
4.56066,36.72142,1
6.51048,36.56692,0
4.16469,36.62817,1
5.88874,34.4386,1
9.48761,35.53805,0
9.89257,35.77768,1
10.45239,36.37235,0
8.7994,34.37893,1
10.76412,34.85698,1
9.11007,36.85292,1
9.10714,34.34573,0
10.37461,34.71498,1
9.405,34.49603,0
2.31441,35.34794,0
5.89212,34.13379,1
11.10386,35.20504,1
10.14814,35.77956,1
9.11052,36.09241,0
4.16482,36.63779,1
5.39758,34.38496,0
10.432,33.49237,0
6.17771,35.00541,0
8.60767,36.66612,0
7.09167,36.52364,1
5.47864,33.58601,0
6.09808,36.69576,0
-0.71227,35.5196,1
7.02368,33.90025,0
10.68727,34.92207,1
8.19741,33.94858,0
5.85368,33.32782,0
3.9748,35.73476,0
9.10195,36.02572,0
5.16631,33.16004,0
4.63866,36.42899,1
2.09437,36.29023,1
10.33532,36.86326,0
7.16605,36.31474,1
1.35598,35.33957,1
2.38351,33.20959,0
3.69439,35.87085,0
6.88221,34.89174,0
10.50244,35.28649,1
-0.26293,35.80445,1
6.58346,36.04084,1
7.28792,35.10594,0
8.06045,36.28894,1
-0.21639,35.50798,1
6.60509,33.04811,0
2.59519,34.85434,0
6.46534,35.06173,1
3.59448,35.55216,0
1.42823,34.64196,0
8.71866,34.62055,1
4.93839,34.14058,0
6.17401,36.14149,1
1.14176,35.76336,0
7.25201,33.89077,0
0.58131,33.20609,0
1.66991,33.83728,0
4.55258,36.10341,0
2.34712,33.88125,0
5.63486,36.19292,1
9.5755,35.03011,1
6.24982,35.75902,0
6.04452,34.53866,0
3.77812,36.66463,1
10.69962,36.56779,1
9.32949,36.24183,0
9.69248,34.32409,0
1.95518,36.55723,1
8.69798,34.46785,0
1.92262,34.94489,0
0.78625,35.92809,1
5.08931,36.531,1
5.59957,34.01416,0
9.53842,33.45592,0
10.8175,35.28392,0
-0.97448,34.55935,0
-0.71355,35.23847,0
7.23227,35.80405,1
8.7388,34.12473,0
-0.88762,35.01722,1
9.88712,33.23843,0
5.92286,33.03543,0
7.70426,35.547,0
8.74504,36.2883,1
6.57784,36.444,1
0.26737,35.48704,0
8.08674,36.11102,0
6.79563,35.24589,1
6.80004,33.81458,0
4.87589,33.7651,0
1.13726,33.823,0
5.31551,35.92575,1
9.788,37.12973,1
5.54193,36.51376,1
0.79435,34.06797,0
5.9945,36.67725,1
7.12524,36.08927,1
8.67506,34.04987,0
7.30852,34.6271,1
4.39973,36.67227,1
9.68359,33.52994,1
6.40257,36.5229,1
-0.43022,33.4242,0
6.60787,34.03978,0
5.76605,35.34523,1
9.91196,36.75839,0
3.18661,36.71254,1
9.3125,33.69786,0
4.21224,33.29971,0
3.22513,33.01921,1
2.67184,34.74736,0
10.15007,33.05761,0
-0.84979,33.1383,0
6.1237,36.51455,1
1.46345,35.02688,0
7.30866,34.62649,1
8.18483,33.93129,1
7.9658,33.97304,0
6.75916,34.0586,0
6.16231,34.42947,0
4.83356,33.14862,0
1.72948,35.27415,0
5.38853,35.26095,0
11.10482,33.34626,0
2.38222,34.74283,0
7.70814,36.79689,1
-1.02299,33.8659,0
9.8274,34.60088,0
5.04813,36.29599,0
-0.49041,35.23158,0
7.28439,33.66966,0
1.19549,33.16364,0
5.40093,33.20531,0
8.53062,36.18945,0
1.20847,35.42887,0
4.9941,33.88301,0
0.46256,33.5667,0
2.33778,36.10685,0
7.13064,35.44523,1
-1.47897,33.75296,0
-0.76015,35.70141,0
-0.21359,35.80231,1
0.37133,34.58768,0
7.23149,34.24641,0
-0.0223,33.948,0
-0.0545,33.00026,0
-0.58575,35.20779,1
4.16184,36.63216,1
3.94372,35.2549,0
10.10268,36.74582,1
-0.97805,34.58848,0
2.64877,33.97408,0
6.6756,35.05618,0
-1.75779,34.86004,1
9.74817,36.93778,0
10.61943,36.61729,1
8.52892,34.93877,1
5.52727,35.79023,1
4.82668,36.69545,1
5.70356,33.31944,0
-1.42456,33.79666,0
8.52975,34.93717,1
4.46438,36.8789,1
-1.82363,34.97778,0
8.75722,35.22202,0
4.51798,34.37992,0
4.98784,34.13385,0
2.28426,33.69259,0
10.73341,33.0152,0
4.66449,36.50106,0
3.2315,36.58889,1
10.63527,34.69981,1
9.51703,35.35567,0
6.33416,36.67313,1
9.1885,36.92474,0
9.14403,36.51651,1
6.39855,34.85863,0
5.30676,36.0014,0
9.18438,35.89136,1
7.16078,35.90922,1
2.64163,36.50427,1
4.40489,36.66949,1
8.95251,36.54327,1
1.54189,33.47272,0
6.18036,35.74052,1
5.26126,35.38606,0
-1.65551,35.05954,1
3.20764,36.60926,1
-0.67391,35.61456,1
2.69141,36.27133,1
7.61843,36.20549,1
6.75987,35.5269,0
10.31598,36.59434,1
10.37497,34.92398,0
1.97824,36.44969,0
4.78316,36.46474,0
2.32443,34.31139,0
0.54261,35.85891,1
-0.21671,35.80222,1
5.32579,36.28955,1
6.45356,33.16688,0
10.57233,35.30184,1
4.92146,36.40884,1
2.42629,33.60744,0
7.9585,35.7823,0
10.43367,36.66918,1
-1.53958,34.81846,1
7.24811,34.76669,0
8.76238,35.05077,0
9.68427,33.53143,1
9.56085,37.24648,0
10.02522,36.49988,1
-0.12961,33.73943,0
9.20642,36.86367,1
7.063,36.35697,1
1.28679,35.24275,0
3.30594,36.40107,1
10.15632,35.63615,1
-0.17205,35.62441,1
5.20119,36.24791,0
-0.67054,35.07753,1
7.12389,36.09512,1
10.31511,36.59356,1
8.27419,36.3788,1
10.88776,35.23693,1
2.65808,33.87545,1
7.301,35.35693,1
6.05429,36.61635,1
3.333,36.58615,1
3.02492,35.50806,1
-0.67229,35.52451,1
4.32483,33.27267,0
4.47903,35.70833,1
11.10656,33.48101,1
8.49434,36.35431,0
3.11805,36.6839,1
9.15297,36.78807,1
3.38558,34.50032,0
8.27148,36.19236,1
0.35399,34.13132,0
6.1274,36.35991,0
-0.28074,35.53051,1
6.07132,33.34705,0
10.49529,36.46993,0
9.35645,36.9083,1
2.90934,33.70664,1
7.23839,34.56927,1
10.53045,36.59892,1
4.39684,36.66494,1
5.35429,36.48418,1
7.5644,36.44243,0
1.14725,35.76748,0
8.28361,33.45608,0
7.31207,34.87693,0
4.70207,33.00937,0
4.12937,36.6202,1
7.2851,36.61617,1
5.68463,34.84998,1
7.23947,34.57065,1
7.67949,36.79435,1
6.43569,36.39833,1
10.39002,34.49422,0
1.81137,34.17641,0
10.63803,34.73639,1
5.47915,36.33093,1
10.98627,35.61595,1
3.85929,35.13431,0
4.17061,36.62537,1
9.51274,33.05765,0
7.70636,36.78717,1
5.30641,34.86112,0
2.25747,34.84921,0
1.18341,34.82902,0
9.14877,36.47855,1
-0.15024,34.96871,0
8.75748,33.84492,0
9.9891,33.87326,1
6.26583,35.64554,0
8.52982,34.93998,1
1.29965,34.19781,0
2.38318,34.08546,0
2.65743,33.87302,1
3.65472,36.79034,1
2.29041,35.99379,0
4.95566,33.42894,0
6.96029,36.67576,0
6.05158,34.83693,0
3.80143,36.79356,1
8.27061,36.37823,1
11.03771,36.89739,0
6.06258,36.73783,0
5.68247,33.57792,0
9.60396,37.04381,1
6.38213,36.70564,1
10.39968,35.81241,0
1.81299,36.04128,0
3.82275,36.81922,1
4.13936,36.62284,1
-0.7897,35.45266,1
6.30903,35.64635,1
0.71499,33.38044,0
2.3375,33.10019,0
5.99988,36.72178,1
5.71088,34.98648,1
-0.19325,35.79919,1
-0.25103,35.81411,1
8.41056,35.60692,0
3.35141,36.48464,1
8.9014,33.49405,0
6.21617,35.67888,1
7.1235,34.67502,0
5.103,34.39179,1
5.69121,35.40942,0
-0.26494,35.80514,1
0.43655,35.95849,1
3.4841,36.61897,1
2.45559,34.86587,0
6.60755,35.62899,0
9.93865,35.8207,0
6.27827,36.87875,0
8.1514,36.43653,0
3.71906,34.43144,0
3.31071,36.73428,1
5.16185,36.65933,1
3.68511,33.85854,0
4.4695,36.86013,1
-1.58438,34.72481,0
6.31645,35.25181,0
10.10237,36.73244,1
5.94469,35.62498,1
5.81084,33.89567,0
5.46751,35.54758,0
10.66433,34.84908,1
9.16823,36.4774,1
7.69754,36.79238,1
5.10941,34.39186,1
2.46726,36.49249,1
3.84231,36.44444,0
-0.32757,35.79154,1
-0.26469,35.62561,1
-0.34611,35.80994,0
5.84345,34.66935,1
10.08435,33.88535,1
7.45251,33.07749,0
6.28549,36.35205,1
8.17268,33.92859,1
5.96156,34.00544,1
8.77358,36.34126,0
5.12629,36.32611,1
9.41471,37.14594,1
10.59827,34.6064,0
7.24128,34.56981,1
-0.53219,35.55004,0
6.62928,34.60621,0
10.10516,36.72722,1
7.89845,36.41904,1
8.4655,33.28723,0
6.50219,36.05836,1
10.32025,36.59219,1
7.82427,35.27028,0
6.17328,36.1407,1
2.3657,35.67313,0
8.87363,34.1655,0
2.91488,36.76186,0
6.94312,36.88197,1
0.32741,34.80242,1
2.65943,35.6976,0
6.56468,36.54121,1
6.05536,35.71796,0
9.40656,36.6891,1
2.39801,36.56476,0
10.82272,36.53297,1
6.60678,36.30893,0
-0.25371,33.22098,0
8.13292,36.57629,1
4.86104,34.58131,0
4.00274,36.44606,1
6.09206,36.67072,1
1.74832,33.83368,0
-0.92357,35.5529,1
5.00379,36.77668,1
3.80279,36.79823,1
8.53005,34.93834,1
3.99828,34.31243,0
6.11256,33.24834,0
2.25469,35.40852,1
4.03204,34.50324,0
4.14453,36.6301,1
-0.28115,35.52826,1
2.26883,33.14257,0
0.24027,35.82534,0
-0.18728,35.79891,1
2.03598,35.17678,0
0.80827,34.68253,0
8.96956,33.69932,1
4.88949,35.55934,0
9.39677,36.52035,0
10.72482,34.96446,0
10.03517,33.91829,1
5.83928,34.66998,1
5.91684,33.59883,1
8.15523,34.72086,0
6.81028,33.92687,0
9.56976,36.76122,0
1.94028,35.70777,0
8.88065,36.42888,0
0.08182,34.04139,1
9.41137,33.56777,0
4.27966,36.76757,1
5.3456,35.05862,0
4.10057,33.59937,0
0.44396,35.18823,1
1.02608,34.32848,0
4.47266,36.87138,1
4.65871,36.28992,1
5.86888,36.05645,1
8.96059,36.64592,1
7.09925,36.52439,1
7.47244,35.76893,0
5.45807,36.56223,1
-0.81814,35.21412,0
5.79988,36.28824,0
6.24569,35.07344,0
9.95746,34.29671,0
7.68382,35.65051,0
8.74298,36.70205,1
6.68563,35.47511,0
0.87856,34.59221,0
-0.66539,35.08002,1
7.23898,34.57238,1
2.53513,34.30652,0
5.23619,36.45213,1
-1.3496,35.31551,1
-0.40117,35.58786,0
2.92379,36.1385,1
6.59825,35.6896,0
9.72323,37.29914,1
6.01531,34.70969,1
5.6487,35.76459,1
7.15955,34.70852,0
1.89535,33.03508,0
6.76103,35.23781,0
9.94859,36.49592,0
10.32663,33.34266,0
9.40524,33.51924,0
9.76066,37.10954,1
-1.33608,35.00232,0
8.11375,35.94197,1
8.04334,35.38996,1
6.1824,34.65018,0
4.99471,35.96559,1
4.55558,33.66376,0
4.30614,36.80217,1
8.53867,33.36744,1
3.86082,36.66432,1
6.49912,36.42188,1
8.6083,36.76159,1
7.88207,33.17205,0
3.166,36.54364,1
1.58519,34.36366,0
2.56496,36.50125,1
4.87421,36.50245,1
3.32296,36.1041,0
9.0742,33.79368,0
4.50964,34.82383,0
3.92599,35.01921,0
8.96178,34.082,0
6.1149,36.00502,0
10.58861,34.6044,1
5.2652,34.075,0
10.20981,35.55072,1
5.30605,34.96235,0
8.99133,35.91099,1
3.96737,34.83976,0
1.67813,34.54565,0
4.93691,36.47406,1
8.9759,33.05354,0
6.75096,36.34829,1
5.60991,36.38571,1
9.63127,36.9293,1
9.94035,33.55481,0
8.8651,34.81531,0
6.64839,34.25653,0
8.4235,35.58265,0
6.11411,34.03166,0
9.11383,34.53878,0
4.1667,36.63258,1
8.03588,36.82954,1
7.9212,35.13506,0
10.11925,35.75256,1
4.56302,36.71701,1
4.12914,36.62474,1
3.14785,33.0876,0
-0.03793,34.71395,1
5.83747,34.87715,0
-0.21404,35.80367,1
6.91454,36.06566,0
8.30435,33.80674,0
2.90375,36.52724,1
8.76515,34.64262,1
9.80217,33.95395,0
9.23189,36.45582,1
5.99102,34.76043,0
4.114,36.53656,1
9.87668,34.28942,0
10.04226,36.74849,1
-0.25568,35.77304,1
-0.91998,35.55388,1
7.73488,36.30766,1
0.33051,34.79848,1
4.17826,36.20002,0
2.84564,33.8468,0
3.26529,36.63032,1
7.43427,36.86927,1
1.95013,33.26339,0
8.20824,36.26444,1
6.6939,36.44548,1
3.48242,36.62224,1
1.25239,35.798,0
4.42894,36.8573,1
6.58333,35.98342,1
2.26228,34.44735,0
10.76539,34.7509,0
5.04505,33.80419,0
1.19961,35.15643,0
4.86247,36.09056,1
10.89351,35.33684,0
9.14983,34.11401,0
4.40436,36.85266,1
3.36891,33.20191,0
4.2237,34.44107,0
3.37686,34.02747,0
10.61899,36.71556,1
-0.46915,34.161,0
5.12325,36.53946,1
3.11741,36.68042,1
10.80694,34.86783,1
5.39706,35.36066,1
-0.7666,34.1371,0
4.75585,34.66722,0
-0.17977,35.79943,1
7.76979,36.90052,1
6.57058,35.78111,0
-0.91637,34.6677,1
5.40079,35.35396,1
6.42474,34.66719,0
-0.96344,33.51611,0
6.91247,36.63644,0
5.32753,34.19171,0
4.08532,35.59409,0
5.72862,34.10638,0
9.96796,35.87302,0
10.06425,37.03418,0
6.83401,36.57151,1
3.22103,33.01918,1
10.59053,35.11817,1
0.28924,34.9805,0
6.5869,35.98251,1
10.56337,33.38159,0
9.51437,36.54196,0
8.68725,36.91309,0
0.33121,34.79892,1
10.82199,36.53294,1
2.47038,36.49175,1
-0.2553,35.74725,1
6.51365,36.29264,1
6.53932,35.90229,0
5.33101,36.64084,1
-0.14593,34.35475,0
-0.57029,34.75977,0
7.24569,34.50465,0
6.67599,36.65974,1
8.62059,36.75587,1
6.0552,36.613,1
3.91003,36.2681,0
9.12508,34.76403,1
8.37071,35.08342,0
8.48581,35.28099,0
-0.07916,33.29029,0
1.07235,35.62066,0
1.40084,33.67851,0
6.85534,35.08761,0
9.11771,37.01669,1
4.07997,36.31907,1
9.15186,36.96771,1
-1.17155,33.06343,0
4.1088,33.57573,0
10.45769,33.18818,0
6.55826,37.01899,1
2.68407,35.22666,0
10.12775,36.32361,0
-0.21344,35.80198,1
9.30739,36.76889,1
6.01338,36.21045,1
0.63133,34.70711,0
8.9906,35.91457,1
9.7905,33.92413,1
4.16898,36.63435,1
6.4115,35.2033,0
-0.94183,34.9469,1
9.92272,36.20121,1
7.87824,34.44371,0
2.14173,36.23636,0
4.5437,36.71004,1
2.65205,34.05889,0
0.08157,35.01156,0
5.4129,33.29722,0
5.21177,35.18442,0
10.3713,33.41797,0
7.80296,36.79217,1
6.25432,36.71083,0
2.19185,34.44589,0
6.71954,34.07851,0
7.40189,35.90548,1
1.76996,34.73398,0
2.66512,33.14103,0
2.30535,34.44991,0
2.0931,33.30207,0
10.14702,34.34899,1
9.32052,35.06682,1
2.67744,34.30114,0
9.515,35.55508,0
9.33105,37.09131,0
2.46991,36.46804,1
7.32084,36.51113,0
7.81117,33.29388,0
5.88787,34.13334,1
5.15306,36.55386,1
0.08583,35.57239,0
-1.25481,33.30341,0
5.0837,36.6217,1
3.77274,36.66059,1
2.33912,33.27579,0
4.4787,35.70785,1
5.76202,35.89673,1
-0.29226,35.82416,1
6.96872,35.61511,0
3.11862,36.68106,1
9.60851,37.2762,1
-1.5287,34.83904,1
4.16828,36.63383,1
5.99888,36.24401,1
0.29042,33.63782,0
0.29163,36.11886,1
6.51463,37.01761,0
7.1343,33.84789,0
10.39267,36.22469,0
7.05866,36.76288,0
2.44821,35.62771,0
3.26427,35.40189,0
-0.65682,35.67987,0
-0.86608,34.89934,0
3.42878,33.00589,0
6.47385,36.04555,0
3.08677,36.6894,1
0.04711,33.96063,0
-0.26748,35.76445,1
-1.05804,35.22553,0
8.86223,36.29562,1
4.27503,35.51634,1
4.52173,36.83684,0
9.96183,35.63218,1
3.1357,36.5496,1
1.35519,35.33902,1
4.16777,36.62812,1
5.99278,34.96825,0
2.88138,36.59811,1
5.28952,36.29796,1
5.30741,36.01978,1
1.70161,35.18462,0
5.20666,36.53133,1
4.18178,36.63508,1
-0.29379,35.44994,0
4.05143,34.39431,0
3.30817,33.13141,1
4.54591,35.55249,0
9.68409,33.5282,1
6.83181,35.86718,1
7.71048,36.27588,1
9.87634,36.82194,1
8.76679,36.60927,1
6.26965,35.10177,0
7.45837,36.91636,1
2.84779,33.38116,0
2.21477,36.26879,0
2.75206,36.46992,1
6.79027,33.89712,0
9.77025,34.44298,0
10.12316,34.79472,1
6.05492,36.6748,1
7.66041,36.76728,0
6.29503,35.12206,0
4.54468,36.42754,1
2.68691,35.15263,0
7.7135,36.25748,1
6.3812,33.95838,0
1.26679,35.17775,0
9.14635,36.47802,1
3.15801,34.90966,0
5.58555,35.84972,0
8.11973,36.78278,1
6.88327,34.40448,1
10.02519,36.49985,1
3.13474,36.60123,1
9.67988,33.53462,1
0.46414,35.29994,0
8.31936,36.38346,0
9.30811,36.75418,1
6.04943,36.11691,0
9.65142,36.97852,1
1.73727,34.12021,0
5.53788,36.64084,1
1.81546,36.22024,0
2.83846,34.18832,0
4.64976,33.58635,0
10.59135,35.66639,1
5.11198,34.38731,1
8.04692,36.80785,1
10.35818,36.41395,1
9.89584,34.5953,0
4.89641,33.29542,0
6.31996,36.99447,1
4.12096,35.99679,0
5.62672,35.37877,0
9.93404,34.4055,0
2.88193,36.59468,1
7.23646,34.18646,0
5.93911,34.19933,1
1.77903,36.56119,0
3.66626,35.54021,0
7.71438,36.23369,0
10.03022,35.10181,0
9.29728,36.85241,1
7.23915,34.57255,1
1.87378,34.14916,0
-0.70818,34.46245,0
4.90279,35.35114,0
3.56468,33.6037,0
10.24111,34.93191,0
0.20148,34.10459,0
3.76696,36.77169,1
-0.85626,33.84611,0
4.2284,34.58695,0
7.30641,36.76677,1
7.87893,34.0186,0
7.18901,36.30113,1
9.79252,33.92371,1
8.70229,36.77953,1
8.95918,33.46472,1
2.54275,35.95458,0
8.04757,35.39214,1
10.7453,36.53563,1
-0.27355,34.45586,0
3.35376,33.17325,1
5.52087,36.12811,1
9.21716,36.96385,1
3.1349,36.60116,1
7.62065,34.75321,0
3.84587,36.39551,1
8.35868,35.69833,1
5.18202,33.33368,0
1.35793,35.339,1
4.06829,36.87158,1
7.30156,35.35769,1
10.67757,36.61942,1
8.13636,36.41716,1
7.49398,35.31409,0
8.84077,36.04391,0
9.34175,36.89621,1
6.0387,36.5208,0
-0.61363,35.64022,1
6.94955,36.86546,1
11.10756,33.47932,1
1.59497,36.49844,0
4.60351,34.80922,0
-0.41076,34.07061,0
1.82452,35.28582,0
5.71959,34.98278,1
10.20289,36.1164,0
6.43935,36.39598,1
9.07569,35.85141,0
8.98807,33.52845,0
1.94452,34.69088,0
-0.45598,33.43986,0
8.91935,36.98329,0
1.43965,34.13343,0
9.41454,36.68766,1
2.04052,35.0772,0
5.40258,36.11343,0
2.67008,36.40457,1
7.23898,34.57096,1
8.67581,35.52371,0
8.54657,35.43179,0
6.41246,36.71862,1
5.47925,36.23695,1
3.60707,35.95372,0
-0.59455,35.51208,1
9.87197,33.78582,0
2.58615,36.43216,0
2.68765,36.27231,1
10.10918,36.72882,1
8.9711,33.69669,1
3.16823,36.09959,0
4.15516,36.62868,1
4.57065,36.53128,1
9.0692,35.41398,1
5.2736,34.74426,1
8.54584,33.3631,1
1.62583,35.93194,0
9.23607,36.90288,1
0.18533,34.60878,0
9.3754,34.04493,0
8.18998,35.42211,0
7.68446,36.28825,1
7.52628,36.44123,0
4.95666,35.28436,0
2.37639,34.72159,0
4.50621,36.43352,1
9.88935,36.9216,0
9.2884,37.22101,1
5.6335,36.19509,1
9.33684,36.905,1
4.23498,33.48422,0
0.07795,35.30398,0
9.81851,36.82834,1
10.08758,35.69715,0
6.07416,33.65238,0
0.24687,34.37079,1
-1.58397,35.15883,0
10.93608,36.73053,1
2.55109,33.85204,0
10.13979,35.7404,0
7.26454,35.81759,0
0.09133,33.69619,0
8.85957,36.54129,1
8.81463,35.11975,0
-0.36194,35.20587,0
5.30365,36.33362,1
5.47867,33.04742,0
9.20876,36.82654,1
7.92443,36.20658,1
2.32054,36.13617,1
8.13927,36.57985,1
9.26191,33.33943,0
5.04067,35.90582,0
6.74516,33.40388,0
-0.66891,33.22402,0
8.41853,34.72256,0
4.47094,33.88601,0
0.99571,35.99888,0
5.97642,36.06452,1
1.40088,34.23666,0
6.08314,33.3107,0
10.23316,36.65407,1
7.61947,36.20877,1
4.7912,34.16925,0
7.73235,36.30824,1
3.00944,36.67956,1
6.02478,35.86677,1
0.94597,36.00312,1
7.87185,36.39705,1
10.73262,34.71007,1
3.87678,35.05046,0
4.43867,36.79538,1
3.05151,36.2682,1
5.80254,34.59632,0
1.58375,33.00323,0
0.70578,34.44496,0
5.98528,35.83706,0
1.58954,35.32383,0
7.16436,35.90425,1
0.47399,35.7388,1
10.32758,35.7502,0
5.15781,35.70478,0
8.81591,35.56755,0
0.28518,34.8357,0
-0.21746,35.8033,1
-1.68782,34.38297,0
7.47328,34.66715,0
8.92354,35.87365,0
4.39464,36.67506,1
6.15678,36.15048,1
2.79189,33.73747,0
0.51613,35.9648,0
8.92523,36.65674,0
2.47275,36.49182,1
9.40506,36.89628,1
10.96423,35.12514,0
9.71635,37.30172,1
10.63587,34.73967,1
10.66702,36.84027,1
4.21976,35.7356,0
9.65085,35.47058,0
10.42538,34.93455,0
7.1113,34.47765,0
7.20659,34.42096,1
6.56157,37.02299,1
10.1037,36.72831,1
0.235,36.09231,1
7.85241,36.39756,0
9.06236,34.65421,0
4.73745,33.16668,0
4.75991,35.70867,1
6.8023,36.0906,1
8.94776,36.54683,1
4.72954,33.68563,0
3.25363,33.41086,0
7.51075,34.8075,0
5.88876,34.43858,1
5.28124,34.29493,0
4.54853,36.56655,1
8.42998,34.31082,1
-1.3542,33.64654,0
4.8274,33.2871,0
5.7552,35.3475,1
6.04794,33.47834,0
10.42383,35.90327,0
4.93199,34.29371,0
8.91875,36.77628,1
3.4093,34.70365,0
6.96067,36.86416,1
3.30773,33.12764,1
-0.02089,33.49658,0
2.84898,36.60463,1
9.76616,35.67723,0
5.18069,35.12455,1
8.37501,36.36607,1
9.90106,33.26497,0
3.31617,36.0886,0
1.89039,35.26316,0
10.30771,36.66489,1
2.7522,36.4725,1
6.68391,36.23361,0
4.17675,36.635,1
11.10867,33.48014,1
7.66921,36.77705,1
9.55974,37.26202,1
6.41235,36.72334,1
10.0278,36.49959,1
2.33397,34.1246,0
5.74923,36.66686,0
8.03622,35.34403,0
9.18768,35.88737,1
-1.12391,35.36986,1
3.25171,35.92389,0
3.09944,36.60064,1
5.51412,36.59504,0
3.10381,36.70793,1
7.6981,36.69003,1
5.71615,36.42075,1
3.71464,36.48826,0
3.0378,35.45403,0
2.91898,35.89194,0
7.31147,36.44005,0
10.07711,36.86549,1
5.82139,35.9621,1
6.25342,36.75201,1
3.33463,33.06904,1
3.25568,36.63084,1
1.31589,34.18101,0
7.72967,36.88566,1
-1.22112,34.42657,0
1.35669,35.33882,1
7.75438,34.97207,0
3.26663,36.62891,1
-0.49803,35.65197,0
6.1188,34.58791,0
5.8883,36.03839,1
1.60949,33.73004,0
10.90165,35.36091,1
4.73801,36.67859,0
3.25365,36.63091,1
9.84992,34.8145,1
7.67972,36.79304,1
6.32988,36.08361,1
-0.98572,35.61746,1
9.72445,37.29974,1
-1.18817,34.40285,0
-1.54428,34.66638,0
4.20657,34.90899,0
3.3279,36.75979,1
9.17777,36.91729,1
3.72554,34.04409,0
0.83141,33.03281,0
7.48223,36.7426,1
5.43783,34.17029,0
6.25493,36.73245,1
4.98591,33.83066,0
3.73497,35.68375,0
9.84635,34.36201,0
10.58655,34.60085,1
-0.36771,35.84166,1
7.79569,34.54903,0
7.96414,34.51451,0
5.48792,36.57515,1
-0.25469,35.77309,1
8.33693,34.57701,0
9.61214,35.82644,0
6.76514,36.55581,1
8.52942,36.06389,0
10.01507,35.4649,1
1.9877,36.32851,0
4.94917,35.19273,0
-1.62455,34.58162,0
1.00434,36.37798,1
-1.65327,33.40119,0
-1.42748,35.01902,0
6.83326,36.37049,0
5.88708,34.4384,1
9.44751,36.10306,0
3.2963,36.61575,0
4.56563,36.71558,1
-0.00025,33.50375,0
8.06746,33.40634,0
3.05277,35.33597,1
-1.04697,33.99651,0
5.01394,34.55325,0
1.35744,35.33838,1
5.0557,35.97606,0
9.67762,33.53305,1
10.59472,36.63865,1
1.6265,36.4801,0
5.13115,35.17843,0
6.68502,33.51922,0
6.05766,33.60361,0
9.78387,36.81593,1
10.74377,33.22458,0
-0.19049,35.79929,1
-0.25753,35.77327,1
2.52311,35.7691,0
10.60466,34.81142,1
9.11558,36.85121,1
3.27113,36.62284,1
2.44352,34.6392,0
9.996,35.76985,0
6.74669,35.88507,1
2.19532,35.7217,0
6.09605,36.66448,1
7.97303,36.45691,0
9.95646,33.0167,0
0.3134,34.11663,0
3.51201,36.7186,1
10.45896,36.40821,1
8.58992,33.96479,0
-0.83357,35.33433,0
8.28284,36.36486,1
7.24073,34.57146,1
5.88722,34.43877,1
9.37265,36.96191,1
5.45626,36.56334,1
6.06721,33.38638,0
2.90065,36.60945,0
9.22069,36.95035,1
6.491,34.94064,0
-0.77631,34.73798,0
0.7856,36.21689,0
4.22871,36.8701,1
-0.17742,34.46407,0
10.53761,35.20502,0
7.67282,33.84257,0
5.46988,36.18557,1
1.37732,33.09435,0
5.92403,36.69563,1
1.14539,36.06768,0
9.53567,35.61836,0
1.57581,33.8759,0
4.73818,36.23956,0
7.2895,34.84313,0
3.00471,36.51352,1
8.05941,34.35864,0
0.13837,35.96401,0
4.4404,35.88152,1
1.79259,35.1679,0
2.82342,36.10549,1
11.02414,35.52398,1
3.53213,36.44759,1
5.47471,36.24282,1
3.32887,36.75875,1
9.29577,36.85648,1
9.68364,33.53222,1
5.92037,33.96753,1
4.34206,33.7592,0
4.67255,36.58525,1
4.17516,36.62594,1
1.58871,33.26752,0
9.68154,37.31606,1
7.70147,36.79505,1
1.19778,36.40807,1
8.50489,36.59296,1
9.78238,37.29345,0
6.7585,36.3162,0
8.2791,36.36565,1
8.44287,35.23487,1
-0.24314,35.21357,1
-1.20312,34.09069,0
3.04283,33.14238,0
-0.58122,35.20459,1
6.94165,36.8445,1
10.07435,37.22686,1
7.24298,34.57126,1
4.41605,33.4656,0
5.79916,36.48253,1
5.92284,35.58862,0
5.36064,33.78571,0
9.79926,36.81503,1
2.9271,36.14429,1
10.35926,35.2061,0
1.32965,34.9171,0
-1.08442,33.66509,0
3.35848,36.77132,1
-1.59454,34.97807,0
8.95015,36.54484,1
-1.72525,35.09163,1
-1.48203,35.15122,0
5.97426,35.17151,0
0.03344,33.23702,0
1.43912,33.77954,0
3.75758,33.73485,0
5.78825,36.44619,1
4.70601,34.61859,0
0.01675,33.65059,0
2.32722,33.84636,0
-0.33245,35.82771,1
7.73369,36.8864,1
2.33021,36.30513,0
9.50921,37.23254,1
4.54563,35.58704,0
1.66988,36.23466,1
0.81304,36.21507,0
8.75781,36.06596,0
7.7301,36.4564,1
8.12693,33.2904,0
10.39856,35.04812,0
-1.75563,34.85968,1
3.08433,33.36382,0
2.77109,34.67481,0
8.56902,34.6966,0
9.88232,34.07121,0
1.68476,34.29351,0
5.91541,34.75193,0
6.05666,35.43114,0
6.68883,36.26625,1
2.94836,35.90083,1
2.63009,34.67763,0
9.65117,34.90916,0
1.87157,33.75832,0
4.32319,34.52741,0
1.76097,34.67931,0
10.27856,34.70784,0
7.46223,34.74487,0
0.95597,36.20462,1
3.45881,36.4783,1
8.08938,36.78808,0
3.84999,35.52713,0
8.36038,36.45784,1
6.53491,35.44864,0
6.75673,34.6913,1
-0.58539,33.34639,0
6.37099,35.14904,0
-0.94354,35.56828,1
9.41097,34.72109,0
6.40891,36.20941,0
6.96265,36.88063,1
5.45285,36.21991,1
2.7344,36.50412,1
2.00975,36.21368,0
3.52762,35.16084,0
1.22131,36.17415,0
9.54363,33.74736,0
8.38362,33.6675,0
5.5012,34.42292,0
2.84866,34.21108,0
10.63516,34.68793,1
9.8122,36.82769,1
8.2125,36.67105,1
10.06866,36.85104,1
10.53066,35.32265,1
10.6097,36.78497,0
9.77732,36.80476,1
7.14943,36.2881,0
8.16742,35.234,1
6.92821,36.03253,0
5.89041,36.03899,1
2.22907,33.37904,0
10.15419,36.67402,1
5.30438,36.33723,1
3.10424,34.38928,0
2.05306,34.44164,1
6.95519,35.6809,0
-0.21048,33.40662,0
2.54861,34.77095,0
7.16579,34.47139,1
10.63625,34.73766,1
2.02707,34.22291,1
4.59068,36.64349,1
4.84021,33.81683,0
2.22072,33.38098,0
4.93543,36.47992,1
10.12622,35.07672,0
2.75627,36.47402,1
8.28207,33.48171,0
2.75922,36.67131,1
4.59065,36.54503,1
6.48286,36.95213,0
10.71589,34.70324,1
2.02778,35.94593,0
2.21084,34.95197,0
1.35599,36.13626,1
8.83392,36.53128,1
2.81961,33.97481,0
9.18866,35.89251,1
4.69741,36.31348,0
3.76291,36.37607,1
5.29721,34.66557,0
6.53806,35.78445,0
3.30798,33.13456,1
3.78936,33.81593,0
10.10734,35.98703,1
-0.05041,35.25169,0
9.828,33.68694,0
2.81177,36.61908,1
8.46247,33.69602,0
9.32325,36.83923,1
5.68143,36.54861,0
7.2356,34.57253,1
6.67536,36.85657,0
0.88815,35.84889,0
1.45267,33.67803,0
10.69137,35.06636,0
6.03114,33.87043,0
2.54322,33.41206,0
6.95872,36.87411,1
0.48421,33.818,0
1.97692,33.20779,0
8.13703,36.58035,1
10.66946,34.86531,1
-0.21492,35.80402,1
4.29358,36.79796,0
4.78172,35.62782,0
10.63405,34.73972,1
6.75142,36.83382,1
10.87232,33.48186,0
5.95729,36.71687,1
10.22559,35.08541,0
5.58359,35.53309,1
3.2739,36.62035,1
0.3111,34.07329,0
7.39317,36.617,0
10.16147,35.20171,0
1.54288,35.721,0
8.81076,34.85825,0
4.47881,35.70778,1
7.1667,36.54636,1
-1.29977,34.89267,1
0.75636,34.96957,0
4.59377,36.53276,1
3.13648,36.60124,1
9.34252,36.88251,0
1.26162,35.45155,0
4.85591,35.90161,0
9.3684,35.31115,0
5.50736,33.52787,0
4.41437,36.6673,1
7.68706,36.79514,1
9.35972,33.83486,0
3.38421,35.78942,1
10.17916,36.24233,0
4.9141,35.17142,0
1.35498,35.34039,1
5.48735,34.95446,0
0.97201,34.44288,0
11.11035,33.4825,1
3.16353,35.89484,0
4.59456,36.53665,1
9.77817,37.05247,1
3.23554,36.05166,0
2.75316,36.63582,1
2.7854,36.28754,1
9.78104,36.80294,1
5.75828,34.3042,0
-0.59424,35.50997,1
1.08878,33.58856,0
6.58309,36.04049,1
11.10927,33.48083,1
8.1333,36.58612,1
-0.16137,33.01874,0
8.99464,33.33172,0
6.04258,36.8427,1
11.10785,33.48055,1
10.10582,36.73095,1
3.27164,36.56494,1
6.7501,36.17648,1
5.66926,36.69293,1
7.3045,34.62503,1
4.47114,36.88756,1
4.43965,35.88388,1
-1.59952,34.28628,0
6.42237,34.95592,0
10.64288,34.68779,1
10.87383,33.10946,0
3.00888,36.67811,1
-0.46402,35.63993,0
9.20221,33.18167,0
9.78949,36.81325,1
6.34678,35.68811,1
-0.26751,35.80706,1
-0.18774,35.7993,1
6.86223,35.33701,0
8.77515,36.62554,1
9.18611,35.88586,1
3.83492,36.90831,1
2.35116,36.25371,1
5.46769,36.18381,1
10.62508,36.71223,1
4.42101,36.84008,1
9.92289,35.70247,1
7.6193,36.37384,1
5.60135,35.80168,1
9.31549,36.7876,1
9.63652,35.37698,0
8.93732,36.66143,0
9.02008,34.9682,0
9.22765,35.2498,0
7.11602,36.64045,0
6.1202,36.56332,1
-1.4017,34.23419,0
4.2298,34.35452,0
-0.97412,33.5192,0
0.09525,35.09232,1
1.30095,35.25352,0
-0.28061,35.52861,1
5.91358,36.79125,1
7.24784,35.10395,1
5.15325,36.55531,1
8.30534,36.51955,1
9.37129,36.9661,1
-0.2007,34.93657,0
7.04521,33.42482,0
-0.44466,33.70644,0
4.5231,35.56483,0
4.35809,33.92696,0
3.87698,35.72507,1
-1.48037,33.51344,0
3.19678,36.22829,0
8.5566,36.62724,1
8.13529,35.76705,0
3.71764,34.74589,0
3.6111,34.69164,0
5.95263,36.02243,0
2.02568,34.22094,1
