longitude,latitude,class,elevation,slope,aspect,roughness
9.23018,35.09261,0,-0.1621251395893717,-0.6111476853615682,0.935253936248918,-0.6623602527164923
5.60547,33.50662,0,-0.8879187238154853,-0.6089681626537242,-1.449700691447852,-0.7142022204547969
11.11005,33.48151,1,-1.1787168155087295,-0.732442841913378,-0.4976268541048551,-0.7410744790555198
7.48122,36.53608,0,-0.26546661019110307,1.0831462481958245,1.357916448396306,0.32914152736138186
4.54391,36.71546,1,0.9145487866798301,2.239737741246075,0.214709517389097,2.320252694868422
4.86043,36.09051,1,1.1933304283031054,0.36240858921711966,-0.3459313923692522,-0.04494869635403278
4.07055,34.12395,0,0.09262360189396623,-0.5921658634857307,0.7586579791393404,-0.5228404278786926
8.61479,36.75546,1,-0.6788324925980288,-0.44775469613680446,0.14668030595532477,0.5308526407026252
3.24131,36.73895,1,-1.154683915368792,-0.7789992891133342,0.861620286288034,-0.8074825948299035
-0.56537,34.28301,0,1.539404190318206,-0.5351259010477922,0.5662433119500448,-0.6120307656393968
7.17928,34.43378,1,-1.0032766444871855,-0.8247899895070685,-1.4985895166638075,-0.8213262866369455
2.88642,36.47662,1,-0.2630633201771093,1.5847500850040828,-0.003513557410291956,1.53929268984764
1.63305,33.01781,0,0.8592731163579738,-0.6961677004273207,-1.756149438772145,-0.711941394851852
9.29466,37.03559,1,-0.7605443530738164,-0.40614551062767995,-0.6984396724930669,0.17757471834013255
6.22853,36.65769,1,0.49397303423092315,2.239737741246075,1.3009728793919102,2.320252694868422
5.57609,35.54871,0,0.4483105239650418,-0.10381342050305402,1.4277613363615895,-0.3470760956397499
2.5991,34.7133,0,1.0010672271836052,-0.6766151128527891,-0.11087961615301291,-0.7191091694522329
3.87373,36.09375,0,1.6691818510738687,2.239737741246075,0.03860176467567248,1.6232825136975189
6.43821,35.84272,0,0.739108615658286,-0.679602434378192,-0.010969622065359003,-0.7144869329624852
4.17963,36.63813,1,0.46513355406299806,2.239737741246075,-1.6957191287644962,2.320252694868422
4.28882,33.64183,0,0.1935617824817039,-0.6928871161478273,0.7519654365717116,-0.7341471690080981
10.83112,33.40681,0,-1.183523395536717,-0.5636605562626025,-0.010969622065359003,-0.7390615348859866
6.70235,36.57692,1,0.5324256744548231,2.239737741246075,0.00530430162859009,1.926398117305522
-0.92178,35.55524,1,-1.0008733544731918,-0.8094451392166911,1.5554753105137944,-0.7783604881722564
1.40718,34.83824,0,1.3855936294226059,-0.7652329869453198,-1.4559420887712176,-0.7874261890000507
8.73771,34.29426,1,-0.5899107620802598,-0.535545986835705,-0.6512325264959515,-0.6275824299063649
3.42718,36.49427,1,0.06618741174003494,2.239737741246075,1.0425000150627661,2.320252694868422
5.10841,34.39095,1,-0.6235568222761724,-0.8247899895070685,1.119180356337098,-0.6130993030805107
6.15229,34.82702,0,-0.8398529235356103,-0.2618305773910131,-1.4848760770869553,-0.4831178679800196
7.40749,34.03008,0,-1.193136555592692,-0.8247899895070685,-0.2685295441736967,-0.8425817395600093
2.22444,34.16748,0,2.116193793676707,-0.16630826251120692,1.3635163007609084,-0.38770793411957616
4.71393,35.47942,0,-0.2534501601211343,-0.8618359966351061,-0.883559530418752,-0.8843220392677109
1.46891,33.80073,0,2.056111543326863,-0.654259094049572,0.26642145849617077,-0.4051663418352165
10.20876,35.55254,1,-1.0801819249349855,-0.5305402928591091,0.861620286288034,-0.6425323557660801
9.67367,37.28048,0,-1.1234411451868733,-0.5632008537882438,1.407570090181053,-0.5492421860422166
2.50491,33.10065,0,0.6766230752944484,-0.7412253214939464,-1.601551749842138,-0.7390615348859866
3.45143,36.71125,1,-1.065762184851023,0.42889438581505523,0.01749299011182029,0.19855973308377886
9.24831,36.56327,1,-0.32554886054094695,1.347396433951131,-0.29628189292483625,1.4650097188451556
8.5427,33.3684,1,-1.145070755312817,-0.6458371821575064,-0.32579222132430535,-0.6966195553624693
7.30908,34.62714,1,-0.6115403722062036,-0.39514901048858014,0.25540712349677797,-0.36783559218155737
1.99448,34.59179,0,1.2486060986249619,-0.5886281585349264,-0.1470571892559465,-0.6508829890977357
0.55874,33.32422,0,1.9551733627391255,1.2859284614193767,1.648765252989612,0.6476727581083593
2.72135,36.55607,0,-1.116231275144892,-0.6766151128527891,0.7617099963189279,-0.7400644885265157
4.55064,36.71601,1,0.748721775714261,2.239737741246075,0.13340854341626518,2.320252694868422
-1.10403,35.51065,1,-0.7004621027239726,-0.06855370091524439,-1.1100021179902833,-0.41218693287625946
4.44982,35.87755,1,0.5516519945667732,-0.12430011804539104,1.6465683332069228,-0.2264799275833568
7.06207,36.49974,0,0.6718164952664609,2.239737741246075,0.19800612176725924,1.9303727770964922
0.16037,33.08152,0,1.5538239304021686,-0.6616620163699825,-1.5191544611184902,-0.7142022204547969
5.27839,34.74515,1,-0.7389147429478726,-0.4643099106538983,-1.756149438772145,-0.6756205372107583
10.21957,35.39442,0,-0.9624207142492918,-0.6986714470897822,1.5018831907186265,-0.6268295391346744
5.83933,36.25446,0,1.1428613380092367,2.239737741246075,0.7303332477188929,1.1261329857791171
8.85045,33.77949,0,-1.0056799345011793,-0.6569200975511835,0.7255327190974465,0.00232506412423318
6.92317,36.60532,0,-0.32074228051295944,1.7493311404967666,-1.1520409547208503,1.3857004954380343
10.07625,36.33511,0,-0.29430609035902816,0.16863776060228097,-0.7020047481107936,0.35307426653954727
5.24387,34.71735,1,-0.7701575131297914,-0.6953414738010312,1.6788433778958798,-0.7806692912808221
5.48915,36.50098,0,2.6569340468253015,2.239737741246075,1.5630300516331748,2.320252694868422
8.98671,35.93695,0,0.6357671450565546,0.09675658702191747,0.19506343278426477,0.10729691907704487
3.82416,36.81805,1,-0.6211535322621786,2.239737741246075,0.34994716510819973,1.2581209192592988
10.26064,35.00197,0,-0.8855154338014916,-0.7789992891133342,-0.010969622065359003,-0.6989545779174919
-1.25997,35.07658,0,-0.657202882472085,-0.7570555770188393,0.16776541000299983,-0.7779047370533008
-0.21214,35.01152,0,0.41947104379711675,-0.30149100661526007,-0.3421630461938545,-0.22222677589410983
7.67267,35.42374,0,1.6739884311018562,0.020818441382110437,1.6715892523319487,-0.2040561787697169
7.23878,34.57116,1,-0.8374496335216165,-0.7423685203908622,1.1882603907484082,-0.7247718943456342
3.75819,33.48485,0,0.6069276648886296,-0.5725331738873907,0.7332473841417486,-0.6529654436516225
10.40184,34.96999,1,-0.9648240042632855,-0.8287010282125248,-1.756149438772145,-0.8381764010837188
4.87377,34.58568,0,-0.4336969111706659,-0.3337118130178706,0.4623044480683189,-0.5849406308977187
4.32489,34.2103,0,-0.10684946926751535,-0.5135873292919577,-0.9099923218633801,-0.5120239421614918
4.43485,36.89654,1,-0.5658778619403223,2.05917470328313,-0.3678175954487967,1.4985742131969126
9.30501,35.04522,0,-0.2774830602610719,-0.7681172259766834,0.4253253321113375,-0.8213262866369455
-0.66685,35.08086,1,0.15030256222981633,-0.6365106323823055,-0.17678809727804118,-0.5675048819629671
2.7507,36.47145,1,-0.9864536143892293,-0.7570555770188393,0.16776541000299983,-0.7849602521718438
-0.26555,35.76459,1,-0.9960667744452043,-0.4094663630818068,-0.24123152139243173,-0.5412493784895022
7.35944,36.49158,0,-0.5754910219962973,0.005360488088905954,-1.2898562476812785,0.512575645824494
2.89202,36.59692,1,-1.1522806253547984,-0.7877444399719243,-0.2685295441736967,-0.8313412637199836
-0.20288,35.50283,1,-1.0297128346411168,1.0983960355015174,-1.7514814650412907,1.5006652386809618
8.5388,35.72027,0,0.3762118235452292,-0.037289403264788454,0.9625276967511014,-0.25721345355416786
2.69465,36.2716,1,0.47474671411897307,1.357746037343347,-1.1816493308365468,1.274480727946261
10.94879,33.44632,0,-1.1907332655786984,-0.8452684910953331,0.861620286288034,-0.8371392903865331
9.63024,35.91165,0,-0.2582567401491218,-0.6569200975511835,0.9977080014193477,-0.5649185721205112
6.32666,34.80213,0,-0.8999351738854541,-0.7252205989836185,-1.6200618715815576,-0.7287651174484008
8.35228,35.47215,1,1.1524744980652117,-0.25457101349508715,1.6275259947053333,-0.4056715904277036
2.75801,36.67139,1,-0.9816470343612418,1.1961988072233507,-0.01985701324551134,0.9082985032036632
9.54831,33.60397,0,-0.851869373605579,-0.5432020898750547,-0.09796320723806233,-0.6371871915757675
8.04505,35.38662,1,1.2726389987648994,0.6813166484110965,0.3239118164242581,0.6408022779722597
6.09544,35.23218,0,2.570415606321526,-0.33814069176260314,-0.7048244983503932,2.320252694868422
0.29478,33.42769,0,1.8830746623193129,-0.5264260208624176,1.538121271578538,-0.5993512777722829
-0.45388,35.69924,1,-0.9047417539134416,-0.4667316783861066,-0.5633785180602099,-0.4130076874004005
9.79839,35.4817,0,-0.6523963024440975,-0.7292993803857178,-0.010969622065359003,-0.6535938518661947
-0.26806,35.80895,1,-1.1498773353408045,0.312489826993393,0.5197943621742279,-0.13100246774110966
3.36751,33.48651,0,0.7895777059521548,-0.7955663855340371,-0.883559530418752,-0.8106990721090502
2.20132,34.17754,0,2.260391194516332,0.7817519287821525,1.6727390476552524,0.5055247961630096
4.15409,33.81059,0,0.39303485364318547,-0.4395586024598055,-0.478094387977673,-0.5263382962541676
1.35708,35.33971,1,1.1428613380092367,-0.7458657555159275,0.861620286288034,-0.590488232295673
6.8739,34.47677,0,-1.1570872053827859,-0.7252205989836185,-1.6200618715815576,-0.7704356780728735
3.32759,36.67812,0,-1.0633588948370294,-0.6766151128527891,0.24659030004297866,-0.7229622036628056
6.752,35.84381,0,0.8352402162180361,-0.5523737716011262,-1.6056363193195895,-0.6455535734638295
6.42064,36.79866,1,-0.4481166512546284,0.3575102666984638,-1.0360883422645157,2.320252694868422
10.67519,34.74155,1,-1.1378608852708358,-0.7652329869453198,1.161827525333417,-0.8198080990591836
3.79848,34.25929,0,0.7463184857002673,-0.47764047580587776,-1.684098680610243,-0.6275824299063649
4.26159,36.79288,1,-0.6547995924580913,0.02406248027661303,-1.4381434509688282,-0.05831630747131559
4.12636,36.62633,1,-0.676429202584035,0.9299442715245048,0.08665439192248943,2.320252694868422
9.22498,37.01746,1,-0.5466515418283723,-0.4343957447138007,-1.2281130746849747,0.023309572211909307
4.54946,36.72961,1,0.30891970315340406,1.9457269080885549,0.46199969017253845,1.3547683603269118
3.44283,36.28972,0,0.3810184035732167,1.0308185928874034,0.05691076099794956,1.1033276124297147
6.62575,36.39282,1,0.35217892340529167,1.726219317837998,-0.7081642602422589,0.7032427849179249
2.29195,36.21386,1,-0.5130054816324597,-0.8094451392166911,-0.18970465413371784,-0.8113593785390785
6.9042,34.44403,1,-1.173910235480742,-0.7773588418573524,-0.12062447178168145,-0.7683303888158861
7.72984,36.31142,1,1.255815968666943,2.0928302107674783,-0.21206840987713577,1.6563371995530571
-0.25761,35.77311,1,-1.027309544627123,-0.7127333697786606,-0.883559530418752,-0.7583305340061802
10.10515,36.73108,1,-1.0946016650189483,-0.5782800752818147,0.9266751494234249,-0.5632561775872361
5.56243,36.18453,0,1.4961449700663185,0.004414651333726597,1.6703953706722652,-0.11485759377572013
3.8815,35.72548,1,0.18394862242572887,-0.4161826168526522,0.3961150275044134,-0.45933554932989046
-0.53498,34.71289,0,1.7124410713257563,0.9961395664373347,-0.6392234380542153,0.5284910609304989
6.34805,34.08179,0,-1.253218805942536,-0.7789992891133342,0.5041502221513163,-0.8198080990591836
9.62106,37.28697,0,-1.0200996745851418,0.20759253504978595,-0.5759851390946924,0.04922682653016993
1.24222,33.34923,0,1.63793908089195,0.2743061663738445,-0.21783987348402234,0.08548515438027708
8.98365,35.10127,0,0.42427762382510426,-0.3064018004792184,1.4766501245923633,-0.39044415783409814
10.80179,34.86882,1,-1.1330543052428483,-0.8021013006702323,1.1882603907484082,-0.7884303178009552
8.92747,33.48034,0,-1.0994082450469358,-0.8149761459571895,0.4253253321113375,-0.7985538740731587
8.40749,34.85172,0,0.7919809959661486,-0.09931616652188699,0.5986671850094654,-0.40476248073187365
1.6431,35.93821,0,-0.15972184957537794,2.239737741246075,0.8340059662343523,1.1900864800419615
9.42603,37.00734,1,-0.09963959922553409,1.2695169155592376,1.1942076079379098,1.6842613744643167
11.06243,36.82972,0,-1.185926685550711,-0.7090964369722593,1.340562705342502,-0.7658534181465508
8.53137,34.9374,1,0.6117342449166171,0.21508576604227483,1.6312478874927334,-0.07369286580547796
0.15232,33.43419,0,1.851831892137394,-0.5492865862435623,-0.5732531177056743,-0.43508831753201155
5.38972,33.14306,0,-0.9263713640393854,-0.7292993803857178,-1.756149438772145,-0.796325762964733
9.88616,34.33519,0,-0.9984700644591981,-0.6961677004273207,-0.5260895402523974,-0.7266023579232401
5.97618,35.66764,0,1.0659560575614366,-0.6030691542791556,-0.396902298379256,-0.7393950833996897
6.10998,36.68922,0,0.29930654309742905,2.239737741246075,0.5678827910767628,1.5002999960215684
0.34711,35.43458,0,0.10223676194994125,-0.6857291223626484,-1.2828753316532857,-0.6678798050769863
7.30813,34.62742,1,-0.6355732723461411,-0.2908363206118388,-0.5971679579919611,-0.4943733992429369
4.61666,36.65176,1,0.719882295546336,2.239737741246075,1.399519747629214,2.320252694868422
5.04627,36.51399,1,1.6595686910178937,2.239737741246075,-1.7466545290002342,2.320252694868422
8.31529,35.42802,0,1.207750168387068,-0.3051699914329985,1.439671156576108,-0.4065824452718753
1.96748,35.17498,0,1.0587461875194553,-0.428344908568311,0.9254351102571959,-0.6238396778119686
9.92861,34.88524,1,-0.8446595035635978,-0.6953414738010312,0.8062537654239389,-0.793617553103229
8.52987,34.93747,1,0.6117342449166171,0.21508576604227483,1.6312478874927334,-0.07369286580547796
6.07411,36.49375,1,-0.6980588127099788,-0.7506998056225674,1.4766501245923633,-0.7113808081683995
11.00767,35.4933,1,-1.195539845606686,-0.8452684910953331,0.861620286288034,-0.8744837558154406
3.75066,36.17575,1,1.1476679180372242,0.4910544249413564,0.07073360274175776,0.8856121377121456
9.96899,33.88173,1,-1.0441325747250794,-0.6834069392533778,0.6502459794630429,-0.7571834085945803
3.42642,36.43331,1,0.4435039439370543,1.277957720608739,0.762856241064805,1.5804968806884487
5.926,36.69453,1,-0.8278364734656415,2.239737741246075,-0.23367929526539513,2.320252694868422
5.21358,35.94646,0,1.169297528163168,-0.5139813865756198,0.861620286288034,0.40141025940685376
0.86494,33.16716,0,1.3279146690867558,-0.4245665252671169,-1.5174130508314847,-0.4595633474835951
0.45786,34.16449,0,1.1933304283031054,-0.7252205989836185,-1.0196470976093395,-0.7650391938549145
4.85895,36.09288,1,1.1164251478553053,0.03509471919628114,0.35264974629272255,0.14348431509132653
4.88708,34.40012,0,-0.5730877319823036,-0.5999075906868587,0.5252353261989914,-0.5846174969789582
0.00923,35.74007,1,-1.1811201055227234,-0.7955663855340371,-1.756149438772145,-0.8437577584356865
3.37125,34.103,0,0.8784994364699238,-0.6365106323823055,-1.5903308895890997,-0.6344606224722329
3.32843,36.75716,1,-1.164297075424767,-0.6826395947499344,0.5349801818276599,-0.701849075327588
3.49503,33.05347,0,0.5708783146787233,-0.5203477291433142,-0.23235197107076308,-0.4949944468721645
9.95768,35.63243,1,-0.9359845240953604,-0.7506998056225674,-0.2685295441736967,-0.742091633136991
1.75055,34.29323,0,1.5994864406680498,-0.7446884232914767,0.06785526797461983,-0.5324744348565961
3.02131,36.03836,0,0.8592731163579738,2.239737741246075,0.33791070763213366,1.4660394689569967
4.17194,36.6344,1,0.17673875238374762,2.239737741246075,-1.5250223081084355,2.320252694868422
9.81874,36.82515,1,-1.1282477252148608,-0.7789992891133342,-0.010969622065359003,-0.7111011903679668
-1.49999,35.05143,1,-0.9624207142492918,-0.8094451392166911,0.16776541000299983,-0.6243976467729084
-0.84932,33.86893,0,1.402416659520562,-0.7652329869453198,-1.4559420887712176,-0.840323901116222
4.41493,34.781,0,0.8640796963859613,2.239737741246075,-1.7283971639913687,1.8122649653949865
4.58985,36.64677,1,1.7076344912977688,2.239737741246075,0.23763130555139053,2.320252694868422
9.99767,36.66523,1,-1.0801819249349855,-0.6679291776169504,0.6678751881488583,-0.756424353508586
2.72944,36.42179,1,-0.44571336124063465,0.18491714743011017,-0.06371611267009906,0.6363214125719698
3.13306,34.05958,0,0.9986639371696114,1.5957616003947408,-0.21200686653507525,0.6502608693942648
5.99543,34.00805,0,-1.2652352560125046,-0.8618359966351061,-0.883559530418752,-0.8744837558154406
2.39488,35.55465,0,0.5492487045527794,-0.5802217582663715,-0.6113843220672139,-0.5954716441232757
1.16367,33.34583,0,1.5418074803321997,-0.7193212183300857,1.389656835301112,-0.58526413073468
5.75535,35.35413,1,0.8809027264839175,-0.21124922065740973,-0.7406141708694742,-0.3081311400650908
2.36078,34.8159,0,0.866482986399955,-0.578764255098073,0.18833035445768267,-0.6643313414733778
-0.27051,35.80539,1,-1.084988504962973,-0.40976949122844997,0.26479721726424194,-0.32926499907375506
0.59202,33.69024,0,1.8566384721653815,-0.6111476853615682,1.6605768405619954,-0.6283375443348135
6.2073,36.89268,0,-0.9455976841513355,1.6775976996187176,0.6169020630279629,2.320252694868422
9.6386,37.07836,1,-1.193136555592692,-0.8618359966351061,-0.883559530418752,-0.8341564413231923
1.13957,36.32959,1,-0.10444617925352159,0.14777940456063113,-0.7077028331175311,-0.05545032353331921
6.74739,35.88841,1,1.0539396074914678,1.8637823515929923,0.08296741314645059,0.9836827191048922
8.1381,36.58673,1,-0.38082453086280327,1.4081012346061665,-0.12851474246787256,1.014313787979511
2.65514,36.41992,0,-0.4048574310027408,2.239737741246075,0.011784401313529211,2.2807623100680847
10.76154,34.92289,1,-1.0249062546131293,-0.7446884232914767,1.2979152404647305,-0.8050032668029292
8.52743,34.93997,1,0.6141375349306109,0.11425053397062283,-1.756149438772145,-0.09333383485044693
9.67958,33.3524,0,-0.7389147429478726,-0.6464733293492977,-0.6642499049564702,-0.742091633136991
5.67434,33.59134,0,-0.8542726636195728,-0.7557539501551984,-0.5087355752875041,-0.7700115155462809
1.25999,36.02091,0,-0.5778943120102911,-0.014563695938444454,0.10932571643548382,1.3769855623900409
4.74518,36.55274,1,0.4819565841609544,2.239737741246075,-1.636669475583241,2.320252694868422
10.07604,36.36994,0,-0.4745528414085597,0.5541634031475391,-0.1753589898638475,0.3444003163300308
4.55397,34.21948,0,-0.35679163072286574,-0.5563889243235853,0.38267786723356617,-0.5898301706330683
9.80464,33.95561,0,-1.097004955032942,-0.7789992891133342,-0.883559530418752,-0.766673286022744
10.20946,36.8743,1,-1.1907332655786984,-0.8121336448267868,-0.010969622065359003,-0.8093959036955227
-0.36734,33.86632,0,1.2245731984850243,-0.5618260896197507,1.6727390476552524,-0.5067318642578327
9.67871,36.93086,1,-0.803803573325704,-0.44643242330227106,-0.05531574236029099,-0.45514280229131077
9.4734,33.07489,0,-0.7172851328219289,-0.5351259010477922,-0.5881825560807629,-0.5465091430012853
9.68184,33.53246,1,-0.7557377730458289,-0.7412253214939464,-1.601551749842138,-0.8014231934962921
1.18873,36.19049,0,-0.9215647840113979,-0.6030691542791556,1.3482775183275302,-0.6336870713959805
9.22566,36.91675,1,-0.5033923215764847,0.006934545596262626,-1.2749116083965824,-0.2038427640160547
9.21591,36.74476,1,-0.8206266034236602,-0.6630376336777687,-1.756149438772145,-0.4846890925862158
-0.26942,35.76278,1,-1.027309544627123,-0.6464733293492977,-0.883559530418752,-0.6064014237449199
9.73451,36.60429,1,-0.9672272942772793,-0.5901387114556309,0.3532746479197985,-0.6417330496780101
5.19964,36.61474,1,-0.6115403722062036,2.239737741246075,0.4030359905531514,2.320252694868422
8.79236,34.62321,1,-0.16452842960336544,-0.6888738558434364,1.0235269128209947,-0.6997394865317426
5.54671,36.36665,1,0.9914540671276302,-0.6046645247572159,0.7168536284596528,0.43525544116609166
10.25555,36.93723,1,-1.193136555592692,-0.7935268707399993,-0.7474719632281646,-0.8371392903865331
3.86285,34.4133,0,1.6427456609199376,-0.6206304526971439,0.1436281408350111,-0.6219883287493695
2.71149,36.51007,1,-1.0609556048230355,-0.8452684910953331,-0.010969622065359003,-0.8269554842752088
-0.17918,35.79866,1,-1.1907332655786984,-0.5264260208624176,0.18511930099753007,-0.5447943377226503
5.02581,34.28714,0,-0.5033923215764847,-0.6986714470897822,-0.24329662598815946,-0.7783604881722564
6.83811,33.3463,1,-1.0008733544731918,-0.8618359966351061,-0.883559530418752,-0.8646454723631704
0.54852,36.01747,0,-0.7749640931577789,1.017141311926716,-1.0314646767811304,0.6754725208313852
0.26084,33.95349,0,1.3904002094505934,-0.7282680125385013,-0.5951697226044338,-0.7127857088786066
5.27527,36.35966,1,1.3207047990447744,1.7620591100986083,-0.9918528076623486,1.066165635509234
-1.47971,33.11803,0,1.7965562218155378,-0.7915465172780308,0.4253253321113375,-0.8261179714011652
10.00313,36.44958,1,-0.851869373605579,-0.7877444399719243,1.119180356337098,-0.7708614238993728
4.54885,36.71261,1,0.9145487866798301,2.239737741246075,0.14332486234649175,2.320252694868422
4.17033,36.62991,1,-0.2726764802330844,2.239737741246075,-1.2444138126355306,2.320252694868422
9.40425,36.9013,1,-0.4096640110307283,-0.2538949548960033,-1.4715129981347062,0.03979604489141713
6.30544,35.64609,1,0.9073389166378488,-0.6458371821575064,-0.05361708694313034,-0.7700115155462809
-0.35491,35.82951,1,-0.9528075541933168,-0.4527513313252702,1.4262881426110159,-0.4357351764681645
5.73159,34.68912,0,-1.1018115350609294,-0.8021013006702323,0.5349801818276599,-0.8488496051962409
4.60511,36.65407,1,1.1717008181771618,2.239737741246075,1.7197040146837306,2.320252694868422
4.16524,36.62038,1,0.08301044183799121,2.239737741246075,-0.8233331567020417,2.150449493815541
4.17939,36.62526,1,-0.1140593393094966,2.239737741246075,-0.3697255869933988,2.320252694868422
10.81039,35.53474,0,-1.0705687648790105,-0.2992951811911065,1.2747823408862824,-0.425811587455748
8.52961,34.93729,1,0.5901046347906733,-0.4527513313252702,1.4262881426110159,-0.6643313414733778
0.52337,35.21639,0,0.3233394432373666,-0.3770002868882474,0.9377618274378839,-0.6329158847142556
7.75482,36.94507,1,-0.9095483339414291,1.457181748695383,1.33970849558996,1.363827819434629
9.91202,34.66187,0,-0.9311779440673729,-0.6496826377187601,1.3593863874509053,-0.7287651174484008
1.69581,33.54936,0,1.9023009824312629,-0.5104510961808535,0.9404451763280128,-0.5998612270062712
10.31345,35.22779,1,-0.960017424235298,-0.6826395947499344,-0.556919425958378,-0.7587152547728717
8.05332,35.39385,1,1.395206789478581,-0.25457101349508715,0.7549360863519403,1.653745372790037
9.33819,36.89725,1,-0.5899107620802598,-0.23133999952126344,1.6016606299156886,-0.39142504379237053
7.20186,35.36815,0,1.4985482600803122,-0.4709182655716043,1.2143825806385746,-0.632531163947564
1.30589,35.67727,0,0.2199979726356352,1.8834446373689906,-1.2682190658289536,2.320252694868422
-0.57494,35.63538,1,-0.9840503243752355,-0.8618359966351061,-0.883559530418752,-0.8532106570149154
6.75565,33.49822,0,-0.9672272942772793,-0.5317845732506316,0.6917022256142006,-0.5071165568769703
8.52982,34.93665,1,0.5901046347906733,-0.4527513313252702,1.4262881426110159,-0.6643313414733778
2.31416,35.91054,1,2.5944485064614637,1.6886958319150587,0.21301263726064962,1.1536754798595061
4.86889,33.57599,0,-0.344775180652897,-0.6826395947499344,0.31567048239501505,-0.6323390287446495
8.04515,34.87411,0,0.8736928564419363,-0.6826395947499344,-1.2101996718643075,-0.7153439837573791
6.43755,35.19427,0,2.4887037458457386,0.6902327296049613,1.5030829900073543,0.5450420478035433
5.8929,34.44143,1,-1.1474740453268109,-0.6275552912693356,0.9404451763280128,-0.7275256117649044
9.81392,35.72305,1,-0.6908489426679976,-0.19627262406498466,0.8062537654239389,-0.514502024659206
3.03329,35.32893,1,0.5684750246647295,-0.5096713578902251,0.38834621615435616,-0.7064149744882068
8.11531,35.9429,1,0.41466446376912924,0.7194083561264745,1.215611080428167,0.013229257619383138
10.39143,35.16152,0,-0.9480009741653292,-0.7412253214939464,0.7070225233876639,-0.7909878889908802
6.17076,36.13475,1,0.7174790055323422,-0.4805064033656872,0.5282876392600312,-0.4914060841109041
10.58132,34.59817,1,-1.1691036554527545,-0.7423685203908622,1.1882603907484082,-0.7490680043708587
11.08228,35.27,0,-1.1594904953967795,-0.8247899895070685,-0.2685295441736967,-0.8488496051962409
5.33204,35.06403,0,-0.2342238400091843,-0.5725331738873907,0.1174031321402003,-0.5949694636141637
8.74196,36.70601,1,-0.22941725998119677,2.239737741246075,-1.585464749255625,1.6368903923348834
0.19902,33.86151,0,1.472112069926381,-0.6953414738010312,-0.8281927876435677,-0.6268295391346744
1.35591,36.1309,1,-0.8566759536335665,-0.6679291776169504,-1.0773046285579277,-0.12632715903848546
7.16368,35.90795,1,1.1164251478553053,-0.19135519122616382,0.665531363225145,-0.4771311928887948
6.95197,36.86282,1,-1.183523395536717,-0.679602434378192,0.861620286288034,-0.7560465148188227
3.37681,33.12307,1,0.5901046347906733,-0.8247899895070685,0.24659030004297866,-0.8437577584356865
2.95936,33.85604,0,0.767948095826211,-0.1436596789769574,1.4823769100999655,0.28717746515551584
3.21138,34.12408,0,0.7655448058122173,-0.5999075596636116,1.0403551704156668,-0.7042518912661763
3.31333,36.73352,1,-1.1210378551728795,-0.6623486383846771,0.03521599321798752,-0.5746113793385098
-0.26644,35.76072,1,-0.9672272942772793,-0.37249859658275636,-1.1158865343415525,-0.3131082468406201
3.21791,34.87284,0,1.2990751889188306,-0.34208011673908373,0.20697843092419702,-0.5175242556688958
2.20412,35.64306,0,0.6718164952664609,-0.45747064970861423,-1.4168862918566907,-0.4429130278928412
5.57934,35.53373,1,0.48435987417494814,-0.5797351276135985,0.37913971682799097,-0.4783214685005219
10.70494,34.88403,0,-1.0417292847110855,-0.6630376336777687,-1.756149438772145,-0.7414127282107241
2.53835,36.37604,1,0.08781702186597871,2.239737741246075,0.8176632501027634,2.0013154215826745
2.69941,35.61149,0,0.3497756333912979,-0.8149761459571895,-0.4472645762420555,-0.8252923403133112
9.58556,36.1451,0,0.09502689190795999,-0.7789992891133342,-1.3986794486057905,-0.6955910437429998
2.60333,33.04535,0,0.7343020356302985,-0.11691832255620195,-1.2410295205851067,-0.3491519777398013
10.64164,34.68683,1,-1.1090214051029108,-0.6569200975511835,0.7255327190974465,-0.7367477918817117
0.43588,35.96037,1,-0.3952442709467658,-0.06717614465451938,0.0006017097678266581,0.9168094227809966
5.84101,34.6742,1,-1.1306510152288545,-0.8247899895070685,1.4766501245923633,-0.8062330897278844
9.97134,36.2038,1,0.13107624211786628,2.011034317671641,0.7662381660636112,1.4568793541965368
2.03777,35.68613,0,1.0707626375894241,-0.40374545916838644,1.340562705342502,-0.34933285392115626
-1.11943,35.37064,1,-0.9936634844312106,-0.7356646061165195,-1.1084801777704574,-0.5846174969789582
5.20248,35.98317,0,1.0563428975054616,-0.04679337498970304,0.11417343814855822,-0.3471661678122267
2.2471,35.62915,0,0.5660717346507358,-0.4318375987876877,-1.604490962218069,-0.58526413073468
4.99929,33.85793,0,-0.37601795083481576,-0.6928871161478273,0.09868522765096345,-0.5212373965365904
3.72749,34.20928,0,0.6862362353504234,-0.5268351864673789,-0.9662690480448487,-0.5362080389959754
0.69021,36.06592,0,-0.842256213549604,0.5912055323696991,1.167241564146029,0.7494254899119578
8.77387,34.64432,1,-0.12607578937946537,-0.7506998056225674,1.119180356337098,-0.7354418016759058
4.5944,36.6528,1,1.1668942381491743,1.5346934554705944,0.9727681538122284,2.320252694868422
4.74381,36.55496,1,1.1140218578413117,1.8320949588996625,-1.53034144294525,2.320252694868422
8.59145,34.64917,0,0.0998334719359475,-0.6293187456997561,1.6945981775819192,-0.6963619067278548
10.1595,34.67587,0,-0.7893838332417414,-0.5901387114556309,1.3699659246562694,-0.6927911080402275
7.52822,33.3397,0,-1.0441325747250794,-0.8384060150665126,-0.4472645762420555,-0.8602232647059838
6.94679,36.87318,1,-1.183523395536717,-0.8618359966351061,-0.883559530418752,-0.8425817395600093
7.97795,34.77381,0,1.0923922477153678,-0.33164039081427166,0.36385433306588894,-0.5462227416403629
11.28636,34.79,0,-1.195539845606686,-0.8452684910953331,-0.010969622065359003,-0.8744837558154406
8.82703,33.79453,1,-1.116231275144892,-0.5432020898750547,0.2595068568986553,-0.6935506557084151
6.33593,36.67252,1,0.5011829042729044,0.5070116663721185,1.0891821194229279,2.320252694868422
10.0684,33.91619,1,-1.145070755312817,-0.6826395947499344,0.5349801818276599,-0.632531163947564
11.10692,36.89447,0,-1.185926685550711,-0.6953414738010312,0.8062537654239389,-0.7679139035346195
9.09049,36.34903,0,0.17433546236975386,1.7800560679745137,1.4008775476134243,0.9967206660709099
9.03591,34.44252,0,-0.2534501601211343,-0.5632008848114909,-0.04179958174170262,-0.5785428889293529
9.71632,37.30606,1,-0.9287746540533791,0.030667763892863933,-0.11456452375888623,0.4286742052938582
5.63026,36.42037,0,0.8616764063719675,2.239737741246075,0.3858258979443972,2.320252694868422
10.59422,33.41966,0,-1.0633588948370294,-0.7055441200721081,0.5513138735749563,-0.772580620196416
6.92084,36.18799,0,0.8280303461760549,0.22616478801845077,-1.072976030852763,-0.02163306414754911
5.50801,36.339,1,1.1020054077713428,1.3678060077013736,1.2486018623500297,1.0397100873702088
4.55121,36.72071,1,0.40985788374114174,1.352036022589631,0.24105391424987616,1.3667105793147492
3.33848,36.0664,0,1.2678324187369119,0.3601845946846709,1.4430243810740495,0.6997942592044348
4.52885,35.45609,0,-0.24864358009314683,-0.8021013006702323,-0.33760972652573307,-0.8449689054586297
3.32381,33.12528,1,0.6069276648886296,-0.4233143649708512,-0.7780195040583698,-0.5339907435851353
7.66938,33.4135,0,-1.084988504962973,-0.7935268707399993,-0.7474719632281646,-0.8120257155825296
8.49258,33.90266,0,-1.1594904953967795,-0.8618359966351061,-0.883559530418752,-0.8843220392677109
5.70962,34.73264,0,-1.0729720548930044,-0.7789992891133342,-0.3684396862020767,-0.793617553103229
8.6114,36.76585,1,-0.794190413269729,1.3446800384419635,-0.7836494623607351,0.4891318859526621
9.31373,36.85163,0,-0.344775180652897,0.08139728765424009,-1.2507743022434121,0.16265809103667986
4.58938,36.64853,1,1.7076344912977688,2.239737741246075,0.23763130555139053,2.320252694868422
8.5289,34.93872,1,0.6141375349306109,0.11425053397062283,-1.756149438772145,-0.09333383485044693
9.01859,35.12382,0,0.2969032530834353,2.239737741246075,1.6314274875342274,1.939762350716337
4.13224,36.32636,1,-0.28469293030305315,-0.44249070260551093,0.07716458610562936,-0.5988422574075735
7.46045,34.354,0,-0.969630584291273,-0.6961677004273207,-0.3684396862020767,-0.6860861214472771
5.3769,35.8886,0,1.2510093886389555,-0.5108415547678611,-1.0705850868077844,0.29897433017501873
-1.28317,34.89923,1,0.26325719288752275,-0.12152328925102625,-0.2685295441736967,-0.38401852163981837
3.24687,36.22735,1,0.3161295731953853,-0.4146473073808249,0.861620286288034,-0.6512979825586457
0.47182,35.91592,0,-0.9191614939974041,-0.2794362700754885,-0.1547188915203023,-0.15376742120311326
8.53007,34.939,1,0.6117342449166171,0.21508576604227483,1.6312478874927334,-0.07369286580547796
5.32825,36.32897,1,2.24597145443237,2.239737741246075,-1.4299562262601588,2.320252694868422
5.61595,35.11399,0,-0.26066003016311556,-0.5921658634857307,0.4011880629433488,-0.6580415313004376
2.11612,33.80644,0,2.4117984653979385,0.6969286631490078,0.9146454972207597,1.2104930062578756
4.61131,36.65113,1,1.1212317278832928,2.239737741246075,-1.5839752820251798,2.320252694868422
5.97766,36.07646,1,0.8833060164979113,-0.7726182803056105,1.072994445172299,-0.7825540444530108
10.26215,36.09164,1,-0.9071450439274353,-0.34737963188821647,1.6984206700630722,0.01139409340027601
7.60895,36.93761,0,-0.3279521505549407,2.1634954592040967,0.743727505179169,1.892793766017444
4.41002,36.66671,1,-0.07080011905760904,0.653619589842609,-1.11404297098317,0.8694054517183939
10.92684,36.91074,1,-0.9624207142492918,0.8537340520083226,-0.5613633434595433,0.2862269785554543
-0.26343,35.75952,1,-0.9672272942772793,-0.37249859658275636,-1.1158865343415525,-0.3131082468406201
9.56575,33.14907,0,-0.7124785527939413,-0.7090964369722593,-1.3625018755028568,-0.726295816987503
2.99372,36.1421,0,0.8520632463159924,1.2307378567828602,0.37272530282544336,1.2029017235615302
2.92804,36.144,1,1.0010672271836052,-0.31310139476641347,0.039392655797440536,-0.18976431457260648
4.17288,36.63091,1,-0.11646262932349036,2.239737741246075,1.6871372308828907,2.015285615533827
2.87204,34.56487,0,2.099370763578751,0.6536197139355971,0.9344538728021313,0.8655653372350608
2.83559,36.49537,1,-0.7461246129898539,-0.5471000367702681,-0.010969622065359003,-0.6041468046776098
10.63899,34.78045,1,-1.068165474865017,-0.7681172259766834,1.2979152404647305,-0.820562678684108
4.13116,36.62614,1,-0.6620094625000725,2.0415788139447133,1.6620245885076785,2.320252694868422
7.52245,34.17374,0,-1.1186345651588858,-0.7570555770188393,1.5554753105137944,-0.5457936040336188
6.62038,33.39885,0,-0.988856904403223,-0.7212601712689046,-1.3198544845954485,-0.793617553103229
5.49884,36.16796,1,1.2918653188768494,0.06548658109400965,1.0121334057405897,-0.10815695597984713
6.6228,34.90264,0,1.5514206403881747,1.6176267848952135,-0.8982715698968264,1.604355197734105
7.43251,34.07197,0,-1.2003464256346734,-0.8452684910953331,-0.010969622065359003,-0.8087527531995959
7.23452,33.09216,0,-0.9816470343612418,-0.8618359966351061,-0.883559530418752,-0.828668305151294
6.36066,36.23624,1,0.4435039439370543,-0.4395586024598055,1.3287452001410742,-0.47428865586319624
4.44841,35.70647,0,-0.02994418881971522,-0.44643242330227106,1.689864074346495,-0.5705748793716234
-2.18114,35.0568,1,-0.9335812340813666,0.6123116400620594,1.6404228754444377,0.4631995445455116
9.2432,37.02912,1,-0.7605443530738164,-0.3589633090236847,-1.588985886477698,-0.0929057105556431
10.28516,36.89779,1,-1.193136555592692,-0.8247899895070685,-1.1411194895122712,-0.8488496051962409
8.38572,33.0729,0,-0.9840503243752355,-0.8618359966351061,-0.883559530418752,-0.7508690678284172
4.29037,33.43508,0,0.2824835129994728,-0.5962666713932151,1.6995358472564668,-0.6012255389437559
8.35613,36.45719,1,-0.43610020118465964,1.1946382138052012,-0.19673598096413167,0.5551973474796563
1.7065,34.46285,0,1.383190339408612,-0.7090964369722593,0.11050273285239116,-0.7338252454341552
10.55051,35.90376,1,-1.0441325747250794,-0.22917221911241692,0.803360340702738,-0.574767682705311
3.4018,36.6605,1,-1.068165474865017,0.31202609149692156,0.861620286288034,0.8542726512009968
8.15402,33.40762,0,-1.1210378551728795,-0.7935268707399993,-0.7474719632281646,-0.8087527531995959
6.23801,35.53579,1,1.4552890398284246,-0.32114956960161584,-0.6183903510334635,-0.5718113451192988
9.72187,37.30439,1,-0.8855154338014916,-0.6299095369044024,-0.883559530418752,1.106466177279669
5.57006,34.31465,0,-0.9311779440673729,-0.7557539501551984,0.36385433306588894,-0.705871740771733
3.95699,36.69561,1,-0.9648240042632855,-0.6961677004273207,-0.010969622065359003,0.1457889242143612
9.71496,35.52882,0,-0.6307666923181536,-0.7557539501551984,0.36385433306588894,-0.7322258732740601
8.13454,36.57925,1,-0.18375474971531547,0.9495916661419329,-0.407907313112904,0.6061373268532673
7.64089,36.15169,1,1.2197666184570368,1.291886165777309,-0.42625536578687334,0.6972872128737585
8.72746,35.01672,0,0.8184171861200799,-0.6729474049853428,-0.3781843938900191,-0.6584696837427954
4.01151,36.86976,0,-0.64758972241611,2.239737741246075,-0.5334165266239361,1.81106227671199
3.36295,33.15141,1,0.5756848947067108,-0.5942084030463531,-1.0949338372437432,-0.7287651174484008
9.3645,36.82035,1,-0.5154087716464535,-0.3548923454798346,1.362220340000211,-0.3851806215500926
4.18984,35.82578,0,0.1623190122997851,-0.6766151128527891,0.9615305762571401,-0.701849075327588
8.16825,35.23127,1,1.3014784789328244,-0.18303730028136,-1.006501454539286,-0.41167467554285153
-0.57625,35.63559,1,-0.9840503243752355,-0.8121336448267868,-1.756149438772145,-0.8475105556883806
9.41391,37.14922,1,-0.7509311930178414,0.04523925892568745,1.0050813672085208,1.4702773646720304
7.90357,36.81322,1,-1.1907332655786984,-0.8618359966351061,-0.883559530418752,-0.8646454723631704
10.1064,36.72796,1,-1.0609556048230355,-0.5475361305536437,0.6828852542196752,-0.5470826775595313
-0.99884,35.34786,0,-0.8999351738854541,-0.1138032783228131,0.2300950570227735,-0.383245252039105
1.87434,35.53727,0,0.9361783968057739,0.08139728765424009,-0.3781843938900191,-0.030259332400760636
7.2189,36.32354,1,0.6982526854203922,1.4850205214562628,-0.5579980617924242,0.7121800836417204
4.16084,36.62142,1,0.03254135154412238,2.239737741246075,-0.5866985626571836,2.320252694868422
5.1494,36.6317,1,-1.0897950849909606,-0.1287651078496561,1.6713537306959863,0.3475080314609118
3.24588,36.53235,1,0.45552039400702304,0.9058849989017117,-0.3663668886885914,2.320252694868422
-1.13856,33.72734,0,1.217363328443043,-0.6630376336777687,-1.756149438772145,-0.5546294308256083
4.26483,36.65737,1,-0.18856132974330297,2.239737741246075,1.6972309307437197,2.320252694868422
3.88266,35.72528,1,0.18394862242572887,-0.4161826168526522,0.3961150275044134,-0.45933554932989046
9.68271,33.53142,1,-0.7557377730458289,-0.7412253214939464,-1.601551749842138,-0.8014231934962921
1.35903,34.89515,0,1.462498909870406,-0.6246453262103798,1.4940041635276196,-0.6938045044232533
1.23704,36.13389,1,-0.9960667744452043,-0.7292993803857178,-1.756149438772145,-0.7691678840977085
2.69291,36.27369,1,0.47474671411897307,1.357746037343347,-1.1816493308365468,1.274480727946261
2.87946,36.3693,0,1.8494286021234003,-0.19217221945971158,-0.8008500127926554,2.320252694868422
0.76746,33.85674,0,1.5273877402482372,-0.7046686130179255,0.16776541000299983,-0.793617553103229
7.84103,36.71569,1,-1.1715069454667484,-0.7570555770188393,-0.7048244983503932,-0.7909878889908802
6.95851,36.86741,1,-1.183523395536717,-0.8618359966351061,-0.883559530418752,-0.7761009221723486
9.57508,35.63673,1,-0.19096461975729673,-0.1349495921433128,-0.30249777047294824,-0.04166866189818208
8.13266,36.58956,1,-0.18135145970132172,0.9679910575781961,0.9673493808963809,0.5198323104000879
9.58321,36.65981,1,-1.0513424447670605,-0.5921658634857307,0.4011880629433488,-0.7050599934648397
11.1081,33.48307,1,-1.195539845606686,-0.7624323943437369,-0.883559530418752,-0.7738875814928314
7.84043,36.71394,0,-1.1715069454667484,-0.7570555770188393,-0.7048244983503932,-0.7909878889908802
8.97067,36.44487,0,-0.24864358009314683,0.24663529142584278,1.7176328445182325,0.2563673778380995
7.24097,34.56996,1,-0.8374496335216165,-0.7090964369722593,-0.4046171113642842,-0.726909504031386
9.03721,33.55778,0,-1.0825852149489794,-0.6630376336777687,-0.883559530418752,-0.7214694825844338
3.94205,36.61309,0,-0.6980588127099788,1.8076913282349352,-0.2502227669623112,2.307757390520246
10.53442,36.61742,1,-1.125844435200867,-0.7935268707399993,-0.1470571892559465,-0.8304355422859543
5.75071,35.35371,1,0.8256270561620611,-0.2834479481942812,-0.6544622204875936,-0.2538270213445789
1.98962,33.07962,0,0.8400467962460236,-0.5108415547678611,-0.6965339740297196,-0.5415316421600014
9.56429,34.15059,0,-0.851869373605579,0.13417620711383027,-0.8373739151354055,0.03696372542788395
9.06394,36.81544,1,-0.5418449618003848,2.239737741246075,-0.478195283552878,2.320252694868422
0.71114,34.15334,0,1.188523848275118,-0.7055441200721081,1.1719265510603856,-0.7859392100226742
5.99838,36.54744,0,0.7847711259241673,2.239737741246075,-1.4756386581488339,2.320252694868422
4.34245,34.22584,0,-0.12367249936547162,-0.5506059428928758,-0.6392234380542153,-0.5718113451192988
9.81858,34.07311,0,-0.8638858236755478,-0.34208011673908373,0.28620216916176033,-0.2726845876694309
-0.72655,33.49815,0,1.5826634105700936,-0.40976949122844997,-0.2867364613949599,0.1256245795521942
2.28198,35.02386,0,0.8352402162180361,-0.6686380898346296,0.28923776492075,-0.6582555090051779
3.32889,33.18209,1,0.5828947647486921,-0.8384060150665126,1.2979152404647305,-0.8623229701919665
6.4695,35.05787,1,1.6523588209759126,0.8305435543951085,-0.07064669186603402,1.2676773515786568
7.83695,36.20755,0,0.6718164952664609,1.7628118581643282,0.006384416869897348,1.0075468908417597
1.18566,34.47378,0,1.2197666184570368,-0.7412253214939464,-0.728961841488745,-0.7618363962869626
7.60239,35.47543,0,1.169297528163168,-0.18627110150434564,-0.5342581614147589,-0.31932699851374224
0.33118,34.80121,1,1.412029819576537,-0.19442438310045548,-0.08004980441739538,-0.5077586307289604
5.76342,35.49185,0,2.608868246545426,2.05944224776544,1.4041198165667854,1.3026996640419508
9.89001,34.12468,0,-0.9648240042632855,0.11187092683111623,-0.1058144215725612,-0.32735006468689815
5.66177,36.17516,0,1.1092152778133242,-0.5947214655055881,-0.8144793480667156,-0.6800739728197737
6.50724,35.38126,0,2.3541195050620884,0.2804026066924553,-0.6691985962151126,1.1735965170657703
6.09437,33.19572,1,-1.0537457347810544,-0.6496826377187601,-0.38579357719660695,-0.6333011684320252
3.27432,36.62453,1,-0.9215647840113979,1.3764505734373098,-0.13022878372054836,0.7858985273032065
2.74568,35.2257,0,0.7222855855603297,-0.732442841913378,-1.3702167624582482,-0.6127426454250565
3.10993,34.98511,0,0.8208204761340736,-0.6912704792339341,-0.29266681334168543,-0.728454326232025
3.16111,36.70736,1,-1.135457595256842,-0.6630376336777687,-1.756149438772145,-0.5702665229186599
10.16302,35.6409,0,-1.0609556048230355,-0.8094451392166911,0.16776541000299983,-0.850241227297896
0.33007,34.7979,1,1.500951550094306,-0.47764047580587776,-0.08302030625689799,-0.056794312936888754
-0.2696,35.76373,1,-1.027309544627123,-0.6464733293492977,-0.883559530418752,-0.6064014237449199
4.59512,36.64921,1,1.402416659520562,2.239737741246075,0.75049786456873,2.320252694868422
-0.88754,34.4898,0,1.5249844502342436,-0.7292993803857178,0.861620286288034,-0.5017658757660934
2.84209,35.66547,0,0.3161295731953853,-0.8287010282125248,-1.756149438772145,-0.8322627372288638
0.26313,35.75334,0,-0.9335812340813666,-0.7118158727596351,-0.9450305294642006,-0.43778969457480654
9.51739,33.87181,0,-1.0345194146691044,-0.6127948336389066,-0.8465804144617707,-0.6344606224722329
6.90096,36.81923,0,-0.6355732723461411,1.5987748263314063,1.4600727744691686,1.3491415517122858
9.58137,36.99002,1,-0.8446595035635978,0.7348910659708018,0.9307003206993443,0.21567547247825275
-0.59293,35.50983,1,-0.960017424235298,-0.7446884232914767,-0.4472645762420555,-0.8008414398523076
-0.61667,33.32554,0,1.5321943202762247,-0.7877444399719243,0.24659030004297866,-0.8002637113085306
3.48512,33.33347,0,0.6670099152384734,-0.6986714470897822,0.6292934303059596,-0.714772138052367
9.29389,36.76705,1,-0.4841660014645347,0.006934545596262626,0.689577796787304,0.03206531921305625
6.76524,36.06904,0,1.178910688219143,0.5074081434690482,0.3921293564023645,0.9293675102481441
5.13247,36.32676,1,0.8640796963859613,0.7261479704023268,-1.3894410680529492,0.2712889591110384
3.67336,36.33778,0,0.5588618646087545,-0.31135658530745264,0.6564525367454102,-0.2198918800030798
10.64004,35.83609,0,-1.185926685550711,-0.636510616870682,0.33833174693863416,-0.7335040114752829
2.47064,34.26932,0,1.921527302543213,-0.3977997608070512,0.008861536387833074,-0.25976536708575915
6.12099,36.55996,1,0.9818409070716552,2.239737741246075,1.153854407840606,2.0031260974298895
5.74586,36.58976,1,0.6021210848606421,1.640501589946741,-0.054734631188142674,2.320252694868422
5.00782,36.79076,1,-1.1426674652988233,2.239737741246075,-0.00220842432457594,2.320252694868422
-1.76273,34.79435,0,-0.1501086895194029,-0.5720593868588844,-0.583352143432643,-0.6074482031268699
5.46565,36.18493,1,1.4000133695065684,-0.37898304465186006,-0.8262968532681434,-0.5248542727699504
6.13608,35.75684,1,0.8400467962460236,-0.7055441200721081,0.29933679064771873,-0.7424323029818307
7.97002,34.72279,0,1.440869299744462,-0.16023571009280238,-0.6965339740297196,0.12959406019324704
9.25,33.82249,0,-1.1090214051029108,-0.7610612909183923,1.6424685998050454,-0.720580371725649
2.76219,36.60608,1,-1.1522806253547984,-0.7610612909183923,0.7698786914516524,-0.8269554842752088
3.80432,33.57662,0,0.6357671450565546,-0.7282680125385013,-1.6870692564201086,-0.7571834085945803
-0.8264,34.91876,0,1.1116185678273178,0.5759216194922829,-0.8644116362090851,0.24416811538805647
5.89148,34.43791,1,-1.1210378551728795,-0.6111476853615682,0.935253936248918,-0.6106125792837496
-1.70178,34.77147,1,-0.05638037897364651,-0.05471478883757718,0.26187568380508075,-0.44258420816819305
-0.59504,33.37785,0,1.510564710150281,-0.6569200975511835,0.9977080014193477,-0.7367477918817117
9.16541,37.01318,0,-0.871095693717529,1.750743070515191,-0.31536269601521355,1.184269168782547
-1.27132,34.67196,0,1.1356514679672554,-0.22917221911241692,-0.46782952069673833,-0.46150471242356317
1.56116,34.6906,0,1.2630258387089244,-0.8094451392166911,1.0403551704156668,-0.828668305151294
3.75648,36.64741,0,-0.7124785527939413,2.239737741246075,-0.09809591006938032,2.320252694868422
9.67142,34.37903,0,-1.077778634920992,-0.8247899895070685,0.6040603641796963,-0.850241227297896
4.87061,35.92022,0,1.6787950111298438,2.1739058681604737,0.5773095741443013,1.5847930981351612
7.92763,36.28828,1,0.4867631641889419,1.1650731834870791,-0.8609903589771345,1.1478014231314313
0.38051,35.00069,0,1.0106803872395802,2.239737741246075,1.628559804499369,1.6220275831544857
7.35227,33.78791,0,-1.125844435200867,-0.7570555770188393,-1.062294562487111,-0.7854485137155529
4.36697,35.68852,0,-0.09483301919754657,-0.7356646061165195,-1.5312287914204397,-0.7164935017110604
3.22537,33.01898,1,0.6742197852804547,-0.6912704792339341,-1.4744521735254557,-0.6084989794614735
5.66867,35.94011,0,1.1068119877993303,0.4272089548508928,-0.2302793214980039,0.2994241280863248
1.77608,33.44678,0,1.277445578792887,-0.6729474049853428,1.366995570757493,-0.7039833354544259
9.3362,36.89493,1,-0.5827008920382786,-0.0501546817579454,0.8842812549502009,-0.1183246405796758
7.11991,36.49486,1,0.4531171039930293,2.239737741246075,-1.7394892418423307,2.320252694868422
8.79681,34.37935,1,-0.5538614118703535,-0.5802217582663715,-1.4839742674057885,-0.7217669177864845
6.41896,36.19383,0,0.7535283557422485,2.239737741246075,-0.26483442865772194,1.4656688219672547
-1.34159,35.31062,1,-0.7893838332417414,-0.1546023848057226,0.6623203097649923,-0.3172749292442894
6.69589,36.44449,1,0.49397303423092315,1.2835029398742788,0.07026522240290298,0.7614966246966526
3.88521,34.77595,0,1.8398154420674253,0.3204599473390902,-0.20936050282647312,0.11357281028458194
2.63756,33.61824,0,0.7631415157982235,-0.19957132592073842,-0.010969622065359003,-0.4843259609933648
7.63179,36.7294,1,-1.1330543052428483,-0.8452684910953331,0.861620286288034,-0.8488496051962409
6.91248,36.77959,1,-1.1306510152288545,-0.8247899895070685,0.6040603641796963,-0.7448402980703364
5.90395,36.41238,1,-0.04436392890367774,-0.5351259010477922,-0.5881825560807629,-0.6863304140675665
5.80026,36.47848,1,0.12626966208987878,2.239737741246075,0.8948596086297563,2.0408595822847353
6.96066,35.57135,1,0.8592731163579738,-0.7773588418573524,-0.12062447178168145,-0.822881980830278
8.50636,34.71672,0,0.3281460232653541,-0.7789992891133342,-1.2410295205851067,-0.6791283698203137
5.32012,36.41185,0,1.0947955377293617,1.3052889530483538,-0.7341750507656667,1.483231769698076
4.1654,36.62495,1,-0.6139436622201974,2.239737741246075,-0.15829432298885643,2.320252694868422
5.24466,34.00763,0,-0.6716226225560475,-0.6961677004273207,1.2190903504247517,-0.6943132292386468
-1.29791,34.9435,1,0.010911741418178597,0.8019978238811117,-0.30550866013067807,0.17323616697235597
1.35588,35.34148,1,1.1428613380092367,-0.7458657555159275,0.861620286288034,-0.590488232295673
0.33119,34.80086,1,1.412029819576537,-0.19442438310045548,-0.08004980441739538,-0.5077586307289604
1.3541,35.3388,1,1.1428613380092367,-0.7458657555159275,0.861620286288034,-0.590488232295673
3.11262,33.96627,0,0.6646066252244797,-0.1954505700654195,1.119180356337098,-0.3734886906115251
5.64529,35.81552,0,1.1164251478553053,-0.21420176512290204,0.5467976870290877,-0.08590428799880537
4.10369,33.99024,0,0.3017098331114228,-0.6246453262103798,-1.0008235634416622,-0.7315908081629907
9.20077,34.13013,0,-0.08041327911358405,2.067728432951788,-0.032682290673179994,2.149492476982975
9.74372,35.31225,0,-0.676429202584035,-0.8247899895070685,-0.2685295441736967,-0.850241227297896
7.23951,34.57095,1,-0.8374496335216165,-0.7423685203908622,1.1882603907484082,-0.7247718943456342
6.35397,33.00551,0,-0.9455976841513355,-0.6275552912693356,-0.08979451210533784,-0.6733143799722592
-0.98777,35.61503,1,-0.5851041820522723,0.4991565802263755,-1.435120319216013,0.09911262371515547
1.19285,35.34465,0,1.1260383079112803,-0.013757649934342182,1.0266416568684515,1.6735747615608059
7.76803,36.78858,1,-1.173910235480742,-0.8452684910953331,0.861620286288034,-0.8341564413231923
-0.06526,34.75571,0,1.0106803872395802,-0.3804043126676378,0.027280748551059875,-0.413110369677024
6.8887,36.65587,0,-0.7172851328219289,-0.007496910499507634,-0.09740369541192563,0.40411749114085976
9.27448,33.45376,1,-0.950404264179323,-0.6766151128527891,-1.656239370714128,-0.711941394851852
6.93383,36.88163,1,-1.1282477252148608,-0.7282680125385013,0.05811056028667739,-0.06650088430874397
8.9478,33.67383,1,-1.1378608852708358,-0.7789992891133342,-0.3684396862020767,-0.7941526873610684
4.32635,36.78379,1,-0.3183389904989657,0.4910544249413564,-1.4803826734129073,1.6493367903081597
4.77406,33.88668,0,-0.2822896402890594,-0.6246453262103798,1.1018263174018414,-0.6730851462933057
8.68277,36.47934,0,-0.8182233134096665,-0.1149011910348899,1.6100672137359933,-0.11153134103636728
1.44518,34.56232,0,1.217363328443043,-0.8452684910953331,0.861620286288034,-0.8704086057386067
0.61642,35.87416,0,-1.0297128346411168,-0.5687645318857613,-0.42505601032032386,-0.6839009705429897
1.80983,35.51916,0,0.9409849768337614,-0.6089681626537242,-0.3174183324044704,-0.4893177326444755
-0.4002,35.40416,0,-0.2342238400091843,-0.09806164845884767,0.5717372387547547,0.0016152391100081492
-0.34276,33.47535,0,1.5273877402482372,-0.5632008848114909,1.5457304548851258,-0.6708063625509734
3.95994,36.77414,1,-0.06118695900163402,2.0799327301439137,-1.7004754970791995,2.320252694868422
9.00709,37.05915,0,-0.7148818428079351,0.639348772119914,-0.595927548973917,0.4554555895168182
1.86817,34.40496,0,1.4697087799123871,-0.6766151128527891,-1.1411194895122712,-0.7297012769435277
6.70339,34.07577,0,-1.212362875704642,-0.8384060150665126,-1.3198544845954485,-0.8361244901442567
6.1731,36.34085,1,1.1164251478553053,0.7194083561264745,0.1237117685235814,0.7926940223557192
1.97303,35.4564,0,0.8304336361900486,-0.8452684910953331,0.861620286288034,-0.8623229701919665
1.43703,33.90885,0,1.8446220220954128,-0.5782800752818147,-0.07602448520074984,-0.5446518266572596
6.9898,36.86673,1,-1.0008733544731918,-0.08264024055063404,-1.6372369762085874,0.02645010739063655
10.85779,33.84835,0,-1.1570872053827859,-0.7557539501551984,0.4867963311567861,-0.8140626414679847
9.45479,36.91254,1,-0.7749640931577789,-0.06117717937804889,-0.2993595038500403,0.09442639376161843
4.64219,36.81256,0,0.3353558933073354,2.239737741246075,-1.2674623490149164,2.320252694868422
2.21276,34.90474,0,0.9145487866798301,-0.7282680125385013,0.2774201117785962,-0.7968774690949304
-0.65294,35.35484,0,0.8400467962460236,2.239737741246075,0.03251074910039479,1.460597308295948
-0.80197,33.16763,0,1.7268608114097188,-0.7789992891133342,1.2190903504247517,-0.7854485137155529
2.47194,36.49315,1,-0.950404264179323,-0.6834069392533778,-0.22234392889035015,-0.6979131887921136
3.24149,36.53313,1,-0.051573798945659,2.239737741246075,-0.7325474068970375,1.9747954718403284
3.51097,33.20567,0,0.49877961425891065,-0.7570555770188393,0.16776541000299983,-0.7797396549813113
6.27751,34.32108,0,-1.2604286759845171,-0.8384060150665126,1.2979152404647305,-0.8381764010837188
2.4701,36.49344,1,-0.960017424235298,-0.6826395947499344,-0.33760972652573307,-0.7214694825844338
7.62778,36.81524,1,-0.8759022737455165,0.9579655850708568,0.44668057592488397,0.9712052462321115
7.06178,36.36056,1,0.2656604829015165,0.07003955282682658,-0.72354240283963,0.515413594798807
2.68839,36.27035,1,0.15030256222981633,1.5479309508815104,-0.5495690649521143,1.3093283003949503
7.62773,36.79362,0,-1.1090214051029108,-0.31135658530745264,-1.6038471981484144,0.0805321982059931
-1.14533,35.58622,0,-1.0321161246551105,-0.23854744436219394,-1.0482930823165284,0.7472320073317164
9.14607,36.47535,1,0.767948095826211,0.7180398586538796,1.1737722595592968,0.558287048176042
9.19824,36.82539,1,-0.3952442709467658,0.7987496899180023,-0.28087209101207816,0.5383903304563467
3.95921,34.6126,0,1.2534126786529494,-0.4070487834879464,1.1826492948886216,-0.6403405620390726
3.33229,36.58946,1,-0.7821739631997602,0.40304991146567987,-0.8180806691623386,2.320252694868422
6.62702,36.4296,1,0.08060715182399746,-0.14004919348864153,-0.3658914071948835,-0.3908362532599112
10.00149,37.09267,0,-1.1210378551728795,-0.506183910599595,1.1307516881702835,-0.5521433544225868
0.24281,33.79165,0,1.5922765706260686,-0.7557539501551984,-1.3813254836408972,-0.7783604881722564
3.39106,36.67986,1,-0.9744371643192605,0.8438804482894803,-0.1027109210202884,0.13245396425960124
8.79245,34.3806,1,-0.5706844419683098,-0.7652329869453198,-1.4559420887712176,-0.70943289892215
3.30893,33.12452,1,0.6069276648886296,-0.6953414738010312,-0.06633643881090638,-0.5397011504348415
9.67861,33.52859,1,-0.7653509331018039,-0.7789992891133342,-1.3986794486057905,-0.7687483799912863
3.06057,34.03729,0,1.2630258387089244,0.42984158759310354,-0.046530430281152495,1.2402003850037446
1.04322,35.50425,0,0.40985788374114174,-0.46293266462564353,0.4579647548086959,-0.6373830985509046
9.37998,36.79208,1,-0.4625363913385909,-0.30837835359342686,-0.38838949311760657,-0.20008377078305858
9.3445,34.79157,0,-0.2630633201771093,-0.6172415662622998,-0.6091711288046532,-0.6907802327159058
3.18127,36.51597,1,0.20557823255167265,2.239737741246075,1.1614635911471938,2.320252694868422
5.47169,35.33323,0,0.11905979204789752,-0.6961677004273207,-0.883559530418752,-0.6812621655125122
9.31532,36.32492,1,-0.520215351674441,-0.6089681626537242,1.4277613363615895,-0.6471806428169613
4.18099,36.63181,1,-0.2342238400091843,2.239737741246075,-0.8690713252592775,2.320252694868422
6.17235,36.34237,1,1.0875856676873803,1.352216701980282,-0.06469400086966638,1.485908039122793
4.13551,36.6253,1,-0.7317048729058914,1.0453089311060195,1.3488920641037785,2.320252694868422
1.20142,33.84309,0,2.027272063158938,-0.25457101349508715,0.23981624213526492,-0.3533281177215806
-0.29064,34.06309,0,1.1596843681071929,-0.8452684910953331,0.861620286288034,-0.8646454723631704
-0.25906,35.77485,1,-1.027309544627123,-0.8452684910953331,-1.756149438772145,-0.8744837558154406
8.97866,36.76194,1,-0.5154087716464535,-0.5159582499222984,0.1509370044676017,0.21369388468376302
9.25234,36.70218,1,-0.7653509331018039,0.938562653639955,1.579612431741057,0.2740496711974525
3.41845,36.30528,0,0.15030256222981633,2.239737741246075,0.2558996181739882,1.7074822057092685
3.36417,35.60888,0,0.46032697403501055,-0.6912704792339341,-1.1652567956654416,-0.6371871915757675
5.76894,36.74633,1,-0.8903220138294791,1.697269168275834,1.0809299857206789,0.5212446420645243
9.05051,36.06266,0,-0.02513760879172771,-0.7055441200721081,-0.32127603477843675,-0.7930855572976494
3.85719,34.30196,0,0.7463184857002673,-0.5632008848114909,1.0501000260443354,-0.6863304140675665
1.3578,35.33994,1,1.1428613380092367,-0.7458657555159275,0.861620286288034,-0.590488232295673
5.97673,35.47404,0,1.4745153599403746,0.18426578333565513,1.0403551704156668,-0.2872589970125795
0.3801,33.55356,0,1.7773299017035877,-0.7212601712689046,-0.4472645762420555,-0.6735438529054207
11.10697,33.48241,1,-1.195539845606686,-0.7624323943437369,-0.883559530418752,-0.7738875814928314
3.32182,33.18524,1,0.5852980547626858,-0.8121336448267868,0.861620286288034,-0.8414379566704349
6.8788,35.25967,1,1.7244575213957252,0.5415612638356151,1.3256677371565961,0.5205902677314802
8.04082,33.16636,0,-1.0321161246551105,-0.8149761459571895,0.4253253321113375,-0.7278345593164998
4.64021,36.55327,1,-0.9359845240953604,-0.8247899895070685,0.24659030004297866,-0.3317116970488719
-1.1073,34.81986,1,1.6259226308219812,2.239737741246075,1.0312494187237804,1.0799619901675064
3.94656,36.38478,0,0.015718321446166104,-0.5135873292919577,-0.857126738974124,-0.3892696167050006
4.14173,36.6213,1,-0.22461067995320927,2.239737741246075,-0.5918977915354882,2.320252694868422
-0.88222,35.68797,0,-1.1210378551728795,-0.5268351864673789,-0.8008500127926554,-0.52137073149941
6.2673,34.48844,0,-1.2508155159285421,-0.8452684910953331,0.861620286288034,-0.8602232647059838
5.31907,36.58785,1,-0.3495817606808845,2.239737741246075,1.461577627535129,2.320252694868422
4.36077,34.87065,0,0.7655448058122173,-0.7877444399719243,-0.2685295441736967,-0.7708614238993728
7.24028,34.57044,1,-0.8374496335216165,-0.7090964369722593,-0.4046171113642842,-0.726909504031386
10.54106,36.3973,1,-1.1667003654387609,-0.6246453262103798,-1.5159434816287007,-0.6851119909019404
8.83405,35.31327,0,1.8758647922773315,-0.2618305773910131,1.4629369069266003,0.23127158173282736
2.15709,33.04207,0,0.7415119056722798,-0.36942757433689044,-1.0741120676885385,-0.26365186873791774
2.57757,33.05973,0,0.6934461053924047,0.01771779193533938,-1.3568336375376115,-0.32735006468689815
4.81661,36.87041,1,-1.0801819249349855,1.1179965229694495,-0.20431986640655517,0.5455498296758812
5.99986,35.85247,1,0.885709306511905,-0.8287010282125248,0.861620286288034,-0.8295447953505992
6.12655,36.55721,1,0.6117342449166171,1.0254883026772257,0.9150564765578849,1.0942737828327773
2.83934,36.49262,1,-0.7485279030038476,-0.46293266462564353,0.03521599321798752,-0.6385618055179791
0.18264,34.01411,0,1.294268608890843,-0.7789992891133342,-0.010969622065359003,-0.8100446274071215
10.60729,34.74103,0,-1.0825852149489794,-0.8247899895070685,1.119180356337098,-0.8381764010837188
4.15761,35.73322,0,-0.02994418881971522,-0.6766151128527891,0.6040603641796963,-0.7575646249908115
4.99673,35.96445,1,1.4000133695065684,-0.1590665059590711,-0.15657924615109792,0.026078053023199543
9.60579,33.44508,0,-0.8158200233956727,-0.7726182803056105,-1.0949338372437432,-0.7638281734959638
10.75013,35.15595,0,-1.1090214051029108,-0.8094451392166911,0.6828852542196752,-0.846218533706197
10.0802,33.9277,1,-1.1787168155087295,-0.7046686130179255,0.16776541000299983,-0.7626292002900819
4.32013,34.62733,1,0.6213474049725921,-0.43729213710218484,0.6623203097649923,0.025227096173724917
6.55493,37.02053,1,-0.8374496335216165,2.239737741246075,0.5906647752528852,2.320252694868422
10.01064,36.47496,1,-0.9167582039834103,-0.6961677004273207,-1.756149438772145,-0.6721706885622349
2.70286,35.19669,0,0.6670099152384734,-0.7356646061165195,-1.5312287914204397,-0.7920307628997267
7.2474,34.71455,0,-0.539441671786391,-0.5595487040791787,1.6424685998050454,-0.4524449436927531
8.84913,33.55029,0,-1.0994082450469358,-0.5632008537882438,0.5349801818276599,-0.5086593243061747
6.16848,36.13419,1,0.7126724255043547,-0.6439399244626839,0.07382822685046413,-0.6907802327159058
8.50727,35.66586,0,0.5204092243848544,-0.11783704499348487,1.4212836037282681,-0.4144474347823344
3.91264,36.89076,1,-0.8590792436475603,0.9415504405140633,0.7230693580670388,0.5519998979469453
2.48783,33.32047,0,0.9433882668477551,-0.6365106323823055,1.0274387615007161,-0.5619024209824637
4.24617,33.58183,0,0.2872900930274603,-0.6246453262103798,-0.7662954973958418,-0.6181423877223794
10.41265,33.55333,0,-1.125844435200867,-0.7090964369722593,-0.13244197698310917,-0.7806692912808221
6.47533,33.49915,0,-1.008083224515173,-0.8618359966351061,-0.883559530418752,-0.8744837558154406
7.29087,36.29833,1,0.5035861942868981,0.29931760449420924,1.0553652364864836,0.1789410006063901
8.44665,35.40854,0,0.7991908660081298,-0.33189887650845146,-0.010969622065359003,-0.2889636128767031
-0.25665,35.74756,1,-0.9984700644591981,-0.07547827578983649,-0.5893683010005105,-0.2866109277316089
2.04629,35.10926,0,0.9505981368897364,-0.6596161418103054,0.5223571393725795,-0.7646341646280848
9.72891,36.34476,1,-0.6259601122901661,-0.3193788247081453,0.10866323786397665,-0.42984020610754264
6.43648,34.1452,0,-1.2604286759845171,-0.8384060150665126,0.4253253321113375,-0.8602232647059838
5.24813,36.49308,1,2.4430412355798574,1.1054293778801654,1.106698893156902,2.320252694868422
9.13464,36.88007,1,-0.832643053493629,0.1148095728819431,0.09314869391713482,0.2561128113606369
10.58287,34.60112,1,-1.1594904953967795,-0.7292993803857178,-1.756149438772145,-0.7915078587540565
-1.49013,33.2496,0,1.6307292108499687,-0.7570555770188393,0.16776541000299983,-0.7591011436630501
3.51371,36.6528,1,-0.2342238400091843,2.239737741246075,-0.8982391708778089,2.320252694868422
3.17747,36.52171,1,-0.7196884228359226,2.239737741246075,0.14562371328946852,2.320252694868422
-1.0763,34.93067,0,0.12626966208987878,-0.5861290808711416,1.4168276290579251,-0.12047578923885313
6.51151,36.29058,1,0.29449996306944154,-0.4094663630818068,1.5039481473736283,-0.47879856953910993
0.96892,35.16237,0,0.8400467962460236,0.28670317997646494,-1.1053298539783718,0.6770851504893668
4.42027,36.66115,1,-0.046767218917671494,2.2055354335213564,-1.2422127135273289,1.5447976758489914
4.30476,36.87276,1,-0.2774830602610719,2.239737741246075,-0.05512046060182975,2.320252694868422
-0.29651,33.24754,0,1.6018897306820437,-0.7789992891133342,0.861620286288034,-0.8120257155825296
0.79667,34.87711,0,1.0010672271836052,-0.1470970547468955,0.991466382184893,-0.3816059947951349
7.31033,34.6273,1,-0.6115403722062036,-0.39514901048858014,0.25540712349677797,-0.36783559218155737
10.67415,36.52921,1,-0.7004621027239726,-0.2101980289553467,1.4703377896908294,0.13269186738515562
5.78877,34.66433,0,-1.1210378551728795,-0.8094451392166911,0.16776541000299983,-0.7894450723034566
6.02438,35.8668,1,0.8977257565818738,-0.4709182655716043,1.2143825806385746,-0.5276927565477876
5.60834,35.14091,1,-0.2342238400091843,-0.3781323251720474,-0.5146765789665093,-0.47017824041977113
1.28674,36.44139,1,-0.8831121437874978,-0.7136565285402676,-0.6259996083104143,-0.3768153937117404
3.75936,36.37165,1,0.32574273325136033,-0.7446884232914767,-0.08979451210533784,0.4537568283439056
3.13514,36.61433,1,-1.075375344906998,-0.7458657555159275,-0.010969622065359003,-0.7462351501038015
6.93746,36.81812,0,-0.7509311930178414,1.5307070923213708,0.4253253321113375,0.9509594988440685
6.47409,35.66842,0,1.0443264474354927,-0.2784962656907491,0.052242787267095164,-0.20848136830839462
7.12213,34.51767,1,-0.9648240042632855,-0.7282680125385013,1.4458204607974718,-0.761441922392845
5.8399,36.17798,1,1.265429128722918,-0.22485893298608503,0.9486138714607374,-0.004964420499206948
6.19276,36.59202,1,0.3401624733353229,2.239737741246075,-0.131720026239707,2.320252694868422
5.48106,36.33813,1,1.2678324187369119,-0.4143408907699974,1.7136452501867443,-0.47594440757375117
7.95441,33.89932,0,-0.7845772532137539,-0.5288884910947176,-1.7007826959969607,-0.4160983169660648
9.38573,36.74372,0,-0.8374496335216165,-0.37474424534162587,-1.4137915567924397,-0.14494378230196192
1.40065,36.52996,1,-0.8254331834516477,2.239737741246075,-0.05463521502019876,2.0790760791644884
5.00621,36.78964,1,-1.1426674652988233,2.239737741246075,-0.00220842432457594,2.320252694868422
5.72329,36.51365,1,0.6886395253644172,1.7424107227372754,1.570963521011389,1.2216680355166416
4.47131,35.71286,1,-0.015524448735752695,-0.6679291776169504,1.5404652444429774,-0.5384395770690882
6.8021,35.24631,1,1.8566384721653815,2.239737741246075,-0.6369686734476184,2.0327413773794007
10.27683,36.69448,0,-1.1306510152288545,-0.8149761459571895,-0.4472645762420555,-0.7226625448039968
2.7202,36.459,1,-0.8951285938574666,-0.43600240765377657,0.11987744078434,-0.6621423202804294
6.22874,36.66197,1,0.8015941560221236,2.239737741246075,1.54669325313063,2.320252694868422
-1.50128,35.05315,1,-0.960017424235298,-0.6229163696306468,1.407570090181053,-0.5976580335199346
-0.2622,35.62646,1,-0.9263713640393854,0.14723897959752355,-1.655424883046546,0.0011234450482847872
6.00369,33.60321,0,-1.145070755312817,-0.8384060150665126,-1.3198544845954485,-0.7505069213999526
2.71812,36.44915,1,-0.813416733381679,-0.4740879107197503,0.18277547607381678,-0.5192435082610468
10.10393,33.04441,0,-0.37601795083481576,-0.7212601712689046,0.4253253321113375,-0.5411083592444682
0.53273,34.76638,0,1.6571654010039,0.041165037940900165,0.7280014059939941,-0.3121770131674255
2.76083,36.67039,1,-0.8951285938574666,0.5282567582111334,0.02205725739367367,0.3210182558963455
-0.47667,34.16415,0,1.383190339408612,-0.4612177926000581,1.4458204607974718,-0.6179606389668535
6.81904,36.43855,1,1.2197666184570368,0.464398382449909,1.1594536684423038,0.7192879039522964
7.33045,34.11731,0,-1.193136555592692,-0.8452684910953331,0.861620286288034,-0.726295816987503
2.84088,36.63277,1,-1.1715069454667484,-0.8287010282125248,-1.756149438772145,-0.8548071897905111
-0.95402,33.80238,0,1.395206789478581,-0.8094451392166911,1.0403551704156668,-0.8392373633143897
11.10559,35.20439,1,-1.195539845606686,-0.8384060150665126,1.2979152404647305,-0.8646454723631704
8.5699,33.25552,0,-1.0921983750049544,-0.6928871161478273,-0.9932143801350745,-0.7700115155462809
3.74634,36.1842,1,0.9217586567218113,-0.18303736232785406,-0.010969622065359003,-0.147632324060179
7.75564,34.3575,0,-0.969630584291273,-0.36776057118145855,1.6026388139967083,-0.5655252363496964
3.13701,36.5969,1,-1.0537457347810544,-0.7423685203908622,0.31567048239501505,-0.7534321981602372
8.01085,34.18935,0,-1.2291859058025985,-0.7877444399719243,-1.1411194895122712,-0.8449689054586297
4.24692,35.85011,0,0.7078658454763672,0.9682116949110102,0.8516123920483473,0.614684950840885
1.129,36.48316,1,-0.5250219317024285,2.239737741246075,-0.016276847673721773,2.320252694868422
0.83765,33.73562,0,1.8302022820114503,-0.6986714470897822,0.6292934303059596,-0.6179606389668535
8.94737,33.67273,1,-1.1378608852708358,-0.7789992891133342,-0.3684396862020767,-0.7941526873610684
3.99342,36.70103,1,-0.9840503243752355,0.3832260566191957,0.8099226954313926,-0.022868122517529517
-1.62199,33.30233,0,1.6259226308219812,-0.8247899895070685,0.24659030004297866,-0.8532106570149154
-1.43183,34.55684,0,2.005642453032994,2.2370982368546493,0.5804916312221369,2.320252694868422
-0.25377,35.74693,1,-0.9095483339414291,0.5218986057806526,-0.5605981940241178,-0.08161218009496216
3.48846,36.51978,0,-0.3784212408488095,2.239737741246075,-0.15063247278377453,2.320252694868422
7.64722,34.6133,0,-0.19336790977129048,-0.5967837048280689,-1.756149438772145,-0.5983341377645887
3.64421,34.51563,0,1.395206789478581,0.5093887916518635,-0.010969622065359003,0.2807982161300616
4.54012,33.79592,0,0.008508451404184844,-0.6496826377187601,0.4867963311567861,-0.5804480561150068
9.6851,33.52908,1,-0.7509311930178414,-0.7557539501551984,-1.2583835225351816,-0.7182326968451489
2.59987,35.26978,0,0.5468454145387857,-0.7423685203908622,0.5349801818276599,-0.6763173721288589
2.67177,36.40541,1,0.03254135154412238,1.6498835162178744,-0.7553946329333731,0.9582757236437127
-0.32662,35.78854,1,-0.9864536143892293,-0.7136565285402676,-0.2685295441736967,-0.7816073507358372
4.42106,36.65778,1,0.05176767165607241,1.6105753249403052,-1.53655606299719,1.1213368677751585
9.60739,37.04352,1,-0.9984700644591981,0.009133287205636208,0.12767805939051025,-0.057847706994005
6.87097,35.54945,1,0.8688862764139488,-0.8452684910953331,0.861620286288034,-0.8532106570149154
10.55287,36.39654,0,-1.1618937854107734,-0.6439399244626839,0.9464181352038572,-0.7026464814557698
1.47287,35.78475,0,0.270467062929504,0.07442437856078914,0.43921016101938454,0.15504958203734845
1.0878,33.71667,0,2.087354313508782,-0.8121336448267868,0.861620286288034,-0.7869280054435923
6.51445,36.28936,1,0.280080222985479,-0.6458371821575064,0.30385297719358734,-0.6165110399410549
-0.31235,35.83298,1,-1.1691036554527545,-0.3505857913981063,0.6201576466466737,-0.36905516939689337
9.13535,36.88339,1,-0.8734989837315228,0.18855791160751864,-0.9537247100560572,0.11551093825585161
10.86887,33.8385,1,-1.1498773353408045,-0.7877444399719243,1.4766501245923633,-0.7952325964139575
2.02844,34.21899,1,1.7965562218155378,-0.17183927312961111,-0.3043192166927777,-0.3911305640834792
9.50404,37.22989,1,-0.5178120616604472,2.239737741246075,-0.31514477932565793,1.4263345294270646
2.68906,36.27433,1,0.17914204239774137,1.8002437634620614,-1.1855266723419038,1.382991349670363
8.9882,36.72415,1,-0.41206730104472206,0.26697028529024663,0.5530391583228162,0.33677491879836
8.37154,33.05799,0,-0.9936634844312106,-0.5962666713932151,0.8269459389030738,-0.6479983574052812
10.11837,34.96184,1,-0.8398529235356103,-0.8149761459571895,1.2979152404647305,-0.8147548742610229
8.38447,36.79382,0,-1.1234411451868733,-0.5901387114556309,-0.3752137441097904,-0.5787011907724808
5.17752,33.31764,0,-0.7317048729058914,-0.5725331738873907,-1.627776758536949,-0.6008838557869758
2.92732,36.10168,0,0.7703513858402048,-0.23133999952126344,0.9941695551323202,0.20253000185634087
-0.57079,35.59676,0,-0.9816470343612418,-0.25434553653573777,-0.7144012933142042,-0.3260482403190693
9.81974,35.72331,1,-0.7172851328219289,-0.541913322147304,1.0676531931969317,-0.5286439468366966
9.02974,36.662,1,-0.66681604252806,-0.3781323251720474,-0.5146765789665093,-0.2172748330317662
1.90395,36.24681,0,-0.5971206321222411,-0.636510616870682,0.5123189172840409,-0.45255702725237895
0.88807,35.43643,0,-0.18615803972930922,0.9379645254373882,-0.041517310836290455,1.1134551023225756
6.96543,34.57418,1,-1.0441325747250794,-0.6834069392533778,-1.0949338372437432,-0.7390615348859866
-0.34992,35.80654,1,-0.9480009741653292,-0.7136565285402676,0.6040603641796963,-0.6925385963341996
5.895,36.41176,1,-0.03475076884770273,-0.6206304526971439,0.7070225233876639,-0.6915318427738939
-1.40862,34.42886,0,1.6259226308219812,-0.5050290081827404,0.6502459794630429,-0.6346543902332736
10.01288,34.14001,1,-1.1811201055227234,-0.8247899895070685,0.6040603641796963,-0.850241227297896
0.82681,33.09826,0,1.2245731984850243,-0.7506998056225674,0.24659030004297866,-0.6415336242586358
10.34586,36.40875,0,-1.0297128346411168,-0.5921658634857307,1.3220526575734455,-0.502906133174542
3.23873,36.6262,1,-1.0104865145291668,0.9573741578896465,-0.14827814406850764,0.5560376082586493
5.59423,34.21888,0,-0.9864536143892293,-0.4161826168526522,-1.3490647892023726,-0.5558058578408172
5.29515,34.72124,1,-0.813416733381679,-0.8094451392166911,1.5554753105137944,-0.8278054067020777
1.7192,36.31899,0,-0.5418449618003848,-0.49855399118073107,-0.46517797906272246,-0.47725006000891024
0.86604,34.29339,0,1.2413962285829805,-0.5841459818518117,0.15728543690630556,-0.7150578216506648
1.02789,35.5355,0,0.40505130371315423,-0.36942757433689044,0.4517581975263287,-0.314720257252416
9.026,35.88724,0,0.9457915568617489,0.46828348572085565,0.24659030004297866,0.36908448260708393
7.2628,36.63183,1,-0.9119516239554228,0.6906682959931375,0.9446218389074659,-0.03600182746191162
9.81745,36.37705,0,-0.7653509331018039,-0.7090964369722593,-0.13244197698310917,-0.7472906130061293
10.82093,33.46816,0,-1.173910235480742,-0.7915465172780308,-0.4472645762420555,-0.7173608404369042
2.51653,34.51309,0,1.2918653188768494,-0.4527513313252702,-1.0907571746642901,-0.5946351269689513
4.47366,36.88981,1,-0.33035544056893446,2.239737741246075,-0.20139123179254087,2.320252694868422
7.36744,36.84657,1,-1.0008733544731918,-0.07756762943021366,0.05956481762430926,-0.2546718983224114
11.37128,33.02408,0,-1.1907332655786984,-0.732442841913378,0.374963054248538,-0.8147548742610229
10.74825,35.14178,1,-1.106618115088917,-0.7935268707399993,-1.0196470976093395,-0.8037922182964247
-1.7291,34.82704,0,-0.25585345013512806,-0.7212601712689046,0.4253253321113375,-0.7113808081683995
2.13968,35.53868,0,0.7967875759941361,-0.5797351276135985,1.7015709198847948,-0.6058795118005246
5.48212,36.52253,1,1.6018897306820437,2.239737741246075,1.5467959239945483,2.320252694868422
6.91785,36.83276,1,-0.7341081629198851,1.4190335786704267,0.9500707917314392,0.9037301552058552
-1.38712,35.15537,1,-0.07560669908559654,2.239737741246075,-1.426776203367307,1.418592826202683
8.52768,34.93665,1,0.6093309549026233,-0.6729474049853428,1.5863049743086857,-0.635430981245347
9.42871,36.87857,1,-0.6379765623601349,-0.24317791216606957,-0.16148274151791464,-0.04097972236895011
7.58064,36.3687,0,-0.3015159604010094,1.981415058717726,-0.2413485425067824,1.001705372685992
9.57862,36.66063,1,-0.9744371643192605,-0.4312004743636153,0.861620286288034,-0.2509169020420689
6.10269,36.31556,0,1.4288528496744934,-0.7202873598004403,-0.21026959858840066,-0.36298588123497494
4.11978,36.61671,1,0.31372628318139156,2.239737741246075,-0.47212142910182875,2.320252694868422
5.24481,36.48859,1,2.024868773144944,2.239737741246075,1.642842593960644,2.320252694868422
3.18031,36.70549,1,-1.1667003654387609,-0.7789992891133342,-1.756149438772145,-0.8341564413231923
0.23558,36.08886,1,-0.49137587150651596,0.7022122943956658,-0.4472645762420555,0.3146575842564646
7.67853,36.79686,1,-1.0489391547530669,0.19786128701719477,-1.7301290321015403,-0.14605735582931426
5.15639,35.85061,0,2.5559958662375637,2.239737741246075,-1.2813591241365965,2.320252694868422
10.21503,36.88947,1,-1.185926685550711,-0.7789992891133342,-1.2410295205851067,-0.816874166926075
4.07648,36.31724,1,-0.217400809911228,-0.22917221911241692,1.675950249056131,-0.43692348175111867
10.58583,35.00617,0,-0.9191614939974041,-0.6030691542791556,0.374963054248538,-0.6989545779174919
-1.10806,34.82314,1,1.61871276078,1.2940535739071914,0.1436281408350111,1.2410659785812468
7.30785,34.6264,1,-0.6355732723461411,-0.2908363206118388,-0.5971679579919611,-0.4943733992429369
-0.3795,34.87488,0,0.7150757155183485,-0.5317845732506316,0.15894858654920055,-0.6084989794614735
5.40089,34.78659,1,-0.7172851328219289,1.5614188659423809,0.5433329152236616,0.7007716548660238
4.50659,36.83256,1,-0.7172851328219289,2.239737741246075,-1.0939558750738128,1.858477619386368
7.10106,34.33941,0,-1.1018115350609294,-0.6275552912693356,-1.6773244747618032,-0.733183467131481
6.97566,36.5342,0,-0.1621251395893717,2.09780460228783,-1.3894729492794253,2.320252694868422
-0.13599,34.36285,0,1.4000133695065684,-0.8021013006702323,1.1882603907484082,-0.8043954485240342
1.1498,36.48302,0,-0.6307666923181536,1.839058312833031,-0.5746820771791419,1.7140092856878002
1.52862,35.2413,0,1.275042288778893,-0.8021013006702323,-0.556919425958378,-0.7996899304591879
3.00533,36.49053,0,0.14789927221582258,2.239737741246075,-0.09008033358817658,2.0501757470840114
5.05197,36.02196,0,1.1909271382891118,-0.615564635667821,0.4517581975263287,-0.5078871524600633
9.42878,34.90794,0,-0.3952442709467658,-0.6030691542791556,1.3482775183275302,-0.661707102802043
2.4638,36.49173,1,-0.9648240042632855,-0.6766151128527891,0.08894037202229489,-0.7634271975168956
6.63741,34.31522,0,-1.2508155159285421,-0.8618359966351061,-0.883559530418752,-0.8623229701919665
3.12575,36.68346,1,-1.1522806253547984,-0.7127333697786606,-0.010969622065359003,-0.7670853662118254
7.30835,34.62778,1,-0.6115403722062036,-0.39514901048858014,0.25540712349677797,-0.36783559218155737
10.70603,35.31688,0,-0.9624207142492918,-0.7252205989836185,0.7255327190974465,-0.793617553103229
6.16394,36.27272,1,0.9794376170576614,-0.2020562880071287,-1.5862313041279485,-0.1940278245616883
6.35572,33.17001,0,-0.960017424235298,-0.5239815751366369,0.7519654365717116,-0.5926372698883079
6.5117,36.29276,1,0.3353558933073354,-0.2784962656907491,0.9248326956204882,-0.40993718333577395
9.39716,37.16029,1,-0.5466515418283723,-0.3433998456673614,1.119180356337098,0.8315207582040024
4.0773,35.3839,0,1.803766091857519,2.239737741246075,0.2761179375074023,2.320252694868422
1.25289,35.32044,0,0.7318987456163047,0.9019948078182536,-1.625100362860947,0.3515479935769278
6.84412,33.40137,1,-1.0393259946970919,-0.8094451392166911,-0.7048244983503932,-0.8043954485240342
8.63784,33.82023,0,-1.1570872053827859,-0.8247899895070685,0.24659030004297866,-0.817595553548064
6.48046,35.22568,0,2.755468937399045,2.239737741246075,1.5165237008556283,2.320252694868422
9.4966,33.94696,0,-1.1378608852708358,-0.6766151128527891,-1.1411194895122712,-0.7427737891057333
2.831,35.18684,0,0.7631415157982235,-0.401655733249045,0.2823799725620597,-0.46912783000336816
5.3716,35.64791,1,0.7607382257842298,-0.022829840107217076,-1.0276203630428766,-0.043911515287962354
4.40125,36.66553,1,-0.32074228051295944,1.4049922088826998,-1.322703231217365,0.5581192887548039
2.23199,35.33509,0,0.6862362353504234,-0.5402030105390307,-1.6408836411367622,-0.5678105362507564
6.94368,35.32933,1,2.7338393272731016,2.239737741246075,1.558723792977652,2.320252694868422
4.3934,34.47632,0,-0.04196063888968399,-0.7202873598004403,1.0609201148703495,-0.47087995893847323
4.4137,34.18665,0,-0.19096461975729673,-0.6623486383846771,-1.2872151728536347,-0.7108220229283966
1.8741,35.46259,0,0.9025323366098613,-0.8121336448267868,-0.883559530418752,-0.8236747918702857
6.9059,33.4837,0,-1.0513424447670605,-0.8384060150665126,-0.4472645762420555,-0.8198080990591836
3.49554,36.46401,1,-0.008314578693771434,2.239737741246075,-1.7341606387990454,1.8430480310606598
0.81178,36.18063,1,-0.20538435984125925,0.8916538909352038,-1.1855588494498321,0.26418958306663215
6.53307,34.51208,0,-1.205153005662661,-0.8384060150665126,-1.3198544845954485,-0.850241227297896
1.23536,36.13347,1,-0.9960667744452043,-0.7292993803857178,-1.756149438772145,-0.7691678840977085
0.41722,33.10381,0,1.4745153599403746,-0.23351534960238313,-1.5774144067037863,-0.3658715684607006
7.02128,36.43864,0,0.5756848947067108,-0.17501996255369662,0.13810995175121976,-0.1405062078395687
10.5856,34.60306,1,-1.154683915368792,-0.7046686130179255,-1.5774144067037863,-0.7859392100226742
0.94457,33.96749,0,1.450482459800437,-0.7292993803857178,-0.010969622065359003,-0.7915078587540565
10.24475,36.77018,1,-1.1907332655786984,-0.7789992891133342,0.34650044207135866,-0.822881980830278
9.79787,35.19935,0,-0.5971206321222411,-0.6263870023213914,-1.2644877418202642,-0.5252583872012785
8.20922,36.26258,1,0.4218743338111105,1.2483543455572987,0.3577650927793245,1.113624663187263
5.01409,36.48318,0,0.2127881025936539,2.239737741246075,-0.3911546532292727,1.5420268306431735
7.42291,34.84672,0,0.7030592654483797,-0.4174146740848482,1.119180356337098,-0.448096512533558
2.43797,34.52426,0,1.265429128722918,-0.6263870023213914,-0.5026313929876028,-0.6081482609398919
7.7828,35.77662,0,0.6093309549026233,-0.6679291776169504,1.5404652444429774,-0.5530186870537379
0.55843,35.73761,1,-1.0008733544731918,-0.37137961908595224,0.9749541259811856,-0.5782265104235281
-0.96192,33.11593,0,1.842218732081419,-0.7282680125385013,0.7925402518767237,-0.733183467131481
5.64851,33.05447,0,-0.9359845240953604,-0.7877444399719243,-0.6259996083104143,-0.7622321508947826
9.559,37.26545,1,-0.8470627935775915,-0.024950030855133226,0.6237162128724516,-0.1059155099677618
5.07915,36.527,1,1.3375278291427308,2.239737741246075,0.07103303477139834,2.1173218495002963
1.23567,36.1346,1,-0.9960667744452043,-0.7292993803857178,-1.756149438772145,-0.7691678840977085
7.69173,36.77441,1,-1.1667003654387609,-0.7423685203908622,1.1882603907484082,-0.7884303178009552
3.31824,36.65678,1,-1.0585523148090419,-0.7681172259766834,-1.3198544845954485,-0.7150578216506648
9.71599,37.30465,1,-0.9287746540533791,0.030667763892863933,-0.11456452375888623,0.4286742052938582
3.35224,33.17765,1,0.5925079248046671,-0.7136565285402676,-0.2685295441736967,-0.788936347488063
6.53599,34.24231,0,-1.2556220959565296,-0.8384060150665126,-0.4472645762420555,-0.8602232647059838
6.51018,36.29156,1,0.3353558933073354,-0.2784962656907491,0.9248326956204882,-0.40993718333577395
2.81153,35.50204,0,0.37380853353123544,-0.7726182803056105,-0.22234392889035015,-0.7899565415053553
6.10017,36.13503,1,0.7871744159381611,-0.7055441200721081,0.5513138735749563,-0.12301436082989631
3.44738,36.71149,1,-1.0417292847110855,-0.001758540498014401,1.1526617097067313,0.46172630157443784
4.15709,36.7563,1,-0.027540898805721463,2.239737741246075,1.352127823665191,2.320252694868422
7.45673,36.92294,1,-1.027309544627123,1.102905822874481,-0.5465855443287144,0.8431023507312857
5.04525,34.21223,0,-0.5178120616604472,-0.6464733293492977,-1.756149438772145,-0.7360933612535598
9.74063,33.74775,0,-0.9047417539134416,-0.8021013006702323,0.5349801818276599,-0.633494063618895
0.76014,33.66752,0,1.979206262879063,-0.48339404719841134,1.0865410815804655,-0.2400083738236185
3.68564,35.90941,0,0.48435987417494814,-0.46812226441058047,-1.6143935966311307,-0.6287159319018778
3.26022,36.39219,1,-0.09483301919754657,2.239737741246075,-1.624578058127426,1.7309592922849169
10.03021,33.96379,1,-1.1787168155087295,-0.7412253214939464,0.1436281408350111,-0.7594882147504922
10.70977,34.81744,1,-1.077778634920992,-0.8287010282125248,0.861620286288034,-0.8213262866369455
0.38074,33.57809,0,1.7196509413677377,-0.6888738558434364,-0.17287624859831968,-0.7102650391318431
5.40436,34.79124,1,-0.7341081629198851,-0.5901387114556309,1.3699659246562694,-0.3031967049812724
2.3569,34.94722,0,0.7367053256442923,-0.8452684910953331,-0.010969622065359003,-0.8332008213129886
5.66699,34.90732,1,-0.5610712819123348,2.038297298967809,-0.7763627158666975,0.7590540925595127
5.30719,36.01834,1,0.9986639371696114,-0.5506059428928758,0.23336647029917773,-0.5971519967959383
4.79633,33.52062,0,-0.18856132974330297,-0.47942918315937344,0.03721422860551486,-0.6210675378186714
0.38447,35.76845,0,-1.0104865145291668,-0.8094451392166911,0.6828852542196752,-0.7844743690964393
6.79293,35.24042,1,1.3783837593806245,1.0486853772188083,-1.1154001052341127,0.5980300431988456
3.15437,35.2606,0,0.7150757155183485,-0.6316910468645893,-0.3043192166927777,-0.6873105681894376
4.20565,35.8947,0,0.5228125143988481,-0.5572883813244681,-0.6665742017043373,-0.2307608327607482
8.94556,36.5444,1,-0.8831121437874978,-0.8121336448267868,-0.010969622065359003,-0.8516921457402836
8.01234,34.21567,0,-1.2075562956766546,-0.7955663855340371,-1.756149438772145,-0.8056157716495485
5.13157,33.30688,0,-0.6403798523741286,-0.6030691542791556,0.374963054248538,-0.5638596892903847
3.50015,36.46346,1,-0.40245414098874704,1.3238584759712806,1.1998559848606754,1.590568525834374
9.43052,36.88482,1,-0.6860423626400101,-0.6744058543626753,0.4253253321113375,-0.47322774640918897
6.14146,34.71689,0,-1.1474740453268109,-0.7412253214939464,1.579612431741057,-0.7472906130061293
4.19199,34.48842,0,0.4002447236851667,0.7003954489571219,1.579612431741057,0.4863100373791793
2.0874,36.52442,1,-0.7437213229758601,0.6192784685990943,1.4350651700094925,2.320252694868422
3.2659,34.49627,0,1.7244575213957252,-0.32854848992316055,1.4843649375773915,-0.3858598220256755
9.17248,35.33936,0,1.294268608890843,1.2431553457285145,1.1230646880417634,1.0420981258430002
-0.74687,35.19942,0,-0.017927738749746448,-0.14690564131277528,-0.47456259902332043,-0.26365186873791774
2.48087,36.57731,0,-0.7893838332417414,0.011952121476467575,-0.2497060100060194,0.48079075242044744
9.61954,33.58282,0,-0.8110134433676852,-0.6206304526971439,1.579612431741057,-0.6070988356878755
9.65451,33.69862,0,-0.7965937032837227,0.08644898910616826,-0.06922956765065501,-0.25551795749750755
-0.24098,35.80509,1,-1.1907332655786984,-0.7127333697786606,-0.010969622065359003,-0.6490245327777772
6.93694,36.88264,1,-1.1282477252148608,-0.7282680125385013,0.05811056028667739,-0.06650088430874397
2.90293,34.90087,0,0.8160138961060861,-0.7090964369722593,-0.13244197698310917,-0.7545461657533441
8.18528,36.77702,0,-1.065762184851023,0.6422320726980553,-0.17813317435980608,0.3015073848454977
9.85015,34.80942,1,-0.8686924037035353,-0.8452684910953331,0.861620286288034,-0.8183248285220333
10.27127,33.54695,0,-1.008083224515173,-0.6596161418103054,0.5223571393725795,-0.7053301677609393
1.88198,34.8003,0,1.3759804693666309,-0.3151023321527805,1.2022617969486276,-0.5463659282470471
3.55766,36.48191,0,-0.2534501601211343,2.0133508855732005,1.6195957800230933,2.1510872047966765
8.87016,35.44986,0,0.9097422066518426,-0.7118158727596351,0.8001494351833115,-0.5699584760887891
4.0493,34.13934,0,0.03975122158610364,-0.6569200975511835,-1.6200618715815576,-0.5508347183467144
1.35373,35.34068,1,1.1284415979252742,-0.7652329869453198,-0.311177009051468,-0.772580620196416
9.19201,35.88852,1,0.8448533762740111,0.622475600344101,-1.5539562594389917,0.26098256336559544
2.83904,36.6313,1,-1.1715069454667484,-0.8287010282125248,-1.756149438772145,-0.8548071897905111
4.76166,35.26312,0,-0.1404955294634279,0.8702351930058587,-0.0215494551521755,0.7296662448455051
9.28056,34.54883,1,-0.23182054999519056,-0.48813415115725955,-0.13511260297079286,-0.6807860496383106
3.42777,35.29263,0,1.890284532361294,2.045887818862956,-1.6777663737106847,2.320252694868422
3.4824,36.39922,0,0.4627302640490043,1.586048594031398,1.4499796663712443,1.7508139012639792
9.82414,36.82575,1,-1.1282477252148608,-0.6299095369044024,-1.756149438772145,-0.6717149374432793
5.97473,33.88026,0,-1.195539845606686,-0.7773588418573524,0.09868522765096345,-0.816160415328081
8.24159,36.93465,0,-1.195539845606686,0.03173831410106812,-0.010969622065359003,-0.1931170260126244
4.86029,35.39782,0,-0.25585345013512806,-0.8121336448267868,-1.756149438772145,-0.7526947885431912
8.26064,36.36541,1,0.19596507249569764,2.239737741246075,-0.5289678010491723,2.0983981364237816
3.05091,36.27417,1,0.5204092243848544,0.5286471547516469,0.11551363318636161,0.6792841499901724
4.59001,35.90495,0,0.6501868851405171,1.157594347281208,-1.6651527254917122,0.48270377277363924
8.49962,33.5593,0,-1.154683915368792,-0.8452684910953331,-0.883559530418752,-0.8646454723631704
1.53562,35.1982,0,1.4649021998843996,-0.678851051335341,-0.061331899928158545,-0.6582555090051779
3.24347,36.73565,1,-1.1498773353408045,-0.6293187456997561,-0.05058149118414067,-0.7414127282107241
11.10812,33.48245,1,-1.195539845606686,-0.7624323943437369,-0.883559530418752,-0.7738875814928314
7.13063,35.44445,1,1.4000133695065684,-0.27498505459290074,0.14793425154980777,-0.3346973643860468
3.66419,36.27761,0,0.4675368440769918,-0.3151023321527805,-0.3516111327259524,-0.42792749537744373
0.80034,35.92949,1,-1.077778634920992,-0.7789992891133342,-0.5260895402523974,-0.7743266903705444
4.61608,35.98691,1,0.9842441970856489,0.6906682959931375,0.42950214263151665,0.06857038852064204
-0.26653,35.76165,1,-0.9672272942772793,-0.37249859658275636,-1.1158865343415525,-0.3131082468406201
6.63022,35.76415,0,0.8640796963859613,-0.6246453262103798,1.1018263174018414,-0.7208762025171275
1.83104,33.17613,0,1.0731659276034178,-0.7570555770188393,1.0403551704156668,-0.5382996837262102
9.63609,34.93858,0,-0.2630633201771093,-0.6206304526971439,-0.728961841488745,-0.3152302909290659
-0.41636,33.2631,0,1.5946798606400623,-0.7212601712689046,-0.4472645762420555,-0.7816073507358372
5.13242,36.33499,1,1.3615607292826684,2.239737741246075,-0.7024300776983513,2.320252694868422
9.26601,37.05856,0,-0.7605443530738164,0.5070116663721185,-0.23853130725952665,0.03995310824217356
7.28408,36.8919,1,-1.1474740453268109,-0.20517573754159454,1.407570090181053,-0.34644592820305903
10.07268,33.28416,0,-0.19096461975729673,-0.0557317308749289,0.17497944363015583,-0.22405670466819175
4.99723,35.96488,1,1.4000133695065684,-0.1590665059590711,-0.15657924615109792,0.026078053023199543
9.39274,36.90667,1,-0.08041327911358405,0.2121709458451602,0.9561745302091621,0.6272237853811656
3.15878,34.39278,0,1.5970831506540561,0.6806150266564673,-0.47249764236831887,0.5013050274726869
6.56692,37.02195,1,-0.9816470343612418,2.239737741246075,1.0012621294233424,1.610938798000866
2.86033,33.41571,0,0.866482986399955,-0.6623486383846771,0.8154346710046875,-0.6694506919125357
4.5659,36.70985,1,1.4192396896185184,2.239737741246075,0.3373028191885599,2.320252694868422
10.18036,35.90717,0,-1.1042148250749233,-0.8384060150665126,1.2979152404647305,-0.7899565415053553
7.24248,34.57036,1,-0.8302397634796352,-0.6365106323823055,-0.7177409812357068,-0.7501457460620976
6.82336,36.4577,1,0.9337751067917801,2.148344201730943,0.05249961236761693,1.3367343351340368
0.13184,35.32331,1,-0.08762314915556531,-0.8287010282125248,-0.010969622065359003,-0.8341564413231923
7.24032,34.57082,1,-0.8374496335216165,-0.7423685203908622,1.1882603907484082,-0.7247718943456342
5.25133,35.41714,0,-0.11646262932349036,-0.7090964369722593,1.2552677755869592,-0.778818209619985
3.98208,34.17165,0,0.2248045526636227,-0.615564635667821,-1.5655969015023585,-0.6863304140675665
9.19724,35.66437,0,1.0971988277433553,0.9451289100114534,-0.4508484403319978,0.7600551321663769
7.28769,35.83998,0,1.0154869672675677,-0.8021013006702323,-0.556919425958378,-0.8068553195543757
5.40074,36.50409,1,1.7364739714656938,2.239737741246075,-1.4128431087973676,2.320252694868422
1.35803,35.34,1,1.1428613380092367,-0.7458657555159275,0.861620286288034,-0.590488232295673
9.07357,34.89237,1,0.20077165252368515,-0.16316734488980247,0.3412349357477581,-0.05335102266842385
4.15726,35.70673,0,-0.058783668987640265,-0.7412253214939464,-1.601551749842138,-0.7925566436492217
-0.27126,35.80463,1,-1.0537457347810544,-0.6522855191670776,1.0403551704156668,-0.42888285150432975
8.91994,36.91547,0,0.46032697403501055,0.0020455300517131236,0.184593815538398,2.320252694868422
5.4911,36.61446,1,-0.02513760879172771,2.0914200180508873,-0.32225407091873015,1.8457438911828907
8.12288,36.57848,1,0.0733972817820162,0.8412692836342082,0.07546459922193374,0.8710879999002606
7.71243,36.2605,1,1.3423344091707183,0.17969382537566128,1.2791971880347677,2.320252694868422
3.07058,33.39324,0,0.8015941560221236,-0.6095112711276991,-1.5312287914204397,-0.759876510256529
-0.70598,35.52055,1,-0.9936634844312106,-0.8618359966351061,-0.883559530418752,-0.8140626414679847
-1.36573,33.13667,0,1.7172476513537438,-0.6961677004273207,-0.010969622065359003,-0.7319080170216555
4.23305,36.39146,0,0.40505130371315423,1.1893611594869118,1.0431749206552663,1.1576136604206233
2.82113,35.73247,0,0.3209361532233728,-0.8287010282125248,-1.756149438772145,-0.7820796033582661
5.31473,34.62882,0,-0.8951285938574666,-0.732442841913378,0.374963054248538,-0.7173608404369042
9.53321,37.22942,1,-0.950404264179323,2.068351379751972,1.1831011058661522,1.3511125560265094
8.89975,33.55193,1,-1.1330543052428483,-0.7423685203908622,-1.4295092973265895,-0.6865749881633949
5.76624,35.34636,1,0.8208204761340736,-0.017148242647772458,0.3247268218843816,-0.14914486101649577
6.37124,36.28033,0,0.8833060164979113,1.7743716163763432,-0.8281927876435677,0.7377420032395601
-0.63093,34.41,0,1.6956180412278001,-0.615564635667821,-1.0741120676885385,-0.6417330496780101
4.1803,36.63546,1,-0.13568894943544038,2.239737741246075,1.60850052144652,2.320252694868422
-1.36147,34.0162,0,1.6403423709059437,-0.5725331428641436,1.0907177441599185,-0.6989545779174919
3.8724,35.58295,0,0.21759468262164142,-0.6729474049853428,0.13693559826738233,-0.6989545779174919
-0.65539,33.80812,0,1.3904002094505934,-0.7773588418573524,-0.9932143801350745,-0.8050032668029292
-1.6662,33.92158,0,1.5129680001642747,-0.6834069392533778,-1.0949338372437432,-0.7505069213999526
7.63882,36.50253,0,-0.14770539950540915,1.8570331821570574,0.7401479313702839,0.8493944549298686
0.23157,36.08483,1,-0.5130054816324597,0.9993921677480152,-0.3950127994254173,0.45765729118279813
2.18902,35.17217,0,0.9385816868197676,-0.615564635667821,-0.4208317108270644,-0.5598077926115155
5.26109,35.12446,0,-0.005911288679777679,0.3969094181362991,-1.1084801777704574,0.10949062683771749
5.82413,34.69678,1,-1.1282477252148608,-0.7681172259766834,-1.3198544845954485,-0.793617553103229
6.95246,36.88227,1,-1.1570872053827859,-0.7193212183300857,0.517066779006993,-0.5463659282470471
6.86394,36.39502,1,0.6790263653084422,0.9619530650569731,-0.4046171113642842,0.5227244152681025
8.79506,34.37861,1,-0.5754910219962973,-0.7557539501551984,1.2364440934785559,-0.7556697879574384
10.69739,36.56799,1,-0.7917871232557352,-0.5363877405971286,0.1319757374839188,-0.5593606968653838
6.62701,36.89275,0,-0.9576141342213043,1.392039134600473,-1.035374158409234,2.0594133239128016
1.31365,36.17643,1,-0.950404264179323,-0.7292993803857178,-1.756149438772145,-0.6678798050769863
3.14413,34.62398,0,1.9623832327811068,-0.04931314515925099,1.410708504744687,-0.29673678506634366
10.66244,36.70298,0,-0.9407911041233479,-0.42992898658445544,-1.1983821296776984,0.45606954396246324
7.24345,34.57153,1,-0.8278364734656415,-0.7136565285402676,-1.1411194895122712,-0.7188165052605681
8.12883,36.57223,1,0.09743018192195374,0.8353191489485489,0.6572645833910115,0.38290842186817736
9.54013,36.72994,1,-0.18615803972930922,0.88117200441769,-0.5671243772452393,0.4607550983747067
3.34881,36.67438,1,-0.9864536143892293,-0.48813415115725955,-0.7594164755429551,-0.5050693008392343
-0.17355,33.85426,0,1.2990751889188306,-0.7610612909183923,0.9533618811244157,-0.8213262866369455
2.71054,36.51262,1,-1.0609556048230355,-0.7773588418573524,-0.12062447178168145,-0.7968774690949304
9.24312,34.8853,1,-0.19096461975729673,-0.7136565285402676,0.24659030004297866,-0.664551441271091
3.84594,36.80738,0,-1.0897950849909606,0.1670484396573899,0.033732739498038664,-0.06437326700462621
7.60932,33.63285,0,-1.087391794976967,-0.7506998056225674,-1.4985895166638075,-0.7683303888158861
10.28707,36.19291,0,-0.832643053493629,-0.14690564131277528,-1.292556424829002,-0.3073757160135494
2.88131,36.59835,1,-1.1594904953967795,-0.7412253214939464,-1.601551749842138,-0.7670853662118254
-1.54173,35.17066,0,-0.6812357826120226,0.7531512250744343,0.7530785425949407,0.007658181161477077
9.33788,37.07971,0,-0.6091370821922099,0.20924818369680814,-1.0134057742563372,0.822839827401119
8.94069,34.35498,0,-0.15731855956138419,1.6427188834578332,-1.6050518055107406,2.17792961291649
4.50223,36.87757,1,-0.8999351738854541,2.239737741246075,1.220976594682616,2.320252694868422
7.698,36.7951,1,-1.1522806253547984,-0.7681172259766834,1.2979152404647305,-0.720580371725649
6.12685,36.59268,1,0.17673875238374762,0.5152149574424264,-0.3043192166927777,1.3423273666839841
6.5981,36.49673,1,-0.10684946926751535,0.4269981208641374,-0.4069350466609288,0.44628534163695455
5.70534,36.11044,1,1.0251001273235427,-0.8247899895070685,-1.4985895166638075,-0.7985538740731587
6.54724,36.03436,1,0.7126724255043547,-0.7773588418573524,-0.9932143801350745,-0.6945681053392023
0.08256,33.586,0,1.6451489509339312,-0.7652329869453198,-0.311177009051468,-0.6807860496383106
8.16963,35.40376,1,0.7823678359101736,-0.7506998056225674,-0.2685295441736967,-0.7835096327972164
-0.20797,35.802,1,-1.195539845606686,-0.5921658634857307,0.44946260127932625,-0.499118401289015
6.96501,35.01436,1,1.9335437526131818,0.49065310821789143,0.6162006760454896,0.7947128775115712
3.719,36.53074,1,-0.35198505069487823,0.956782358429472,0.07497683864795894,0.3169158062106738
3.50356,34.87196,1,1.5153712901782685,-0.8021013006702323,-1.2101996718643075,-0.5976580335199346
-1.0165,34.86451,0,0.7030592654483797,1.2580814985212831,-0.28010102394760844,0.40940281363158315
4.01333,34.09699,0,0.1358828221458538,-0.654259094049572,0.5842292057265043,-0.592305607260716
3.24652,33.61246,0,0.758334935770236,-0.6275552912693356,-0.08979451210533784,-0.7170712302548374
5.29864,36.09907,1,1.0106803872395802,-0.7446884232914767,1.6553853046014482,-0.7899565415053553
6.40846,33.49,0,-0.9960667744452043,-0.6978326095135787,1.2979152404647305,-0.7864323551669847
2.29491,36.5799,0,-1.1330543052428483,0.053481949519712114,-1.6346771578247579,0.03769882694551029
-0.32345,34.55708,0,1.7845397717455689,-0.4588291887189153,0.9533618811244157,-0.4450010978837308
6.56753,33.93865,0,-1.2195727457466234,-0.8452684910953331,-0.010969622065359003,-0.7606567323030554
9.23602,36.83374,1,-0.31112912045698443,0.9524861350890017,0.17415023586032605,0.8105774018401266
9.29322,36.77045,1,-0.4841660014645347,0.006934545596262626,0.689577796787304,0.03206531921305625
4.94274,34.24756,0,-0.4144705910587158,-0.5841459818518117,0.15728543690630556,-0.677250139843741
8.40181,36.37924,0,0.9121454966658363,2.239737741246075,-0.03538960596093822,2.199771889561684
4.58998,36.54253,1,-0.4240837511146909,1.807395738737318,1.0748945958584175,2.320252694868422
1.18977,33.93783,0,1.8109759618995003,0.015384905805846552,-0.5365695873194547,0.3668430365949986
8.3412,33.45151,0,-1.1426674652988233,-0.8247899895070685,1.119180356337098,-0.8516921457402836
0.78581,35.92366,1,-1.0825852149489794,-0.6310956797310073,-0.21493757231925506,-0.6234683552809329
7.66982,36.43013,1,-0.7365114529338789,2.239737741246075,-0.2319556378655224,2.180204385632391
0.43459,35.96243,1,-0.5706844419683098,2.239737741246075,0.40284041291323797,1.288513522057285
9.17591,36.93843,1,-0.6163469522341911,-0.1285785340420712,-1.157947932032851,0.8190368676889327
5.26034,36.42695,1,0.35698550343327917,0.8305435543951085,-1.69647236897147,0.6584073344437139
5.07194,36.74385,1,-1.193136555592692,-0.8094451392166911,0.6828852542196752,-0.8252923403133112
5.41189,34.7898,1,-0.7365114529338789,-0.578764255098073,1.5349103660591115,-0.648613522195744
5.77658,36.45329,1,-0.0828165691275778,-0.1546023848057226,1.4183901790070672,1.6182015424481022
9.21536,36.79542,1,-0.5250219317024285,-0.4395586024598055,-1.3506843333162475,0.43176672074563377
8.35794,36.43162,1,0.14789927221582258,1.040232907428427,-0.3549637654609894,1.1786700573609574
9.23562,36.35099,1,-0.2125942298832405,-0.7726182803056105,0.20040468475963216,-0.5295976985530103
4.55082,36.43293,1,-0.803803573325704,-0.7118158727596351,-0.07244047317008148,0.2306640449294713
8.49289,34.84941,0,0.6333638550425609,-0.49405214575900497,-1.4086875277713848,-0.5782265104235281
9.78298,34.00753,0,-1.1234411451868733,-0.6986714470897822,-1.5238225088197077,-0.7674988959999326
9.88216,36.51018,0,-0.6019272121502286,1.8261878844808686,-0.35827911713304744,0.8402984040020828
4.58925,36.53723,1,-0.2822896402890594,2.239737741246075,1.0168556737179253,1.7939145616962868
-0.36017,35.84184,1,-0.8398529235356103,0.6315714922776999,1.2018898739631945,0.4044179944262855
4.17161,36.633,1,-0.11646262932349036,2.239737741246075,1.6871372308828907,2.015285615533827
0.89884,33.92648,0,1.4793219399683621,-0.8149761459571895,-0.4472645762420555,-0.7170712302548374
6.34279,35.64445,1,0.8640796963859613,-0.8149761459571895,0.4253253321113375,-0.8093959036955227
0.9043,33.44549,0,1.9479634926971443,-0.17921722173616958,-0.5045272533926641,-0.43508831753201155
8.85652,34.5037,0,-0.3135324104709782,-0.8247899895070685,0.6040603641796963,-0.7879269410208024
0.64726,36.26294,1,-0.7509311930178414,0.07660903561601513,-0.0994908431758433,-0.299957822249222
2.8342,36.4912,1,-0.7244950028639101,-0.46293266462564353,0.03521599321798752,-0.5951367445269854
-0.09557,35.15117,0,-0.3327587305829282,0.5235644300526977,-0.3100409722156923,0.21144365663486123
7.46067,34.40651,0,-0.8686924037035353,-0.5782800752818147,-1.6910945756367541,-0.41889742231599714
10.0376,35.9702,0,-1.017696384571148,-0.7252205989836185,1.5981224795101134,-0.8106990721090502
1.7517,33.37927,0,1.2197666184570368,-0.6389595144324103,1.3271255450716546,-0.7111011903679668
6.19864,35.59462,1,1.275042288778893,1.2153473480286796,1.407570090181053,0.31904916561578694
5.19189,36.54611,1,0.8088040260641048,0.11759992781200909,1.5821904468341976,0.3838628491257847
5.66892,36.21472,0,1.0899889577013742,-0.23854744436219394,-0.49951635305869374,0.7182917057247029
7.11552,36.49413,1,0.5804914747346983,2.239737741246075,1.272181542921321,2.320252694868422
5.8456,34.66891,1,-1.1402641752848295,-0.8452684910953331,-1.756149438772145,-0.8381764010837188
3.4316,36.72603,1,-0.9912601944172168,0.08644898910616826,0.803360340702738,-0.05515843339938656
3.26913,36.63007,1,-0.979243744347248,-0.09164269046420549,0.07292061049579765,-0.3112472994621415
9.07198,34.89212,1,0.20077165252368515,-0.16316734488980247,0.3412349357477581,-0.05335102266842385
10.44078,35.6941,0,-0.9455976841513355,-0.5901387114556309,1.2258645562731916,-0.588682031909528
8.75891,33.21477,0,-1.0345194146691044,-0.636510616870682,-0.3602709910693522,-0.7579470095105294
-1.54627,33.99348,0,1.5754535405281123,-0.7789992891133342,1.2190903504247517,-0.7630275444728606
1.55041,34.70057,0,1.2678324187369119,-0.8121336448267868,-1.756149438772145,-0.8516921457402836
9.52965,37.06401,1,-0.8446595035635978,0.2861102636793976,0.39135710581208594,0.32766501927405584
2.09268,36.529,1,-0.6499930124301038,0.3235636370640694,-0.9612887714411824,1.0001908091057945
7.90457,36.1317,0,0.7703513858402048,-0.541913322147304,0.19506343278426477,-0.5936344814278418
10.06679,36.72797,1,-1.0152930945571543,-0.7055441200721081,-1.1938659061466483,-0.4566112320306678
6.04981,36.61576,1,1.2726389987648994,2.239737741246075,1.6918719258812194,2.0767233940193943
2.50746,34.99422,0,1.1452646280232304,1.6105753249403052,-0.4446565291815151,1.2963617356256203
10.4774,34.60739,0,-1.0825852149489794,-0.7570555770188393,1.0403551704156668,-0.7974326725586998
5.63719,36.52388,1,1.462498909870406,1.3920984510487775,-0.8632945357862511,2.320252694868422
3.58142,36.24801,0,0.33295260329334164,-0.7423685203908622,-0.556919425958378,-0.691030450396291
5.9175,33.59866,1,-1.046535864739073,-0.8287010282125248,0.861620286288034,-0.8062330897278844
5.63137,35.54717,1,0.710269135490361,-0.5947214655055881,-0.08004980441739538,-0.5519977189787133
9.3475,35.60398,0,0.09502689190795999,-0.2803776394830968,1.5404652444429774,-0.04161118459312032
2.00042,35.87813,0,1.2125567484150555,0.6889247895105516,0.10216434970682194,1.2683517669700768
-0.23433,33.2978,0,1.5970831506540561,-0.7356646061165195,-0.23589026941706437,-0.8037922182964247
1.14493,33.48806,0,1.950366782711138,-0.7446884232914767,0.06785526797461983,-0.4694776759507788
1.35646,35.34062,1,1.1428613380092367,-0.7458657555159275,0.861620286288034,-0.590488232295673
0.51789,34.12258,0,1.2798488688068805,-0.47942918315937344,-1.0546853052101601,-0.45514280229131077
4.43437,36.90041,1,-0.6499930124301038,2.239737741246075,-0.5922951603258116,1.0185910902700033
8.18031,36.46482,0,-0.05638037897364651,2.239737741246075,0.08468382145074409,2.320252694868422
2.35681,33.34502,0,1.0275034173375366,-0.8094451392166911,0.16776541000299983,-0.7941526873610684
8.43121,34.30912,1,-0.7461246129898539,-0.6458371821575064,1.6915627297636557,-0.7026464814557698
8.88482,33.19709,0,-0.9744371643192605,-0.7446884232914767,-0.9623844944290939,-0.7069598689103607
4.69819,33.53616,0,-0.15731855956138419,-0.5782800752818147,0.7965654231526432,-0.7034474060281889
0.48679,35.5475,0,-0.33996860062490947,1.6427188834578332,0.6252277232710869,1.2138635069519577
6.94311,35.38631,0,1.6619719810318876,0.11131021266445683,-0.5412016114538651,0.8071475661024254
8.64949,35.94792,0,0.6237506949865859,0.6544234642194199,-0.3527104802616536,0.9739939932822089
5.24717,35.91677,0,1.4480791697864435,-0.24895959062040426,-0.8685494643479351,0.9614511054941669
3.72591,33.51929,0,0.6405737250845421,-0.7557539501551984,0.36385433306588894,-0.7472906130061293
4.58814,36.65572,1,1.4072232395485496,2.1799281008722105,1.6714211916670911,2.320252694868422
6.93609,36.68649,1,-0.7341081629198851,0.5698748163689059,-1.265389551501431,0.2563673778380995
6.38128,36.72844,1,-0.9552108442073105,-0.6961677004273207,-0.3684396862020767,-0.7159177575698332
3.69648,35.93785,0,0.739108615658286,-0.2229274256265512,0.29170659975802377,0.22098624035770084
2.73594,36.56433,0,-1.125844435200867,-0.7423685203908622,-0.556919425958378,-0.8031934776036621
11.27288,34.74883,0,-1.193136555592692,-0.8618359966351061,-0.883559530418752,-0.8843220392677109
11.05815,33.01115,0,-1.087391794976967,-0.7789992891133342,-1.2410295205851067,-0.8147548742610229
4.43371,36.90747,1,-0.7965937032837227,2.239737741246075,0.23571887578500525,2.320252694868422
7.01361,34.21623,0,-1.1691036554527545,-0.7356646061165195,-1.1084801777704574,-0.7483542668466417
-0.68728,33.57467,0,1.4192396896185184,-0.8452684910953331,-0.010969622065359003,-0.8582923882482874
-0.667,35.03782,1,0.2848868030134665,-0.35624567258463613,1.4277613363615895,-0.4562719132684153
0.56276,33.20976,0,1.462498909870406,-0.009899350748821771,1.6584373217810358,-0.21792813775776204
10.04223,35.9571,1,-1.0152930945571543,-0.7458657555159275,0.861620286288034,-0.7483542668466417
7.57144,36.59007,0,-0.21019093986924675,0.8627479184767979,-0.13417081230839567,0.723597744815096
2.88141,36.59622,1,-1.1594904953967795,-0.7412253214939464,-1.601551749842138,-0.7670853662118254
-1.34115,35.31086,1,-0.7893838332417414,-0.1546023848057226,0.6623203097649923,-0.3172749292442894
10.14796,34.34949,1,-1.1234411451868733,-0.7624323943437369,-1.756149438772145,-0.7091563914264232
6.32219,36.64869,1,-0.500989031562491,2.239737741246075,1.7317523074178853,1.6660904395692768
7.90589,34.05093,0,-1.2387990658585735,-0.8094451392166911,0.16776541000299983,-0.8564951722095024
10.28075,36.16275,1,-0.950404264179323,-0.3418164811858984,0.5006120717457412,-0.395863406386273
5.68784,35.1851,1,-0.03475076884770273,-0.05353007308033534,-0.7805972972404214,-0.35735361199489246
10.5886,34.60355,1,-1.1522806253547984,-0.7681172259766834,1.2979152404647305,-0.7448402980703364
7.07281,35.09488,1,1.6595686910178937,0.16386235218832274,-1.7471903703101939,-0.014593304622300926
8.35128,35.60754,0,1.1741041081911554,-0.15848264845013396,1.119180356337098,-0.14684441773143814
-1.7307,35.09015,1,-0.6019272121502286,1.3231260791556065,-0.10339854951523378,1.0360846824280174
9.33586,35.36313,0,-0.08762314915556531,-0.33553095417669404,-1.522047737898965,-0.45548122033183847
4.92848,36.4046,1,0.885709306511905,2.239737741246075,1.4903263570765994,2.320252694868422
8.38184,33.64275,0,-1.1570872053827859,-0.8618359966351061,-0.883559530418752,-0.8582923882482874
7.06175,36.54584,1,0.9794376170576614,0.5305969037804291,0.9078059015713805,1.2972050363404344
9.5718,36.18472,0,0.3617920834612667,1.2336101130850619,-0.050270667718589845,0.6288557805562297
8.72625,34.63305,1,-0.11886591933748411,-0.6464733293492977,1.5149004952087821,-0.7047902132344946
5.68216,36.7063,1,0.4771500041329668,2.239737741246075,-0.049719440573115135,2.320252694868422
0.37388,35.9315,1,-0.5754910219962973,-0.08792300314637537,-0.41363853684228946,-0.48167294144816825
4.47393,36.83904,1,-0.9167582039834103,0.7611619238272352,-1.5720559936041905,1.2132174642948677
5.82119,33.09872,0,-0.9215647840113979,0.07486180634378667,0.6921945723506847,-0.20036676628995914
5.91495,35.52045,1,2.339699764978126,0.8079899019967436,0.4953683127088783,0.471434843275066
3.19662,35.84803,0,1.3303179591007495,-0.28226515587835466,-1.756149438772145,-0.35818081230887633
3.66525,34.66239,0,1.8830746623193129,-0.21420176512290204,1.1764428855469804,-0.3922111486776619
5.88749,34.43851,1,-1.1210378551728795,-0.6111476853615682,0.935253936248918,-0.6106125792837496
3.0636,33.68114,0,0.6525901751545109,-0.5301265668368357,1.7064579938310136,-0.6041468046776098
6.81468,34.12044,0,-1.224379325774611,-0.7610612909183923,1.6424685998050454,-0.7086046852962258
8.14849,35.30815,0,1.6115028907380187,-0.09022350100597816,-1.5359231725709042,-0.24923818192753244
7.23795,34.57002,1,-0.8374496335216165,-0.7090964369722593,-0.4046171113642842,-0.726909504031386
0.6291,34.58777,0,1.3976100794925745,-0.42992898658445544,-0.32579222132430535,-0.5865615640841005
10.63616,34.73964,1,-1.097004955032942,-0.8094451392166911,1.5554753105137944,-0.8113593785390785
8.23452,36.67612,1,-0.7581410630598227,1.973311786595814,1.5848986497663125,1.0816121123672815
9.81134,36.82716,1,-1.1282477252148608,-0.8121336448267868,-1.756149438772145,-0.817595553548064
8.01349,34.03196,0,-1.2363957758445796,-0.8452684910953331,-0.883559530418752,-0.850241227297896
0.267,36.09098,0,-0.5658778619403223,-0.7356646061165195,0.21395102528634635,-0.779277922507152
3.52679,36.60032,0,0.21519139260764766,1.9398937930906592,-1.2065983877538662,2.320252694868422
3.62331,34.78791,0,1.6787950111298438,-0.3647188659040276,-1.1742447865393466,-0.4015439205337384
3.34797,35.33221,1,0.9361783968057739,-0.36499460052355115,-0.883559530418752,-0.29075469802640436
-0.28994,35.49325,0,-0.24624029007915307,1.5014213953194266,-1.6669474684104795,0.8836423718902935
-1.02232,35.42873,0,-0.9552108442073105,-0.578764255098073,-1.5568494622491034,-0.6810239668376419
4.18131,36.84103,1,0.5780881847207046,0.9162916850684463,1.0452422443618856,1.3001976842709764
-1.68923,34.69546,0,0.8136106060920923,-0.19957132592073842,0.34650044207135866,1.1376784368471942
10.23274,36.65535,1,-1.135457595256842,-0.7726182803056105,0.6502459794630429,-0.8213262866369455
0.03837,33.57642,0,1.5826634105700936,-0.43858574445647075,0.5651411535405477,-0.5191109614297365
3.01744,35.37228,1,0.4963763242449169,-0.7570555770188393,0.6828852542196752,-0.8056157716495485
6.30124,33.44184,0,-1.0032766444871855,-0.7252205989836185,-0.1470571892559465,-0.7884303178009552
5.57254,34.62645,0,-1.0200996745851418,-0.8287010282125248,0.861620286288034,-0.8313412637199836
1.85791,33.49134,0,1.246202808610968,-0.732442841913378,1.247552962601931,-0.7469378960082209
3.64954,36.67071,0,-0.39764756096075954,1.8136919687667448,-0.8529184170792841,2.281618446067477
4.49874,36.03816,0,2.57281889633552,2.239737741246075,0.3388033819734633,2.252177455771708
8.1757,35.40211,1,0.8015941560221236,-0.7773588418573524,-0.12062447178168145,-0.7494262945844391
0.00442,33.5718,0,1.6066963107100312,-0.6458371821575064,0.818973117291715,-0.7031800324137023
0.61382,34.47029,0,1.3134949290027933,-0.7506998056225674,-1.4985895166638075,-0.7979914577987027
5.98931,35.63696,1,1.3110916389887994,0.25727589287511654,-0.19489619009426493,-0.0072237683555720356
7.70558,36.7916,1,-1.164297075424767,-0.6111476853615682,1.6605768405619954,-0.6504687133994502
9.76013,35.28537,0,-0.6523963024440975,-0.7282680125385013,-0.9526397127707884,-0.7974326725586998
10.76291,34.92299,1,-1.0297128346411168,-0.7202873598004403,1.0609201148703495,-0.7864323551669847
2.01028,33.41549,0,0.9674211669876926,-0.7789992891133342,1.2190903504247517,-0.6007131690201323
5.53833,36.51534,1,1.0395198674075052,2.239737741246075,0.11556556038122516,2.320252694868422
8.82662,34.35762,1,-0.5899107620802598,-0.7446884232914767,-0.4472645762420555,-0.7920307628997267
5.07352,35.97886,1,1.277445578792887,-0.4970471920729162,-0.3936726043876139,-0.21452352222835436
4.02546,36.82938,1,-0.03234747883370897,2.0001034627232377,-0.1987445722024865,1.1718085844421056
5.60303,34.1043,0,-0.9359845240953604,-0.4740879107197503,-0.6898144322795763,-0.6247702922389774
0.2194,34.24909,0,1.2582192586809369,-0.5797351276135985,-1.3660400998787952,-0.6636723509414943
3.51204,36.65226,1,-0.7052686827519601,2.239737741246075,-0.8366878400180843,1.119864412935594
2.95254,36.53369,1,-1.017696384571148,-0.6111476853615682,0.935253936248918,-0.6953347884123033
4.57736,36.53454,1,0.14789927221582258,2.239737741246075,-1.5869428990205232,1.9749476938118142
5.45603,36.56712,1,0.1983683625096914,1.2446784630642624,-0.010969622065359003,2.320252694868422
7.45031,36.36278,1,0.027734771516134876,0.30877497930209813,1.2143825806385746,1.165608916810527
9.9266,34.28732,0,-1.0249062546131293,-0.34817925608018535,1.7162969397614862,-0.4783214685005219
7.07537,35.09549,1,1.6836015911578313,-0.2590979877469004,1.579612431741057,-0.22861688987536904
-0.83495,34.173,0,1.63793908089195,-0.4343957447138007,0.517066779006993,-0.5872123918253533
5.00416,36.78704,1,-0.3856311108907908,2.239737741246075,0.01749299011182029,2.320252694868422
6.88165,36.10749,1,0.7727546758541985,-0.46812226441058047,-1.5404352907468049,-0.636600399519635
11.03375,33.31942,0,-1.1306510152288545,-0.7789992891133342,0.34650044207135866,-0.828668305151294
6.96124,36.88081,1,-1.1210378551728795,-0.5207495732619785,-0.6018622651720625,-0.22950320005254082
4.26804,36.65612,1,-0.10444617925352159,2.239737741246075,-0.90404029660028,2.320252694868422
2.35473,36.55784,0,-0.9768404543332543,-0.5506059428928758,0.23336647029917773,-0.34599618658686077
9.56948,36.60572,0,-1.065762184851023,-0.8149761459571895,0.4253253321113375,-0.828668305151294
7.59531,36.74818,1,-1.1570872053827859,-0.7773588418573524,-0.12062447178168145,-0.8322627372288638
1.17679,36.30726,0,-0.39764756096075954,0.4610149871297876,-0.6850716745116748,0.7129074164344706
0.6866,35.45565,0,-0.5754910219962973,0.5277688245819855,-0.2862525472798639,0.016834621503198498
9.79103,36.96426,1,-0.6547995924580913,0.831499814961287,-0.5434096267910122,0.30162988300006616
-0.36375,35.82535,1,-0.950404264179323,-0.578764255098073,1.0609201148703495,-0.6445422599997923
4.17289,36.62856,1,-0.44571336124063465,1.72769552802425,-1.3796770910854312,2.320252694868422
-0.18922,35.79737,1,-1.154683915368792,-0.29856508009571187,0.005364217622663428,-0.47879856953910993
1.3122,36.1747,1,-0.9840503243752355,-0.6857291223626484,1.334894504362438,-0.6451485301632229
4.16589,36.62402,1,0.027734771516134876,2.239737741246075,0.31655368852987387,2.320252694868422
3.32763,36.75805,1,-1.164297075424767,-0.6826395947499344,0.5349801818276599,-0.701849075327588
6.05923,33.20175,0,-1.0513424447670605,-0.8452684910953331,-0.010969622065359003,-0.8050032668029292
4.17058,34.20668,0,-0.11886591933748411,-0.732442841913378,-0.396902298379256,-0.48907276448289244
-0.52714,34.49235,0,1.7508937115496563,0.3476529401899789,-0.9827904765735748,0.49440730050441306
9.97226,36.20919,1,0.23441771271959772,2.239737741246075,1.087900952734841,1.7607493122490332
4.61505,35.35247,0,-0.2534501601211343,-0.8618359966351061,-0.883559530418752,-0.7626292002900819
5.33685,35.24644,0,-0.1092527592815091,-0.7652329869453198,-0.311177009051468,-0.5790180759342759
5.96059,36.60947,1,1.3519475692266933,2.239737741246075,0.310478946434468,2.320252694868422
2.74834,36.47523,1,-1.0008733544731918,-0.6602957991060436,-0.1027109210202884,-0.7462351501038015
5.60105,34.65378,0,-1.0321161246551105,-0.7789992891133342,-0.010969622065359003,-0.779277922507152
4.27856,35.96736,0,0.9578080069317176,0.2014570054399286,1.0102832590198954,-0.08082877737484513
10.22007,33.13096,0,-0.08521985914157156,0.2539845745521538,-0.8175427566822134,-0.00766529088603178
5.67815,33.67926,0,-0.8831121437874978,-0.7955663855340371,0.861620286288034,-0.8126982591616153
3.38478,35.78752,1,0.5131993543428731,-0.6616620163699825,-1.5191544611184902,-0.7779047370533008
10.2071,36.8781,1,-1.193136555592692,-0.7915465172780308,1.2979152404647305,-0.8056157716495485
4.46872,36.88962,1,-0.4288903311426784,2.239737741246075,-0.15834255166556732,2.320252694868422
6.29472,36.84596,1,-0.5971206321222411,0.4415684990600681,-1.264983306267541,1.5102441890434388
9.78395,36.65502,1,-0.969630584291273,-0.7118158727596351,1.6727390476552524,-0.7462351501038015
-0.28121,35.52743,1,-0.803803573325704,0.08572900158930252,-0.25117565317916646,-0.21923666124341884
7.52711,33.99946,0,-1.1570872053827859,-0.7652329869453198,1.434002955596044,-0.7691678840977085
2.23626,34.59104,0,1.0827790876593928,-0.43729213710218484,-0.21026959858840066,-0.5553642227201417
3.27076,33.22987,1,0.6405737250845421,-0.576832468529316,0.517066779006993,-0.7105433058496886
4.59533,36.50841,1,-0.8302397634796352,-0.25457101349508715,1.112406150488658,-0.49748854532804726
-0.17912,35.79881,1,-1.1907332655786984,-0.5264260208624176,0.18511930099753007,-0.5447943377226503
2.80427,35.271,0,0.7270921655883172,-0.7118158727596351,-0.8220885313733034,-0.6976537387140496
8.53145,34.93996,1,0.6117342449166171,0.21508576604227483,1.6312478874927334,-0.07369286580547796
5.63411,36.17729,1,1.1092152778133242,-0.7090964369722593,1.612737839723677,-0.7111011903679668
3.76004,36.36766,1,0.3762118235452292,-0.5782800752818147,1.6691553315060361,0.13810239019562176
10.09192,36.48515,0,-0.7124785527939413,-0.4376151511501686,-1.3813254836408972,-0.23320905070377562
7.12314,35.1983,0,1.3014784789328244,-0.5563889243235853,-0.13244197698310917,-0.5172604567937543
1.35743,35.33776,1,1.1428613380092367,-0.7458657555159275,0.861620286288034,-0.590488232295673
3.76368,36.37209,1,0.48916645420293564,0.7921517898345425,-1.7173272032789595,0.6657618399166607
8.16277,36.36278,1,0.32574273325136033,1.7768663818087922,-1.6695146838306143,1.4279256543538674
2.71705,36.45644,1,-0.861482533661554,-0.5475361305536437,0.16776541000299983,-0.5769642615164813
4.59238,36.6599,1,1.7412805514936813,2.239737741246075,1.6302821304327069,2.2141748803015875
2.87969,36.33465,0,1.7388772614796877,1.926544365804491,-1.0085701097124404,1.9221593208687635
4.15638,36.40708,0,0.4218743338111105,2.239737741246075,1.516936751362919,2.320252694868422
6.51075,36.44785,1,-0.2125942298832405,1.5579723072913245,-1.468227271593051,0.8698745025565668
1.3934,34.78029,0,1.3327212491147433,-0.7681172259766834,-1.3198544845954485,-0.7968774690949304
5.09264,35.78421,0,1.8566384721653815,1.3651759809119128,-0.35695356822712865,0.9178301656755901
5.76721,35.17955,0,1.0034705171975988,2.239737741246075,1.338099196371368,1.6289694454872732
5.75537,35.34946,1,0.9481948468757426,0.3022449580831204,-0.12217178383603464,0.06168909972384524
3.30377,34.39304,0,1.402416659520562,0.020818441382110437,-0.5887105565322388,-0.2835419999300007
2.48754,33.87533,0,0.9433882668477551,-0.6464733293492977,-1.756149438772145,-0.7007912480307327
7.44501,36.40781,1,-0.26066003016311556,-0.24717476117278622,0.8166773731039864,0.3786621944771896
4.58457,36.54171,1,-0.198174489799278,2.239737741246075,0.9687690201041038,2.320252694868422
3.06942,36.65344,0,-1.154683915368792,-0.8384060150665126,-0.4472645762420555,-0.8106990721090502
7.7027,36.76012,1,-1.1667003654387609,-0.8384060150665126,0.4253253321113375,-0.8532106570149154
6.25949,36.74975,1,-1.1234411451868733,-0.7915465172780308,0.4253253321113375,-0.7909878889908802
1.29077,36.22351,1,-0.40726072101673455,0.18556826333858908,-0.6770722235696167,0.8556639284951167
7.65472,36.73116,1,-1.1138279851308983,-0.8287010282125248,-0.883559530418752,-0.49599016659134165
5.41286,34.78392,1,-0.7677542231157977,-0.17921722173616958,-1.0196470976093395,0.1254328384150342
10.58084,34.6049,1,-1.1498773353408045,-0.7202873598004403,-1.5568494622491034,-0.8050032668029292
5.32054,36.12701,0,1.0659560575614366,-0.6310956797310073,1.530242244387531,-0.6523387383640612
0.08895,34.80576,1,1.0707626375894241,0.6677537811854231,-0.7503803299627022,0.16399768942184118
0.2423,35.9251,0,-0.7268982928779039,-0.6986714470897822,-0.6512325264959515,-0.7434592664858357
6.21872,35.67649,1,1.0034705171975988,0.03919673701039933,0.06064138228818996,-0.138427060623265
4.54864,36.73684,1,0.18154533241173512,1.6112171338746777,0.4383630524216958,1.3609844661299675
-1.3769,34.106,0,1.7340706814517002,-0.3804043126676378,-0.40668990887776946,-0.5715017501739637
7.18913,35.02455,0,1.647552240947925,1.0111965132395444,-1.0885803008499886,0.508933127169532
8.16905,35.23184,1,1.3014784789328244,-0.18303730028136,-1.006501454539286,-0.41167467554285153
4.604,36.65761,1,1.3399311191567245,2.239737741246075,1.528983860571265,2.320252694868422
3.30963,33.13372,1,0.5877013447766796,-0.7446884232914767,0.4253253321113375,-0.7591011436630501
9.5699,37.25981,1,-0.7821739631997602,0.49356035874273296,0.41574868508825263,0.32522676556510866
9.31975,36.82404,1,0.09743018192195374,0.714184041328121,-1.3321970684190116,1.3834396839088663
8.91726,35.03958,0,0.5708783146787233,-0.5947214655055881,1.6651301602301167,-0.49079072228756415
9.81789,35.72256,1,-0.7172851328219289,-0.541913322147304,1.0676531931969317,-0.5286439468366966
-0.26617,35.77383,1,-1.027309544627123,-0.8618359966351061,-0.883559530418752,-0.8532106570149154
4.99547,34.83469,0,0.41466446376912924,2.239737741246075,1.6319325571731567,2.320252694868422
10.51081,36.74252,0,-1.1883299755647045,-0.7789992891133342,0.34650044207135866,-0.8278054067020777
7.23742,33.69486,0,-1.1090214051029108,-0.8247899895070685,-0.6259996083104143,-0.8623229701919665
1.57917,36.00485,1,-0.2774830602610719,0.5093887916518635,-0.010969622065359003,0.15225205295043445
2.84059,33.81867,0,0.7871744159381611,0.5046301978377906,-0.15357323853732963,-0.0038094137725153024
7.18939,33.13785,0,-0.950404264179323,-0.8247899895070685,0.24659030004297866,-0.5599569746471802
6.89577,36.70917,0,-0.823029893437654,-0.7412253214939464,-0.16556738496572912,0.22243020987271966
7.37485,36.73455,0,-1.0585523148090419,-0.5050290081827404,-1.0949338372437432,-0.14272170180695912
4.92279,35.82705,0,2.108983923634726,0.1407290614426155,-1.3913464336496628,1.7026975719073005
8.70044,33.36268,0,-1.0633588948370294,-0.8384060150665126,1.2979152404647305,-0.7879269410208024
9.68501,33.52975,1,-0.7509311930178414,-0.7557539501551984,-1.2583835225351816,-0.7182326968451489
5.03904,35.9434,0,1.392803499464587,-0.47550502162042724,0.28923776492075,-0.589501660531513
2.747,36.01874,0,0.40505130371315423,1.4360524356142508,-1.696433682471593,0.9814014161564859
3.76069,36.36366,1,0.2848868030134665,-0.33814069176260314,1.5554753105137944,-0.1997302375060871
4.97257,36.43796,1,0.8208204761340736,2.239737741246075,0.9348823091449372,2.320252694868422
5.95913,33.46371,1,-1.0801819249349855,-0.7773588418573524,-0.12062447178168145,-0.8087527531995959
9.67465,37.32346,1,-0.9576141342213043,0.27382642288191017,-1.0392682542018228,0.2622073197308488
5.40652,36.56478,1,0.10223676194994125,2.239737741246075,0.035467196570917216,2.320252694868422
9.82214,37.07315,0,-0.8999351738854541,0.5398206114917551,0.06785526797461983,0.14977461784645987
-1.63333,34.91848,1,-0.42648704112868463,0.7243594181650662,-0.7671029578789338,1.2143017080710572
6.05279,35.05305,0,0.280080222985479,0.19489831874070337,-1.2706054606966042,0.21422260833620188
5.84217,34.67804,1,-1.1282477252148608,-0.8384060150665126,1.2979152404647305,-0.7925566436492217
8.34968,36.77693,1,-1.125844435200867,-0.8021013006702323,-1.4295092973265895,-0.8147548742610229
8.55288,36.776,0,-0.9359845240953604,-0.413422881867396,-1.715075693368337,0.45440771238026617
6.29136,36.69781,1,-0.05397708895965276,2.239737741246075,0.03784194110638689,2.320252694868422
9.54363,37.24813,1,-0.794190413269729,0.004099206958016032,-0.2637816824507445,0.09871889573121623
2.75457,36.45805,1,-0.9528075541933168,-0.7773588418573524,0.7519654365717116,-0.3911305640834792
4.50055,35.71003,1,-0.058783668987640265,-0.7726182803056105,1.072994445172299,-0.7894450723034566
9.68466,33.53153,1,-0.7509311930178414,-0.7557539501551984,-1.2583835225351816,-0.7182326968451489
4.34194,33.85329,0,0.13828611215984754,-0.4321565487903116,0.5944835692158854,-0.5933016928980939
4.74103,36.4124,1,-0.383227820876797,1.6813892367766488,1.7270427623429947,0.908649446905676
6.74903,35.88391,1,1.373577179352637,1.855536124348807,0.3612390369097693,1.7682039104236449
0.43535,35.96078,1,-0.3952442709467658,-0.06717614465451938,0.0006017097678266581,0.9168094227809966
1.43616,36.33043,0,-0.13809223944943413,-0.21759279216179062,-0.6323844341677406,0.2662524609967822
4.61285,35.89702,0,0.36419537347526043,-0.26000746525657104,0.9382837623195895,0.3087903955315411
8.53032,34.9382,1,0.6117342449166171,0.21508576604227483,1.6312478874927334,-0.07369286580547796
9.44881,37.16669,0,-1.0008733544731918,-0.8287010282125248,-0.010969622065359003,-0.850241227297896
7.76032,36.58329,1,-1.0609556048230355,-0.7610612909183923,0.0807718248302965,-0.7545461657533441
5.70779,34.54826,1,-1.0585523148090419,-0.7610612909183923,0.9533618811244157,-0.8190622522128563
0.78206,35.65214,0,0.15991572228579135,0.04343078976383933,-0.18649360067356527,-0.12888537762215013
8.04005,36.82744,1,-1.1907332655786984,-0.8287010282125248,-1.756149438772145,-0.850241227297896
6.33355,36.85656,1,-0.5634745719263285,2.2388109682761903,-1.1712236889715153,2.320252694868422
4.26988,33.98988,0,0.0733972817820162,-0.615564635667821,0.3988926146370725,-0.4855376850411629
9.91282,33.80213,0,-0.7581410630598227,-0.30149100661526007,-1.067486024477295,-0.46093281042344325
6.90814,36.12643,0,1.1068119877993303,0.9860545292957149,-1.7313664823050623,0.5375737136226288
9.74588,34.39215,0,-1.0921983750049544,-0.8384060150665126,1.2979152404647305,-0.8646454723631704
6.33379,36.62185,1,0.49877961425891065,1.6769737600746293,1.4734392190729368,1.145680899010896
10.1785,34.47815,0,-1.1474740453268109,-0.8452684910953331,-1.756149438772145,-0.8672816332828035
10.42304,35.54054,0,-1.1210378551728795,-0.8452684910953331,-0.010969622065359003,-0.8744837558154406
1.84519,36.17798,1,-0.6620094625000725,-0.6766151128527891,0.6040603641796963,-0.7253797126245292
4.60279,36.66113,1,1.5994864406680498,2.239737741246075,1.6138479869323838,2.320252694868422
4.28104,35.47654,0,-0.23182054999519056,-0.7624323943437369,-0.883559530418752,-0.7630275444728606
9.021,33.44297,1,-1.0585523148090419,-0.6206304526971439,-0.728961841488745,-0.6895339716194736
9.71877,37.29863,1,-0.7004621027239726,0.28432965339337446,-1.4985895166638075,0.3368146631444654
9.03337,33.67249,0,-1.0152930945571543,-0.7773588418573524,-0.12062447178168145,-0.70943289892215
10.23215,34.40212,0,-1.185926685550711,-0.8121336448267868,0.861620286288034,-0.850241227297896
6.33063,36.85688,1,-0.6067337921782161,-0.22571914557948614,-0.38579357719660695,2.320252694868422
6.31174,35.24955,0,1.8374121520534314,2.163109033639202,-1.671807765085273,1.2062379968300712
2.3936,34.19892,0,1.9647865227951005,-0.5453616801466876,-1.2992895031555842,-0.6081482609398919
0.61673,34.848,0,1.414433109590531,-0.5219579597566975,0.44447330029136745,-0.6230975675534214
6.96485,36.88221,1,-1.1138279851308983,-0.4270817660425998,-0.49220748942610315,-0.20448312086725698
6.60887,36.65198,1,-0.5778943120102911,1.6018384340212344,-0.47344830947428246,1.0039364603982424
9.5057,33.51156,0,-0.9119516239554228,-0.5124079495332036,-0.9363059470531291,-0.5249889306678033
3.13338,36.66821,1,-1.1426674652988233,-0.6888738558434364,-1.0454660829813496,-0.7721483511743006
8.18735,33.25371,0,-1.0946016650189483,-0.7570555770188393,1.5554753105137944,-0.7541737876890373
8.4058,34.79773,0,0.6477835951265234,-0.3636174165417904,-1.5482041760672252,-0.36933703900163795
4.60435,36.50522,1,-0.8927253038434728,-0.8094451392166911,-0.18970465413371784,-0.6841425891456587
1.07933,34.98244,0,1.7460871315216688,1.3449820807749608,-0.039962305864179704,0.7498401596759978
1.5309,33.16849,0,1.1500712080512179,-0.7570555770188393,1.5554753105137944,-0.828668305151294
1.2366,36.13384,1,-0.9960667744452043,-0.7292993803857178,-1.756149438772145,-0.7691678840977085
2.41051,36.17178,1,-0.25104687010714055,-0.47657125959729546,-0.25784807580804464,-0.4842049828067069
1.28853,33.96637,0,1.8470253121094065,-0.5861290808711416,-1.4387669101738245,-0.6492302913967789
2.24731,35.34849,1,0.6790263653084422,-0.8149761459571895,1.2979152404647305,-0.7974326725586998
1.91167,36.22323,0,-0.383227820876797,-0.12671527782598382,-0.35843149608093766,0.9967463366400658
3.2613,33.61471,0,0.7078658454763672,-0.4464324543255181,-0.23879863615160202,-0.5387195326401677
6.33899,34.55373,0,-1.2267826157886046,-0.8452684910953331,-0.883559530418752,-0.8672816332828035
6.89413,36.2284,1,0.8088040260641048,-0.2920369823180495,1.389656835301112,-0.3561610564312995
3.50599,36.70811,1,-0.3327587305829282,1.2513911491617005,-0.2006491611103881,1.635834521293024
10.15201,35.63555,1,-1.0393259946970919,-0.7935268707399993,0.9977080014193477,-0.7144869329624852
9.06502,36.70268,0,-0.3591949207368595,1.4558636329759505,-0.5995667428954232,0.8024200155397647
8.01759,35.35092,0,2.4790905857897636,0.44063023197716195,-0.3571618687694873,0.7387562159016489
9.09829,34.43281,0,-0.10684946926751535,-0.7726182803056105,-1.5447751319471539,-0.6636723509414943
7.16939,34.66868,0,-0.6187502422481849,-0.5687645318857613,-1.2976460296292613,-0.656549316878036
9.81513,35.89978,0,-0.6187502422481849,-0.11820485661016705,1.0247113262742074,-0.4023465761807223
4.25171,34.67375,0,0.9457915568617489,-0.6616620163699825,1.098615411882415,-0.7341471690080981
1.16421,35.58431,0,0.2079815225656664,0.9328718732993921,0.4867963311567861,1.1547673797703564
3.49591,36.4587,1,-0.3952442709467658,2.0879349905735247,1.350248976443632,1.330406314656679
5.93064,35.06771,0,1.7076344912977688,0.4462500311285405,0.8265086261167014,1.823708860088596
7.97613,34.41867,0,-0.32554886054094695,0.8400809691803118,1.7018869212757592,0.8832042833614094
5.49827,36.07041,1,1.1500712080512179,-0.6686380898346296,1.434002955596044,-0.5297341578943127
11.10678,33.4794,1,-1.195539845606686,-0.7624323943437369,-0.883559530418752,-0.7738875814928314
-0.78325,34.85169,0,0.8881125965258988,-0.4094663630818068,0.6313583869609612,-0.11794566191397964
9.70369,34.35201,0,-1.0921983750049544,-0.8021013006702323,1.407570090181053,-0.8295447953505992
8.36178,36.15818,0,0.15510914225780384,-0.19442438310045548,1.3076598002119468,-0.11228316220100962
7.00925,33.84148,0,-1.1570872053827859,-0.8618359966351061,-0.883559530418752,-0.8008414398523076
5.4691,36.64155,1,-0.9023384638994478,2.239737741246075,0.24319639184535782,2.320252694868422
10.02911,36.50371,1,-0.861482533661554,-0.7423685203908622,-1.4295092973265895,-0.7968774690949304
5.22209,34.50206,0,-0.8206266034236602,-0.6246453262103798,0.6214144031149527,-0.6218039059762233
9.24235,36.75934,1,-0.5514581218563598,0.8052396291018288,-0.38493507716300795,0.24300956206957355
9.34797,36.74521,1,-0.6307666923181536,-0.24030739316570104,-0.4158542450971941,0.6066242795357201
4.16241,36.75681,1,-0.4240837511146909,1.4015262917255022,0.9712751360043564,1.5250531801007818
5.65824,36.77223,1,-0.7725608031437852,0.6773662722284175,-1.3831864670197787,1.8312936125524366
-0.27967,35.82083,1,-1.195539845606686,-0.8384060150665126,0.4253253321113375,-0.840323901116222
-0.35447,34.86185,0,0.7871744159381611,0.07486180634378667,1.2073145645080863,-0.24634900440512328
9.71937,33.20871,0,-0.676429202584035,-0.7458657555159275,-0.883559530418752,-0.8100446274071215
7.12043,36.67399,0,-0.33996860062490947,0.9178811921528195,-0.2385934423644916,0.2726282197255529
10.4037,36.09442,1,-1.1811201055227234,-0.8149761459571895,1.2979152404647305,-0.8304355422859543
6.96613,36.88305,1,-1.1138279851308983,-0.4270817660425998,-0.49220748942610315,-0.20448312086725698
6.07631,35.48929,1,1.3783837593806245,-0.38383259862619873,-0.1470571892559465,-0.5072448815751959
4.56354,35.83575,0,0.24643416278956648,-0.8618359966351061,-0.883559530418752,0.08966799347988436
0.68129,35.9967,1,-1.0921983750049544,-0.8021013006702323,1.1882603907484082,-0.8087527531995959
5.90292,36.4119,1,-0.04196063888968399,-0.7356646061165195,-0.23589026941706437,-0.7039833354544259
-0.19897,35.50571,1,-0.6451864324021163,1.8441585346433003,1.710657439282287,2.1814991731117455
-0.57629,35.50403,1,-0.9431943941373417,-0.8094451392166911,0.16776541000299983,-0.828668305151294
-0.34946,35.81217,1,-0.969630584291273,-0.6316910468645893,0.2823799725620597,-0.7005277447049071
5.47328,35.18439,0,-0.10684946926751535,-0.6569200975511835,-1.6200618715815576,-0.756424353508586
5.86063,36.63842,0,0.05657425168405992,2.239737741246075,-1.1581629638782474,2.320252694868422
8.72409,33.90027,0,-1.1426674652988233,-0.8121336448267868,-0.010969622065359003,-0.815454059499874
2.78802,36.2879,1,0.45552039400702304,2.239737741246075,0.7346886226954831,2.320252694868422
6.36674,33.67352,0,-1.0705687648790105,-0.8384060150665126,-0.4472645762420555,-0.8106990721090502
-0.71466,34.78722,0,0.9385816868197676,-0.3942687568776034,-0.6612226678485056,-0.3850836813744644
-1.67644,35.00767,0,0.33295260329334164,1.6619508147511546,0.9854431234621723,2.320252694868422
4.16412,36.63396,1,0.270467062929504,2.239737741246075,1.5748839502532248,2.320252694868422
10.88981,35.23779,1,-1.0946016650189483,-0.7624323943437369,-1.756149438772145,-0.7670853662118254
1.85467,33.5832,0,1.5057581301222935,-0.5999075596636116,-0.7048244983503932,-0.45559409202297346
6.21664,34.30011,0,-1.2676385460264985,-0.8618359966351061,-0.883559530418752,-0.8843220392677109
4.07559,35.49592,0,0.43389078388107927,-0.00685745933190868,-1.3426707540348464,0.37101360336110595
7.1548,35.38404,0,1.4793219399683621,-0.7046686130179255,0.6828852542196752,-0.772580620196416
10.02881,36.50261,1,-0.871095693717529,-0.7292993803857178,-0.883559530418752,-0.7734502177634602
8.92024,35.37485,0,0.8039974460361173,-0.4245665252671169,1.1003566742286945,-0.5010075806640544
3.32552,33.10949,0,0.6718164952664609,-0.38815298907609846,-0.3645550586159589,-0.5521433544225868
8.06314,34.47512,0,-0.017927738749746448,-0.5492865862435623,-1.445843063044249,-0.5569865351366646
11.10952,33.48047,1,-1.1787168155087295,-0.732442841913378,-0.4976268541048551,-0.7410744790555198
0.14114,35.90878,1,-0.7124785527939413,0.12329523754663703,-0.40765270712327384,-0.22810043855643014
-0.58677,33.8264,0,1.3904002094505934,-0.8452684910953331,0.861620286288034,-0.8133771711247708
5.21726,36.24763,0,1.275042288778893,0.9010018157276022,1.565335264027374,0.5983239036615512
6.0244,35.87104,1,0.8953224665678801,-0.2879649950070477,1.3092504588990495,-0.45514280229131077
-1.20909,34.95646,1,0.06378412172604118,0.15263144039473148,-0.2442162255416406,0.5426699971413665
8.83357,35.90474,0,0.46994013409098556,-0.17921728378266363,0.21041272694004506,-0.3911305640834792
0.24375,35.15121,0,0.5083927743148856,0.8412691595412201,-1.4504056659929336,0.39597845704563994
6.91171,36.23185,0,0.8592731163579738,0.4772365466251695,-1.6034348873447541,1.0113801373219413
4.47315,36.85198,1,-0.05397708895965276,2.239737741246075,-1.734249847056888,2.320252694868422
5.46489,36.1882,1,1.414433109590531,-0.3224179860793206,-1.0569013833168799,-0.49773886152487107
5.00324,36.78063,1,-0.4841660014645347,2.239737741246075,0.03504260668699011,2.320252694868422
6.3714,36.73798,1,-0.9864536143892293,-0.5861290808711416,0.5442378686452581,-0.49698844773792367
4.43625,36.04226,0,2.262794484530326,2.239737741246075,-0.3182644054170764,2.320252694868422
3.84428,35.67108,0,0.23441771271959772,-0.678851051335341,1.6838479167786276,-0.6409363613124528
1.47725,34.01115,0,1.7845397717455689,-0.40976949122844997,-1.4803826734129073,-0.2984689855332882
3.01099,34.05184,0,0.9457915568617489,-0.7212601712689046,-1.3198544845954485,-0.4674991562396641
6.63304,36.2469,1,0.37861511355922295,-0.41587514545142606,1.165365675738992,-0.40425818915621914
4.26535,33.17198,0,0.08301044183799121,-0.4805064033656872,-1.4228167547589607,-0.6188706493844083
7.12305,36.09427,1,0.6573967551824984,-0.47550502162042724,0.28923776492075,0.16450535870396357
6.33985,36.51742,1,-0.1765448796733342,0.7559094399205865,1.5554753105137944,1.0051662833231976
4.39321,33.3523,0,0.0733972817820162,-0.8121336448267868,-0.010969622065359003,-0.8147548742610229
3.59074,36.12794,0,1.2822521588208744,1.0247052759224131,-0.18356674134826423,0.7430442142626228
-0.00818,35.76959,1,-1.116231275144892,-0.6089681626537242,1.4277613363615895,-0.5815649510537192
10.74413,34.9615,1,-0.9912601944172168,-0.7789992891133342,0.861620286288034,-0.7925566436492217
0.14656,35.91631,1,-0.6908489426679976,-0.44775469613680446,-0.3684396862020767,-0.565373464739073
5.25898,33.4191,0,-0.7317048729058914,-0.5492865862435623,1.1719265510603856,-0.511115085793647
4.18256,36.63836,1,0.46513355406299806,2.239737741246075,-1.6957191287644962,2.320252694868422
8.60817,33.53156,0,-1.1594904953967795,-0.8384060150665126,-1.3198544845954485,-0.8564951722095024
5.74341,36.25254,0,1.481725229982356,0.37786300586016375,-1.5984995107514612,-0.2037716632949058
-1.01054,35.29839,0,-0.7557377730458289,-0.5317845732506316,0.6917022256142006,-0.6455535734638295
5.22903,34.65007,0,-0.8110134433676852,-0.7557539501551984,1.3593863874509053,-0.7579470095105294
2.51962,33.60559,0,0.8616764063719675,-0.5432020898750547,0.7746267011153307,-0.726909504031386
-0.17968,35.79929,1,-1.176313525494736,-0.4270817660425998,0.16107286743537105,-0.5541893719679514
6.37005,35.56481,0,1.6066963107100312,-0.4527513313252702,-1.1914818043602522,-0.5806073712700752
-1.29213,33.78204,0,1.431256139688487,-0.7789992891133342,-1.2410295205851067,-0.8381764010837188
10.84801,36.87814,1,-0.8999351738854541,0.0384385288532036,1.3849088256374338,0.0028161826446629658
8.87493,34.54457,1,-0.31112912045698443,-0.6458371821575064,0.5467976870290877,-0.6767832282196644
3.08028,36.4549,0,1.0803757976453991,2.239737741246075,1.269518905732847,2.320252694868422
8.73431,34.29326,1,-0.6043305021642223,-0.7446884232914767,-0.9623844944290939,-0.6506757527321543
2.03997,36.53107,0,-1.075375344906998,0.5500395449675181,0.803020077032692,0.0913559459920997
10.03816,36.23846,0,-0.6211535322621786,1.0291856532572006,-1.005556926973456,0.764610644879607
4.59348,36.65635,1,1.472112069926381,2.239737741246075,-1.7445295823807963,2.1639107799921993
8.61368,36.76178,1,-0.7220917128499164,0.7634907769346153,-1.3557724956944275,1.2045241485682687
3.43798,33.70927,0,0.5324256744548231,-0.7193212183300857,1.389656835301112,-0.7646341646280848
3.61985,36.68534,1,-1.116231275144892,-0.5050290081827404,-0.6721852235937609,-0.058550664005078676
8.82283,36.61486,1,-0.558667991898341,1.4134280502126777,0.37701854269706875,0.8234917247494199
6.25955,36.74904,1,-1.1234411451868733,-0.7915465172780308,0.4253253321113375,-0.7909878889908802
-1.76883,34.57698,1,2.1306135337606693,2.239737741246075,-0.36373206435662564,2.320252694868422
6.87816,35.26293,1,1.8013628018435253,0.7617445404062915,-1.1411194895122712,0.05522112960850138
-1.49138,34.83274,0,0.2656604829015165,1.3096552889270916,0.10776405413069826,0.7001608529464154
6.34047,35.52636,0,1.5634370904581436,-0.34208011673908373,0.5644484950609147,-0.3954672577126984
7.0513,36.8796,1,-0.9359845240953604,1.2849957785209343,-0.40507898231119027,1.7349717823883273
5.01178,36.33978,0,0.6622033352104859,0.8323760355501509,0.054085241070031834,0.578541690191117
3.04325,36.7822,1,-0.9912601944172168,1.6874539092903098,0.0283876410637925,0.4685044577337487
4.17252,36.63316,1,-0.11646262932349036,2.239737741246075,1.6871372308828907,2.015285615533827
5.41432,34.78791,1,-0.7485279030038476,-0.6133463028779537,-1.756149438772145,-0.38314864963412365
4.55995,36.71382,1,0.9097422066518426,0.9381888855598448,-0.2867364613949599,1.8269953684818434
5.60556,34.63897,0,-1.0345194146691044,-0.7282680125385013,0.7925402518767237,-0.7734502177634602
8.1244,36.78338,1,-1.183523395536717,-0.8247899895070685,-1.4985895166638075,-0.2534433138898277
4.25512,34.22598,0,-0.13328565942144663,-0.5203477291433142,-1.104941953394519,-0.3184710876947814
2.99955,36.67628,1,-0.7557377730458289,-0.24118913589253482,0.07833538901204021,-0.1111556837820312
2.67209,34.21532,0,1.7172476513537438,-0.44380047307149484,1.1882603907484082,-0.6232828910482924
2.4589,34.56512,0,1.1620876581211868,-0.5682968874601652,1.0205240119624748,-0.5814051573902346
10.58555,34.59927,1,-1.1691036554527545,-0.7356646061165195,-1.5312287914204397,-0.7802034351900167
9.94908,35.52576,1,-0.8686924037035353,-0.7506998056225674,0.6040603641796963,-0.788936347488063
6.18101,36.34255,1,0.8520632463159924,0.38060223447913893,-0.04794888596306648,0.749277433778449
9.8053,37.1596,1,-1.183523395536717,-0.6464733293492977,0.6423107347961152,-0.7606567323030554
2.67943,33.30082,0,0.8616764063719675,-0.7055441200721081,0.5513138735749563,-0.678187115617931
4.17763,36.63149,1,-0.32554886054094695,1.7873666340885423,1.5630841979389298,2.2066687158082328
7.94587,36.41697,1,0.42908420385309176,2.239737741246075,1.0022059912559051,2.320252694868422
9.67909,33.52993,1,-0.7557377730458289,-0.7412253214939464,-1.601551749842138,-0.8014231934962921
3.49091,33.51443,0,0.7367053256442923,-0.5797351276135985,0.021669652691273314,-0.5217709615682999
7.72969,34.32097,0,-1.0994082450469358,-0.7570555770188393,1.5554753105137944,-0.778818209619985
9.53621,37.27555,1,-0.7557377730458289,1.2715207691308246,-0.06676280398354677,1.313912298432726
8.1668,35.23415,1,1.3134949290027933,-0.6729474049853428,-1.388934666947485,-0.43218897874264484
5.70128,36.15581,0,1.0996021177573492,-0.1590665059590711,-1.029169154504491,-0.3344332840353664
7.17641,36.5248,1,0.24643416278956648,0.45029372523825906,1.024866959918072,2.320252694868422
2.83218,36.51089,1,-0.8086101533536915,-0.42992898658445544,0.031677842812412337,-0.4992440519696202
4.44194,34.75428,0,0.5949112148186608,-0.37249859658275636,-1.1158865343415525,-0.4500980569437621
4.69098,35.57111,0,-0.217400809911228,-0.7282680125385013,0.7925402518767237,-0.815454059499874
6.80143,33.72799,0,-1.145070755312817,-0.6089681626537242,0.2954792362144785,-0.6669872602166259
5.0197,34.62982,0,-0.7076719727659538,-0.8094451392166911,1.5554753105137944,-0.7849602521718438
7.39029,35.08943,0,1.5706469605001248,-0.6496826377187601,1.3593863874509053,-0.1097173437777922
5.34842,36.53347,0,-0.2125942298832405,2.239737741246075,-1.1151252313650057,2.320252694868422
-0.47605,35.64326,1,-0.7413180329618664,0.3538232158364999,-0.6665742017043373,0.06245617686270084
6.51887,33.49785,0,-1.0152930945571543,-0.8384060150665126,0.4253253321113375,-0.8100446274071215
7.54872,33.77899,0,-1.116231275144892,-0.679602434378192,0.861620286288034,-0.7752101998661032
2.28682,35.39194,1,0.6598000451964922,-0.7412253214939464,1.016218049188404,-0.8133771711247708
6.91622,36.83402,1,-0.8086101533536915,-0.13325764629727593,0.19571688697147943,0.3888901148423621
9.72336,37.30348,1,-0.6740259125700413,0.0732571599148672,-0.13990514279302935,0.8095492279913039
9.78864,37.1254,1,-1.0441325747250794,0.03737598264273086,1.6105202082393328,-0.216259888533276
5.57868,33.62542,0,-0.8350463435076227,-0.7955663855340371,-0.883559530418752,-0.6152490443619931
8.76699,36.54377,1,-0.8662891136895415,-0.8149761459571895,0.4253253321113375,-0.7835096327972164
6.56613,37.01773,1,-1.0801819249349855,2.239737741246075,1.4740623454112995,2.320252694868422
10.02218,36.50473,1,-0.8686924037035353,-0.6365106323823055,-1.0493780796017973,-0.6342670235965155
2.27882,36.4835,0,-0.3784212408488095,1.0201422526575614,0.34941901671599773,1.7718140030965153
10.58864,34.59808,1,-1.1618937854107734,-0.7252205989836185,1.5981224795101134,-0.7779047370533008
1.14051,34.54266,0,1.1741041081911554,-0.8384060150665126,-1.3198544845954485,-0.82209927476212
6.20723,36.59489,1,0.8136106060920923,2.239737741246075,-0.06997947919129142,2.320252694868422
4.13631,36.62082,1,-0.33516202059692196,0.6686383160044888,1.0896880767062138,2.320252694868422
9.1448,36.48261,0,0.8328369262040424,-0.33814069176260314,0.16776541000299983,-0.04333584151561997
3.31035,34.45298,0,1.549017350374181,-0.4612177926000581,-0.08004980441739538,-0.4996212573394207
9.75831,33.06019,0,-0.657202882472085,-0.6316910468645893,-1.1769091250461707,-0.6397461982909414
4.35646,35.75461,0,0.001298581362203582,-0.6630376336777687,-1.756149438772145,-0.5954716441232757
6.79886,35.24609,1,1.491338390038331,2.239737741246075,-0.6472586166816282,1.3088869467498139
4.46586,36.85988,1,0.5492487045527794,1.9269198711864344,1.6424685998050454,2.320252694868422
11.07429,36.86746,1,-1.087391794976967,-0.5682968874601652,-1.5972455651569784,-0.663453123717952
10.18623,35.85032,0,-1.056149024795048,-0.6275552912693356,-0.8047345664084101,-0.3697130340266208
6.08768,36.67136,1,0.5228125143988481,2.239737741246075,-0.45239220180892437,1.8868098212389475
1.77637,33.4646,0,1.315898219016787,-0.7610612909183923,0.7698786914516524,-0.5793352707191637
5.87624,33.23623,0,-1.0032766444871855,-0.8094451392166911,1.0403551704156668,-0.822881980830278
9.31474,36.79098,1,-0.5346350917584035,0.013982220715034447,1.5189375017427902,0.20608638899637197
6.33859,36.85715,1,-0.21019093986924675,2.239737741246075,-1.0588865259501468,1.682602695408156
-0.52402,33.33333,0,1.5442107703461936,-0.6111476853615682,0.78798663632715,-0.6413343677245847
7.13143,35.44246,1,1.4000133695065684,-0.27498505459290074,0.14793425154980777,-0.3346973643860468
9.86101,34.85884,0,-0.8158200233956727,-0.8021013006702323,1.1882603907484082,-0.7717177428578652
6.08839,36.67466,1,0.5228125143988481,2.239737741246075,-0.45239220180892437,1.8868098212389475
7.67959,36.79451,1,-1.125844435200867,-0.24583958266749203,-1.4046524074816347,-0.27585783030578875
9.73012,35.14048,0,-0.5778943120102911,-0.5135873603152048,1.1073628511356701,-0.6306163984460306
1.65626,35.8105,0,0.5660717346507358,2.239737741246075,-0.7768080174522796,1.3682366270969375
2.87241,36.59731,1,-1.1618937854107734,-0.8247899895070685,-0.2685295441736967,-0.7602660020336064
-0.65727,34.485,0,1.5922765706260686,-0.5876257974236746,1.1041702902662809,-0.6989545779174919
4.5101,34.63073,0,0.13347953213186003,-0.014563695938444454,0.7413249477871912,0.01656603754389422
-0.39919,35.46461,1,-0.49618245153450347,-0.36942757433689044,0.6710677490182475,-0.2254507967177015
3.07719,36.7528,1,-1.195539845606686,-0.3804043126676378,0.24659030004297866,-0.45842551076478183
6.32283,35.92583,0,0.8136106060920923,-0.6275552912693356,-1.6773244747618032,-0.6586840695870672
9.21375,36.90183,1,-0.4144705910587158,1.3825100340454715,-1.3775119415736738,0.5337223401177362
3.13776,36.59694,1,-1.0513424447670605,-0.7118158727596351,-0.07244047317008148,-0.7765490453041977
9.98553,34.97027,0,-0.861482533661554,-0.7412253214939464,1.016218049188404,-0.7854485137155529
10.58564,34.6036,1,-1.154683915368792,-0.7046686130179255,-1.5774144067037863,-0.7859392100226742
9.62551,36.1525,1,-0.08521985914157156,-0.5563889243235853,0.7401479313702839,-0.44610408793081713
4.61237,36.64758,1,0.7895777059521548,2.239737741246075,1.6045528711110806,2.320252694868422
2.77593,33.78012,0,0.7150757155183485,-0.6095112711276991,-1.5312287914204397,-0.6986936782404021
0.52365,35.31567,0,0.5396355444968044,0.6013346225220889,-1.042463404033919,1.054918098151624
-0.20582,35.80076,1,-1.195539845606686,-0.5921658634857307,0.44946260127932625,-0.499118401289015
5.90743,36.7242,1,-0.5730877319823036,1.2416945230727847,1.5981224795101134,0.4040798860088507
-0.34562,33.47475,1,1.5153712901782685,-0.7412253214939464,1.579612431741057,-0.7341471690080981
-0.49796,34.41565,0,1.609099600724025,-0.7193212183300857,1.389656835301112,-0.5991814917271642
9.96181,35.63013,1,-0.9263713640393854,-0.6729474049853428,-0.15887469445737423,-0.7646341646280848
0.12113,33.83095,0,1.4168363996045246,-0.7915465172780308,-0.4472645762420555,-0.796325762964733
10.31344,36.61715,0,-1.0032766444871855,-0.4709182655716043,-1.40338703346606,-0.5270148790072379
5.49286,34.74195,0,-0.8206266034236602,0.06607534027597613,-1.7264185307500504,-0.38035601822158804
4.25503,33.85336,0,0.2969032530834353,-0.7202873598004403,1.0609201148703495,-0.5814051573902346
4.08916,36.59569,1,0.251240742817554,2.239737741246075,-0.0711147763234366,2.0129813441814393
4.17538,36.63032,1,-0.32554886054094695,1.7873666340885423,1.5630841979389298,2.2066687158082328
6.40377,36.51836,1,-0.2870962203170469,-0.16316734488980247,1.2138248441011512,1.622336530706081
9.20467,36.84144,1,-0.5130054816324597,-0.4615601651541829,-0.6465645527650972,-0.06083951049792992
5.92359,36.34964,0,0.33054931327934783,1.935264131891206,0.7800363017061596,0.7463418690872143
7.44048,36.40755,1,-0.217400809911228,1.1750218424347942,1.0588181730338213,0.7786679836576309
6.6401,36.7173,1,-0.6163469522341911,2.239737741246075,1.3359043477588444,1.6772238104482726
8.59136,35.85187,1,0.2920966730554478,-0.41128811019337996,-1.2328608994227452,-0.4843259609933648
5.40285,34.78924,1,-0.7124785527939413,-0.02446023583116407,1.5554753105137944,0.36769376826404204
8.23206,36.67722,1,-0.6499930124301038,2.239737741246075,1.4298677164199012,1.2322812395995837
3.9551,36.7387,1,-1.106618115088917,-0.6464733293492977,0.2083400773672859,-0.7150578216506648
7.69081,33.19633,0,-1.0321161246551105,-0.8618359966351061,-0.883559530418752,-0.8843220392677109
-1.51878,33.37771,0,1.5562272204161622,-0.7955663855340371,0.861620286288034,-0.8068553195543757
3.9025,36.62592,0,-0.5370383817723973,2.239737741246075,-0.29729218014342096,2.320252694868422
3.80166,34.56717,0,1.3687705993246495,-0.7955663855340371,-0.010969622065359003,-0.8037922182964247
5.1609,36.00134,0,1.1116185678273178,0.1395038293247641,1.6605768405619954,0.1501489803133166
4.57246,36.53905,1,0.3593887934472729,2.239737741246075,-1.6795398871352556,2.0134657072889333
10.46627,33.21414,1,-0.8110134433676852,-0.7773588418573524,0.09868522765096345,-0.6298545004570923
5.75424,35.35125,1,0.8833060164979113,-0.10688701767842267,-0.5163447585940919,-0.38946518590949086
7.82567,33.04982,0,-1.008083224515173,-0.6888738558434364,-0.17287624859831968,-0.6364051117906837
-1.09409,35.51541,1,-0.6283634023041599,-0.4174146740848482,-1.4985895166638075,-0.5463659282470471
6.82726,34.37888,0,-1.214766165718636,-0.8149761459571895,-1.3198544845954485,-0.8437577584356865
8.09753,34.82458,0,0.777561255882186,-0.6095112711276991,-1.5312287914204397,-0.6199667995758971
9.26219,34.42619,0,0.6333638550425609,2.13449691337658,1.1857391848940926,1.8858492015194823
2.75118,36.47466,1,-0.9864536143892293,-0.7570555770188393,0.16776541000299983,-0.7849602521718438
6.95464,36.88232,1,-1.1570872053827859,-0.5999075596636116,-0.7048244983503932,-0.5335765523295115
5.92646,34.14307,0,-1.262831965998511,-0.7789992891133342,1.2190903504247517,-0.8244781019478978
3.26366,35.23687,0,1.2053468783730743,0.3849719208685552,-0.38464348599185105,0.8232365953208793
1.35557,35.33952,1,1.1428613380092367,-0.7458657555159275,0.861620286288034,-0.590488232295673
5.32205,36.25789,1,1.8494286021234003,2.0391068816220717,-1.7216706690270982,1.3941911487765604
6.03381,33.53244,1,-1.1330543052428483,-0.8094451392166911,0.6828852542196752,-0.7431161055824761
9.21751,34.89607,0,-0.207787649855253,-0.8618359966351061,-0.883559530418752,-0.8425817395600093
2.88852,34.4005,0,2.1306135337606693,-0.4464324543255181,-1.1113885445049951,0.16094638198897376
2.66938,36.53773,1,-1.0825852149489794,-0.6522855191670776,-0.18970465413371784,-0.7102650391318431
10.43252,36.16126,0,-1.1883299755647045,-0.8021013006702323,-0.33760972652573307,-0.8236747918702857
9.98907,33.87284,1,-1.0297128346411168,-0.4049439182240586,1.28367446616967,-0.5007551534006881
3.41535,36.49365,1,0.6982526854203922,2.239737741246075,-0.3892503602028233,2.320252694868422
7.11921,36.4982,1,1.6331325008639626,2.239737741246075,-1.519411286219012,2.320252694868422
6.28233,36.79112,1,-0.9191614939974041,-0.0542068762373477,-0.4553149187938944,0.6644812388044717
10.54908,35.3537,1,-1.0921983750049544,-0.7773588418573524,0.09868522765096345,-0.78113725843817
10.6541,33.04998,0,-0.9167582039834103,-0.7570555770188393,0.16776541000299983,-0.7338252454341552
7.84285,36.70068,0,-1.1426674652988233,-0.7935268707399993,-0.1470571892559465,-0.7879269410208024
5.313,36.01944,1,1.0010672271836052,-0.4896048392055419,-0.32389636091924406,-0.6008838557869758
7.89177,36.4175,1,0.03013806153012863,2.239737741246075,-1.2128399330179578,1.9901912831013577
3.10795,36.70684,1,-1.1667003654387609,-0.42425315944895675,1.4484283599172862,-0.3444700825095647
7.31121,35.61584,0,0.8640796963859613,-0.7773588418573524,-0.7739046807024296,-0.8198080990591836
10.09418,37.05949,1,-1.183523395536717,-0.8452684910953331,0.861620286288034,-0.8602232647059838
9.76091,37.09909,1,-0.7917871232557352,-0.5000670880076913,0.7070225233876639,0.9904325025298729
-1.17242,35.50005,0,-0.969630584291273,-0.08933797344300783,-1.3198544845954485,-0.22640640617257263
7.55009,36.39308,1,-0.364001500764847,-0.37898304465186006,-0.6686469992178227,-0.4608185032070594
9.88763,37.22534,1,-1.195539845606686,-0.8384060150665126,-1.3198544845954485,-0.8646454723631704
4.59532,36.54055,1,-0.5875074720662661,2.1949053799760696,0.8824047747802597,1.2924300852970079
9.58614,36.70198,1,-0.851869373605579,0.1585298903508536,1.5412345362187339,-0.13402799201460558
4.14402,36.62579,1,-0.8494660835915853,2.239737741246075,-0.010969622065359003,2.320252694868422
8.13231,36.57973,1,-0.27507977024707814,1.0528968450484169,-0.0444509754349924,0.9485054825049379
5.93091,35.8658,0,1.1140218578413117,1.6019992585337917,0.21346504000108485,1.927379453624657
1.23609,36.13339,1,-0.9960667744452043,-0.7292993803857178,-1.756149438772145,-0.7691678840977085
5.40498,35.35461,1,0.06618741174003494,-0.2745185890506915,-1.2755082903301536,-0.5473698107568551
-0.2942,35.41258,0,0.03013806153012863,1.3539011402005396,-1.644068804969846,0.7235676832275318
7.3407,35.26751,0,1.950366782711138,1.733744813007389,0.9747168290565099,1.008032830212272
0.57838,34.72259,0,1.5634370904581436,-0.6310956797310073,1.530242244387531,-0.5998612270062712
10.02415,36.50442,1,-0.8686924037035353,-0.6365106323823055,-1.0493780796017973,-0.6342670235965155
-1.62587,34.40451,0,1.6739884311018562,-0.4318375987876877,1.582551718087351,-0.5678105362507564
2.3774,34.2168,0,1.9743996828510755,-0.7789992891133342,1.3767401305047093,-0.7354418016759058
4.55403,36.71937,1,0.7270921655883172,2.239737741246075,-0.5540959772006258,1.4637322702590034
4.56712,36.76893,1,0.3906315636291917,1.2591521728224755,-1.660865329278768,0.9824906139021617
4.13258,36.62684,1,-0.6620094625000725,2.0415788139447133,1.6620245885076785,2.320252694868422
7.69986,33.99667,0,-1.164297075424767,-0.8618359966351061,-0.883559530418752,-0.7925566436492217
7.53256,33.24273,0,-1.0297128346411168,-0.7356646061165195,-1.5312287914204397,-0.7556697879574384
10.50494,36.69617,1,-1.135457595256842,-0.7773588418573524,0.9712751360043564,-0.5710379910759237
7.24306,34.57001,1,-0.8302397634796352,-0.6365106323823055,-0.7177409812357068,-0.7501457460620976
6.5837,35.98243,1,0.6598000451964922,-0.8121336448267868,-0.883559530418752,-0.8488496051962409
7.36056,35.76725,1,1.0779725076314053,-0.5402030105390307,-0.9988253280541349,-0.6207000996500739
2.71837,36.56628,0,-1.1210378551728795,-0.6206304526971439,0.1436281408350111,-0.7501457460620976
4.74204,35.9952,0,0.8280303461760549,-0.2101980289553467,1.4703377896908294,-0.33734537366664935
3.3127,33.13495,1,0.5925079248046671,-0.7877444399719243,-1.4985895166638075,-0.7991200058247293
6.02506,35.8711,1,0.8905158865398926,-0.3812590651695632,-1.7370016185328412,-0.46357006733845635
1.4689,33.87847,0,1.959979942767113,-0.39987205166156675,-1.0244775102574595,-0.41362420327345034
1.78256,33.08542,0,0.8039974460361173,-0.8121336448267868,0.861620286288034,-0.8516921457402836
6.31271,34.98058,0,1.2702357087509055,1.9027644264978758,0.7287251320261097,0.9537262908021248
1.04764,34.93899,0,1.236589648554993,-0.5453616801466876,-1.6978894931868491,-0.678187115617931
3.07446,33.50654,0,0.8400467962460236,-0.7446884232914767,1.6553853046014482,-0.8043954485240342
9.54004,36.73228,1,-0.18615803972930922,0.88117200441769,-0.5671243772452393,0.4607550983747067
10.75028,34.90346,0,-1.0417292847110855,-0.732442841913378,1.3482775183275302,-0.7957774908361114
5.16134,36.65985,1,-0.8590792436475603,2.239737741246075,-0.17082371896431106,2.320252694868422
5.79525,36.47799,1,0.5107960643288794,1.0578683824300426,0.4793501785303682,2.320252694868422
6.8056,35.24654,1,2.0320786431869258,0.8436431824962629,-0.47767290484899416,2.3128626812562314
3.11088,36.39758,0,0.9866474870996427,2.239737741246075,0.9269290157094245,1.7564094097986696
2.97683,36.09626,0,0.7847711259241673,-0.6172415662622998,-0.28535794970909484,0.5811528824712195
6.92993,36.87068,1,-1.183523395536717,-0.7292993803857178,-0.010969622065359003,-0.7779047370533008
3.42068,33.04665,0,0.6021210848606421,-0.4395586024598055,1.6245553449251047,-0.5016393806588714
8.16309,34.36691,1,0.1575124322717976,-0.13007255157211345,0.4966099792230944,-0.01448206548929207
4.49209,36.45803,0,-0.3279521505549407,2.0527407300369296,1.2935066068267418,2.320252694868422
8.27397,36.19516,1,0.8232237661480674,1.4604451460960268,1.5206459212478738,0.563644653585178
10.58053,34.60166,1,-1.1594904953967795,-0.7292993803857178,-1.756149438772145,-0.7915078587540565
1.57833,33.13628,0,1.1428613380092367,-0.37898304465186006,-0.583352143432643,-0.49079072228756415
9.06005,37.01905,1,-0.6956555226959851,-0.3476459664638926,-1.6113827069734008,1.808403571360906
7.62816,36.7206,1,-1.0994082450469358,-0.20621880115293803,-0.4472645762420555,-0.5419554317315047
10.09115,36.93407,1,-1.1811201055227234,-0.8121336448267868,-0.883559530418752,-0.8381764010837188
10.03978,33.96151,0,-1.176313525494736,-0.8121336448267868,-0.010969622065359003,-0.7575646249908115
6.42123,36.42809,0,-0.23182054999519056,-0.08898393614800301,-0.43043617070665735,0.6798722086862304
4.82068,36.87068,1,-1.0801819249349855,1.1179965229694495,-0.20431986640655517,0.5455498296758812
2.81082,36.58563,1,-1.1426674652988233,-0.6206304526971439,-0.16556738496572912,-0.6632341216748407
3.85052,36.31518,0,0.3762118235452292,1.5355228930029505,-0.5748668551460495,1.0653714241284198
3.1613,36.54513,1,-0.9215647840113979,2.09780460228783,-0.020175973450998048,1.325330972918042
2.1508,36.24503,1,-0.5562647018843473,-0.6464733293492977,1.0809299857206789,-0.6638918033454679
4.57155,36.53516,1,-0.10684946926751535,2.239737741246075,-1.641027217611449,2.320252694868422
3.24073,36.74161,1,-1.1570872053827859,-0.8121336448267868,0.861620286288034,-0.8002637113085306
5.58877,36.37114,1,1.2149600384290493,1.4986682682857861,-0.5075279351402926,1.2540510081459342
10.75932,34.87899,0,-1.097004955032942,-0.7458657555159275,-1.756149438772145,-0.7839908433786738
-0.0061,34.20148,1,1.2005402983450868,-0.23351534960238313,1.5554753105137944,-0.37008936682225047
7.35051,34.73011,0,-0.3087258304429907,0.31237404823551024,1.6398970941038535,0.3337590772834053
5.05925,36.72064,1,-1.1883299755647045,-0.7506998056225674,0.24659030004297866,-0.6744642919916951
6.19768,35.59826,1,1.4769186499543685,1.052405809094567,1.3317457339479766,1.2790266704911655
5.32448,33.93063,0,-0.6812357826120226,-0.6888738558434364,-1.0454660829813496,-0.7523276177763557
7.08498,35.9247,0,1.0827790876593928,-0.517149821817132,-0.3524197767348533,-0.5462227416403629
0.78879,33.34249,0,2.4454445255938513,-0.04261131719827041,0.06785526797461983,0.8745033115001499
2.99871,35.94989,0,0.7823678359101736,0.42984158759310354,0.8260594780722406,0.312961074887864
5.0989,34.43601,0,-0.7557377730458289,-0.7773588418573524,-1.6464946630261856,-0.7556697879574384
0.44991,35.11324,0,0.710269135490361,0.4830031477814519,-1.5016416817841212,0.17089980740852323
2.43071,33.57422,0,0.8977257565818738,-0.392805390315618,-1.347606759376225,-0.5305540116967289
7.67962,36.79448,1,-1.125844435200867,-0.24583958266749203,-1.4046524074816347,-0.27585783030578875
4.48235,34.85642,0,0.5997177948466483,-0.6111476853615682,0.78798663632715,-0.7039833354544259
6.51413,36.28988,1,0.280080222985479,-0.6458371821575064,0.30385297719358734,-0.6165110399410549
8.98564,34.89032,0,0.49397303423092315,0.5457106851711815,1.6950627114618952,0.5943362959957873
6.64559,35.97387,0,1.0851823776733867,1.2472772184207261,-0.5677395887547553,1.7228786925115913
-0.48423,33.28277,0,1.5778568305421061,-0.615564635667821,-0.4736974416570467,-0.6356255089903431
6.08568,33.96327,0,-1.2652352560125046,-0.8618359966351061,-0.883559530418752,-0.8843220392677109
8.8595,34.48308,1,-0.3327587305829282,-0.7252205989836185,1.5981224795101134,-0.6437362829414482
2.56454,36.17441,0,0.14789927221582258,1.4306650626295543,-1.0534776650629485,2.191758393556854
8.21665,36.66984,1,-0.9912601944172168,-0.3193788247081453,0.7419874263586984,0.44752135702376755
7.45639,36.36343,1,-0.04196063888968399,0.9629118074829133,1.5125843352008508,1.1724203996736544
9.01844,36.91325,1,-0.7389147429478726,-0.18062214050076722,-1.1350815476724845,0.9752176237453064
-0.72675,33.98121,0,1.4192396896185184,-0.8094451392166911,1.0403551704156668,-0.7704356780728735
7.64866,36.63686,1,-0.950404264179323,-0.6408140220928377,0.7356315968836892,-0.43638293612604223
4.09529,36.73208,0,-0.9311779440673729,2.239737741246075,1.5501168974141986,1.8708539862455436
-0.27316,35.53199,1,-0.8182233134096665,-0.0501546817579454,-0.1717912513130509,-0.21279165953205656
7.91194,35.25231,0,2.070531283410826,0.5571289773767802,1.1018263174018414,1.2435238229877075
4.50992,33.48404,0,-0.005911288679777679,-0.7877444399719243,0.24659030004297866,-0.779277922507152
4.48759,36.84074,1,-1.084988504962973,0.756160107756517,0.8446201215696256,0.6851539282900547
4.17021,35.24721,0,0.2752736429574915,0.5216043813059045,0.9751778123590593,0.6364487521058089
10.54503,35.3552,1,-1.087391794976967,-0.7789992891133342,0.34650044207135866,-0.8213262866369455
6.025,35.86682,1,0.866482986399955,-0.5338689011249913,1.2979152404647305,-0.6377753628620411
-0.2141,35.80351,1,-1.193136555592692,-0.5402030105390307,-0.5489841073210873,-0.49338178906662894
3.53856,36.67799,1,0.13347953213186003,1.4204328512040665,-1.5685574913132119,2.320252694868422
0.24471,34.62295,0,1.6163094707660062,-0.14308841690631083,1.3613841790162542,-0.36652543613777444
1.81865,35.67642,0,1.0515363174774741,-0.06666010396357037,-1.7330166131640599,0.12442583152674351
4.13865,36.62733,1,-0.8398529235356103,2.239737741246075,1.6236762811305767,2.320252694868422
5.07095,35.97707,1,1.277445578792887,-0.4970471920729162,-0.3936726043876139,-0.21452352222835436
0.53358,33.00115,0,1.1813139782331368,-0.7090964369722593,0.11050273285239116,-0.7045208552174582
5.89481,36.04032,1,1.0467297374494866,-0.17921722173616958,-0.1470571892559465,-0.4594494343329658
4.17866,36.63448,1,0.08541373185198496,2.239737741246075,1.5216507346595927,2.320252694868422
10.82566,35.13445,0,-1.084988504962973,-0.7652329869453198,-0.583352143432643,-0.7879269410208024
6.69389,34.03846,0,-1.224379325774611,-0.6986714470897822,-1.1158865343415525,-0.7806692912808221
-1.22564,33.61666,0,1.277445578792887,-0.5962666713932151,-0.04564367356886709,-0.5698045652640694
-0.51065,35.72696,0,-0.7677542231157977,-0.7282680125385013,-1.6870692564201086,-0.4928869269215306
1.44615,36.49958,0,-0.6283634023041599,1.731713162606471,-0.15302112374749827,1.1971434095750881
4.12058,34.32526,0,0.20557823255167265,-0.5861290808711416,1.179002851871536,-0.5476571972821639
2.41047,36.58146,1,-1.1715069454667484,0.02928933898122233,1.5881145852704266,-0.2835419999300007
4.64453,34.11893,0,-0.17414158965934046,-0.6458371821575064,-0.5687369311598057,-0.6060533792409587
9.50903,36.71683,1,-0.18375474971531547,0.16585485125150004,-0.3326500136829957,0.34290275387238833
5.13739,36.3381,1,0.9025323366098613,2.239737741246075,-0.4472645762420555,2.320252694868422
5.9564,35.62244,1,1.7148443613397502,0.5961395936689232,0.7667754867808318,0.47841341001813775
9.86179,34.70868,0,-0.9047417539134416,-0.732442841913378,-1.269492206732649,-0.7683303888158861
10.04794,37.17814,0,-0.6956555226959851,0.022828127324137422,1.661263581412584,1.4714897361135684
3.32542,33.06778,1,0.6237506949865859,-0.7090964369722593,-0.4046171113642842,-0.7191091694522329
2.79885,34.18335,0,1.5658403804721372,-0.5901387114556309,1.3699659246562694,-0.7111011903679668
4.13844,36.62551,1,-0.8398529235356103,2.239737741246075,1.6236762811305767,2.320252694868422
9.16907,36.31232,0,-0.16933500963135295,-0.7610612909183923,1.6424685998050454,-0.7974326725586998
2.07319,33.18643,0,0.7799645458961798,-0.7935268707399993,-1.6200618715815576,-0.7075064381119714
5.46666,35.98447,0,1.1164251478553053,-0.6928871161478273,-1.6464946630261856,-0.7458851211972904
2.01382,34.27451,0,1.6595686910178937,-0.5967837048280689,-1.756149438772145,-0.5515611222701859
2.0428,35.67168,0,0.8784994364699238,-0.43858574445647075,1.4377310618939407,-0.447985583023642
1.25501,36.10001,0,-0.8086101533536915,0.7554084765276897,-0.010969622065359003,0.21796094126463614
-0.28701,35.81813,1,-1.1883299755647045,0.038741874162575934,0.1871357330943686,-0.32656857600044625
8.2685,36.37819,1,-0.4288903311426784,0.04403394373242359,-1.6644080658468525,2.081181966556996
3.6547,35.4162,0,0.7847711259241673,-0.1360797069857975,0.4253253321113375,-0.13132374392131288
-0.33121,35.82815,1,-1.0152930945571543,-0.5402030105390307,-0.1262354197007419,-0.5951367445269854
6.86302,34.59559,0,-1.0609556048230355,-0.732442841913378,1.3482775183275302,-0.7830307162414019
6.04715,36.58567,1,0.4411006539230605,2.239737741246075,-0.21398734903546976,2.320252694868422
-0.77864,34.91423,0,0.6766230752944484,0.1275793618207691,0.18833035445768267,-0.29962663813004636
1.01937,34.46777,0,1.1741041081911554,-0.8618359966351061,-0.883559530418752,-0.7854485137155529
9.62379,34.79681,0,0.3497756333912979,1.0843184305612699,-0.430637518034889,2.320252694868422
9.8149,35.72216,1,-0.6908489426679976,-0.19627262406498466,0.8062537654239389,-0.514502024659206
5.40003,35.3568,1,0.022928191488147367,-0.40135794110088946,-1.249021907357493,-0.4354116203360955
7.45373,34.36462,0,-0.9480009741653292,-0.5797351276135985,1.3441008557480771,-0.5650701185507034
3.26073,36.39435,1,-0.09483301919754657,2.239737741246075,-1.624578058127426,1.7309592922849169
3.52774,33.52072,0,0.7511250657282548,-0.678851051335341,0.039392655797440536,-0.7583305340061802
5.47809,36.33258,1,1.226976488499018,-0.3476459664638926,0.13379718370374827,-0.4040565963751945
7.83031,36.39577,1,0.1623190122997851,1.863637907354862,-0.2670362304843725,2.300593275101872
5.25191,36.56464,1,0.8544665363299861,2.239737741246075,1.2022617969486276,2.320252694868422
9.18592,36.66299,1,-0.6523963024440975,0.24368163012345773,1.3983507200115166,-0.07584497148148785
7.96663,35.97148,0,0.251240742817554,0.08874942491927701,-1.4509675078855064,-0.20876791040708645
-0.48169,35.67582,0,-0.9167582039834103,-0.5632008537882438,0.5349801818276599,-0.6831778598833244
3.80272,34.53658,0,1.421642979632512,-0.6630376336777687,-0.883559530418752,-0.6574008085310347
-0.9111,35.27147,0,-0.2774830602610719,0.6685498377039846,0.18482341954531606,0.3993759793914651
6.05864,36.83228,0,-0.6043305021642223,2.239737741246075,-0.6890002404934463,2.320252694868422
10.02907,36.5026,1,-0.861482533661554,-0.7423685203908622,-1.4295092973265895,-0.7968774690949304
6.89777,36.27981,1,0.9121454966658363,0.2583706412159972,0.7793161262514706,-0.2845094313575094
6.30933,36.42445,1,0.4411006539230605,0.6371826049199126,0.4686364590864249,0.3150208002919774
5.86651,36.05648,1,1.5634370904581436,1.192489791902496,0.7991662211176044,2.320252694868422
6.55686,35.13936,0,2.070531283410826,1.859252709341935,-1.6924623616199765,1.0541693732179105
2.87478,36.60128,1,-1.1522806253547984,-0.6630376336777687,-0.883559530418752,-0.7417517654974376
3.16843,33.40445,0,0.777561255882186,-0.7193212183300857,-1.2281130746849747,-0.7380654492486086
2.7774,34.62314,0,1.6259226308219812,0.048395315891638195,0.5995440296931016,-0.14272170180695912
3.73706,34.31809,0,1.6715851410878626,-0.265723374427221,-1.756149438772145,-0.12250595971137254
5.88401,34.4412,1,-1.1114246951169044,-0.7935268707399993,0.9977080014193477,-0.6019101718972413
0.77271,35.80993,1,-0.6163469522341911,0.23762626458390287,-0.07797700690391011,8.434994854923176e-05
5.79719,35.05457,1,-0.18375474971531547,2.239737741246075,-0.3384929326605919,2.320252694868422
9.52432,37.03602,1,-0.8783055637595103,0.3488896509092281,0.5223571393725795,-0.06254559003485623
9.06069,35.88437,1,1.1596843681071929,0.45391178039884805,0.9740114476744317,0.1478540539488232
3.31218,36.73524,1,-1.1498773353408045,-0.6522855191670776,-0.7048244983503932,-0.655912788094164
10.58635,34.60512,1,-1.1474740453268109,-0.7935268707399993,1.5981224795101134,-0.8068553195543757
8.29629,34.19696,0,-1.0225029645991355,-0.6744058543626753,-1.3198544845954485,-0.713634202817115
3.42547,36.73012,1,-1.0249062546131293,0.1824393827370288,-0.598443798813908,-0.1405062078395687
7.68079,36.79054,1,-1.1378608852708358,-0.5466645324285858,1.704999890034503,-0.44456067310787317
8.16883,35.23549,1,1.3134949290027933,-0.6729474049853428,-1.388934666947485,-0.43218897874264484
6.43092,36.9475,1,-0.10444617925352159,1.8719538748583504,-1.6726169268867153,2.320252694868422
10.86493,33.13297,0,-1.0489391547530669,-0.580709319616555,0.4253253321113375,-0.7390615348859866
8.26546,34.756,0,0.48435987417494814,-0.5436327856134486,1.2364440934785559,-0.6385618055179791
2.86389,35.01084,0,0.8881125965258988,-0.6299095369044024,-1.756149438772145,-0.7287651174484008
1.36944,36.35797,1,-0.26546661019110307,0.5693065945764675,-1.5733597212530084,0.01468386690977576
5.72614,35.23042,0,0.19115849246771013,0.31237404823551024,1.6398970941038535,-0.02511823797621573
6.73872,36.7954,1,-0.5971206321222411,0.33589723914977865,-1.1376904823773815,2.320252694868422
1.74049,34.36263,0,1.4865318100103435,-0.5523737716011262,-0.7330464109661964,-0.5233763573049295
1.32702,34.10788,0,1.5225811602202497,-0.7773588418573524,-0.9932143801350745,-0.8261179714011652
7.61468,36.37339,1,-0.4937791615205097,2.239737741246075,-0.303733371417394,1.5034234737826329
7.37703,34.75325,0,0.19596507249569764,0.689273738993045,1.0235269128209947,0.6099639305107288
2.7046,36.52143,1,-1.0729720548930044,-0.6616620163699825,0.6246253086343792,-0.7630275444728606
6.09578,33.7629,0,-1.1522806253547984,-0.7446884232914767,0.4253253321113375,-0.7985538740731587
5.98495,33.97849,1,-1.262831965998511,-0.8247899895070685,0.6040603641796963,-0.8548071897905111
10.12107,35.16208,0,-0.8302397634796352,-0.30664843529303615,-0.17922468103702358,-0.35827279851501825
5.02872,36.45522,1,0.25364403283154774,2.239737741246075,-0.7399570181641069,1.0845885473067776
9.68533,33.53227,1,-0.7509311930178414,-0.7557539501551984,-1.2583835225351816,-0.7182326968451489
11.10928,33.48264,1,-1.1787168155087295,-0.732442841913378,-0.4976268541048551,-0.7410744790555198
7.31403,35.04958,0,1.2341863585409993,-0.7726182803056105,1.072994445172299,-0.793617553103229
9.68649,35.60653,1,-0.6379765623601349,-0.46293266462564353,0.03521599321798752,-0.3032800217408134
8.58903,36.89286,0,-1.1138279851308983,0.1412733332883537,0.9910420881824181,-0.22047481584432815
10.00677,36.44866,1,-0.8662891136895415,-0.7681172259766834,0.4253253321113375,-0.7642304864838422
2.27839,35.38907,1,0.6622033352104859,-0.8121336448267868,0.861620286288034,-0.8093959036955227
5.98464,34.8963,0,-0.12126920935147786,1.3476376707199673,1.6302318305858305,0.7068966751846621
5.27794,34.74493,1,-0.7389147429478726,-0.4643099106538983,-1.756149438772145,-0.6756205372107583
5.69519,34.41512,0,-1.0249062546131293,-0.7610612909183923,-1.6644080658468525,-0.7752101998661032
5.08446,36.6184,1,0.05657425168405992,1.3678658205216303,-1.1612775599849783,2.320252694868422
9.58631,36.69963,1,-0.9263713640393854,0.028676009387615144,1.2687049358578064,-0.20747959686512912
0.89021,33.55386,0,2.106580633620732,-0.6729474049853428,-1.0314646767811304,-0.7159177575698332
9.30057,36.77697,1,-0.5538614118703535,-0.6953414738010312,0.8062537654239389,-0.5772793170872728
0.13989,35.90847,1,-0.7124785527939413,0.12329523754663703,-0.40765270712327384,-0.22810043855643014
5.58593,36.02403,0,1.0827790876593928,-0.6275552912693356,0.9404451763280128,-0.6846266989251677
9.29023,37.22049,1,-0.9552108442073105,0.9355697789533353,-0.8937511670402637,0.24968683739571038
0.91801,33.40842,0,1.7749266116895939,-0.19135519122616382,1.538121271578538,-0.2318724922544354
10.42565,33.07319,0,-0.5947173421082473,-0.3977997608070512,0.8417891278348419,0.08023124455970497
6.02467,35.86668,1,0.8977257565818738,-0.4709182655716043,1.2143825806385746,-0.5276927565477876
7.19122,36.29572,1,0.46994013409098556,1.1810584699331483,-1.3610451401580628,0.994815752213241
9.87427,36.82748,1,-1.1378608852708358,-0.28226515587835466,-1.756149438772145,-0.46541446395524233
-0.15269,35.37865,0,0.729495455602311,1.5012531252275843,0.3596324006242472,1.3993678217092336
7.2394,34.5698,1,-0.8374496335216165,-0.7090964369722593,-0.4046171113642842,-0.726909504031386
1.71116,34.58182,0,1.2606225486949305,-0.7915465172780308,-1.3198544845954485,-0.7730145710348769
3.76438,36.3681,1,0.3017098331114228,0.6518321544422412,1.5995921226832606,-0.0038644140928339524
9.10981,36.85462,1,-0.7557377730458289,0.24368163012345773,-0.3468289487545434,2.0462314866512523
9.684,33.53176,1,-0.7509311930178414,-0.7557539501551984,-1.2583835225351816,-0.7182326968451489
-0.16288,33.09973,0,1.5634370904581436,-0.3795510492815694,0.1436281408350111,-0.3778654100623888
6.08837,36.63281,1,1.5850667005840873,2.239737741246075,-0.575402696456009,1.9030912671358549
8.77276,35.78572,0,1.3663673093106559,1.525824777798178,0.23804479988085964,1.1711965440301257
8.90035,35.00856,0,0.46032697403501055,-0.6263870023213914,1.353282057210278,-0.6578277506285748
0.21401,34.31839,0,1.2990751889188306,-0.7412253214939464,-1.0381572193487592,-0.7806692912808221
-1.19078,33.41733,0,1.5177745801922622,-0.7506998056225674,0.6040603641796963,-0.7662626413589115
10.10445,36.73294,1,-1.0946016650189483,-0.5782800752818147,0.9266751494234249,-0.5632561775872361
5.35706,35.54781,0,0.3593887934472729,-0.2822652179248487,-0.5260895402523974,-0.12060250952650643
0.31738,35.95042,0,-0.5178120616604472,0.001254437252675023,1.1764428855469804,-0.24241645335478593
9.80491,36.81977,1,-1.1282477252148608,-0.7570555770188393,-0.18970465413371784,-0.7704356780728735
2.21241,36.03098,0,0.9337751067917801,2.239737741246075,0.3576090153132816,2.2097827359911872
9.60459,36.34658,0,-0.5706844419683098,-0.5042611517957211,-0.14081571796221798,-0.5834892867235784
10.63759,34.74184,1,-1.1042148250749233,-0.7915465172780308,1.2979152404647305,-0.8106990721090502
5.66123,35.88836,0,0.9578080069317176,-0.5042611517957211,0.991466382184893,-0.6997394865317426
8.74808,33.15594,0,-1.046535864739073,-0.8618359966351061,-0.883559530418752,-0.8449689054586297
8.04904,36.35146,1,0.87609614645593,1.3668502435071477,1.6849613186833088,1.997505819047768
3.8925,35.23433,0,1.4384660097304685,2.239737741246075,1.2419735260575313,1.4720031474966861
7.42068,36.50515,0,-0.6620094625000725,-0.5363877405971286,1.5912648350921492,-0.3697130340266208
9.6898,34.78887,0,-0.6620094625000725,-0.4395586024598055,0.6138050718676388,-0.6247702922389774
9.86081,35.55166,0,-0.8398529235356103,-0.8094451392166911,1.0403551704156668,-0.8361244901442567
2.04204,35.93069,0,1.5922765706260686,1.3591860123770785,1.567182156052094,0.5713782503140366
7.89511,35.78378,0,0.4411006539230605,-0.29856508009571187,-0.8672257647010927,-0.4186894963353452
4.56631,36.38615,1,-0.32554886054094695,0.9946918976383421,-1.596132311193023,1.2240797179347083
10.0207,35.42926,1,-0.9095483339414291,-0.7955663855340371,0.861620286288034,-0.840323901116222
5.51933,36.12537,1,1.1909271382891118,-0.8094451392166911,1.5554753105137944,-0.793617553103229
0.97381,34.97702,0,1.6884081711858188,0.01942444280046424,0.3214568880152384,-0.3488807479104305
7.24064,34.57329,1,-0.8374496335216165,-0.7423685203908622,1.1882603907484082,-0.7247718943456342
10.06,36.02627,0,-0.9960667744452043,-0.7624323943437369,0.861620286288034,-0.8031934776036621
4.89323,33.18927,0,-0.3880344009047845,-0.7877444399719243,1.119180356337098,-0.7859392100226742
5.64815,36.40777,1,0.4963763242449169,0.9591479430613251,-1.138870457608811,1.628276114939633
7.3079,34.62696,1,-0.6355732723461411,-0.2908363206118388,-0.5971679579919611,-0.4943733992429369
6.97415,34.57435,0,-1.0417292847110855,-0.6395759773739665,1.4766501245923633,-0.6938045044232533
6.26457,36.51558,1,-0.5057956115904785,1.2749603785745482,0.21788269802336618,0.9299811269231424
4.01983,36.70343,1,-0.8855154338014916,0.39366513105582035,-1.554281655066064,0.20355367209653977
7.15871,35.90359,1,1.1548777880792054,-0.3334523966262802,1.1737722595592968,-0.2616278907272561
9.70866,37.22498,0,-1.1618937854107734,-0.6246453262103798,-0.12823365508826925,-0.5728972496011684
10.72004,34.81295,1,-1.0946016650189483,-0.7789992891133342,0.861620286288034,-0.820562678684108
5.6321,36.1951,1,1.1092152778133242,-0.4025501334606634,1.1102210659640575,-0.3440220297466004
6.16117,36.26552,1,0.8809027264839175,-0.29662296278569683,0.8127314980572603,-0.45876654652782217
9.17391,34.43167,0,0.18154533241173512,-0.1436596789769574,-0.26280290660682054,-0.3580888261027344
7.61865,34.91354,0,1.0251001273235427,-0.33892620037717747,0.09523495403669584,-0.12818101323338152
4.40867,36.36683,1,-0.6331699823321474,-0.6395759773739665,1.4766501245923633,-0.625330287823798
6.01602,36.64939,1,0.4531171039930293,0.33237026824244364,-1.543347060118043,0.19300363112454708
9.08749,36.67332,0,-0.36159821075085324,0.2020976975374084,0.9746623868693025,-0.1546291304181773
6.35866,36.23634,1,0.4435039439370543,-0.4395586024598055,1.3287452001410742,-0.47428865586319624
5.13236,36.33793,1,0.8280303461760549,1.9127943663527862,-0.08330316892521458,2.320252694868422
4.88629,33.959,0,-0.44571336124063465,-0.6030691542791556,1.247552962601931,-0.6601904844504108
9.11353,36.64373,1,-0.7773673831717727,-0.5301265668368357,-1.7283971639913687,-0.5559532102854784
6.08398,36.67532,1,0.020524901474153614,2.239737741246075,-0.3711783649237696,2.320252694868422
0.97487,35.63196,0,-0.0780099890995903,0.5469626593279652,0.034675121923340296,0.05197036860870565
10.33923,33.30647,1,-0.8206266034236602,-0.7458657555159275,0.861620286288034,-0.7844743690964393
5.24913,36.48932,1,1.6619719810318876,2.239737741246075,1.4580628517642789,2.320252694868422
10.19631,36.72324,1,-1.1715069454667484,-0.7935268707399993,1.5981224795101134,-0.7979914577987027
6.80358,36.09023,1,0.7535283557422485,-0.19442438310045548,0.41558062442339505,-0.26701386887072237
8.05742,36.28899,1,0.7967875759941361,2.1514502492226955,0.20208307229731615,1.7301635046410841
5.00701,34.72089,0,-0.5923140520942536,-0.6464733293492977,1.0809299857206789,-0.726909504031386
9.02388,35.21593,1,0.3353558933073354,-0.6395759773739665,-0.2685295441736967,-0.605705756950306
3.37008,33.03994,1,0.6670099152384734,-0.6522855191670776,-1.062294562487111,-0.7156306243725096
8.27423,36.37732,1,-0.40726072101673455,2.135797904263657,-0.2820758847004109,2.320252694868422
0.77682,33.30533,0,1.9071075624592504,-0.30837835359342686,-1.2609793275006365,-0.37538696164647384
8.00913,33.04154,0,-0.9576141342213043,-0.5802217582663715,-1.4839742674057885,-0.5297341578943127
1.18921,34.77815,0,1.354350859240687,-0.6458371821575064,1.4193875953824808,-0.656549316878036
8.17199,35.40305,1,0.7895777059521548,-0.6857291223626484,-0.4842436921990369,-0.7802034351900167
5.36648,34.54593,0,-0.8927253038434728,-0.8247899895070685,-1.4985895166638075,-0.8025991208924192
10.44086,36.45133,0,-0.7701575131297914,-0.5720593868588844,0.5614128993019251,0.24012961694484325
5.70618,34.98003,1,-0.6523963024440975,-0.6986714470897822,1.5018831907186265,-0.711941394851852
0.43433,33.7935,0,1.6836015911578313,-0.4161826168526522,-0.4180542716351314,-0.5728972496011684
4.16754,36.62354,1,-0.4336969111706659,2.239737741246075,0.2424046130792331,2.320252694868422
2.0916,36.53292,1,-0.4625363913385909,2.239737741246075,-1.710682223654774,1.9570859316488012
3.75208,36.17749,1,1.1476679180372242,0.4910544249413564,0.07073360274175776,0.8856121377121456
4.03533,33.68906,0,0.4531171039930293,-0.47942918315937344,-0.18209532288640393,-0.5160757543976993
7.28431,36.67625,0,-0.9023384638994478,2.239737741246075,-1.6647263603190718,2.320252694868422
2.29219,35.35389,0,0.6381704350705484,-0.5632008537882438,1.1882603907484082,-0.7278345593164998
6.78032,36.94917,0,-1.1907332655786984,2.239737741246075,-0.4400505426148995,2.320252694868422
10.32044,36.59059,1,-0.9023384638994478,-0.5668982974379598,-1.3861982443218652,0.02256276131186099
0.64231,35.13292,0,0.2127881025936539,1.004224224611034,0.6921945723506847,0.7700314133996923
3.6189,35.31935,0,0.6742197852804547,-0.5471000367702681,-1.756149438772145,-0.6578277506285748
3.07501,36.6392,1,-1.135457595256842,-0.7773588418573524,-0.12062447178168145,-0.8183248285220333
6.48137,36.95704,1,-0.813416733381679,0.5446504346809884,0.8942595610446663,0.16201069729700282
9.3687,34.38398,0,-0.8062068633396977,-0.7789992891133342,0.5041502221513163,-0.7335040114752829
10.58584,34.60244,1,-1.154683915368792,-0.7046686130179255,-1.5774144067037863,-0.7859392100226742
1.72782,35.15239,0,2.255584614488345,1.4281117253067297,1.087064495869432,2.320252694868422
7.24219,34.56868,1,-0.8302397634796352,-0.6365106323823055,-0.7177409812357068,-0.7501457460620976
10.6433,36.64268,1,-0.9023384638994478,-0.7252205989836185,-1.0196470976093395,-0.5631054755836609
6.74496,36.73846,0,-0.6980588127099788,0.9851811628455769,1.1813858810876676,0.7621139568487655
3.54207,35.22343,0,0.6093309549026233,-0.8452684910953331,-1.756149438772145,-0.8672816332828035
-0.3339,35.82276,1,-0.9816470343612418,-0.7090964369722593,-0.48991204111982684,-0.6130993030805107
2.74437,36.64039,0,-0.7461246129898539,-0.5876257974236746,1.4916601906631801,-0.4083077214405607
9.65381,37.22469,1,-0.9167582039834103,0.40734117108662676,-0.0908176701670939,0.5283540386381186
6.35578,36.12593,1,0.5708783146787233,-0.5563889243235853,1.2552677755869592,-0.609025845375355
6.29435,36.77642,1,-1.0128898045431605,2.239737741246075,0.3433501922496361,1.5670693715764688
-1.21903,33.68972,0,1.404819949534556,0.015384905805846552,-0.5365695873194547,-0.3400951082070428
9.01172,35.6162,0,1.1428613380092367,2.0672836836824935,1.1469325571475113,2.320252694868422
6.11709,34.61467,0,-1.2267826157886046,-0.8384060150665126,1.2979152404647305,-0.8646454723631704
7.33755,33.12042,0,-0.988856904403223,-0.7935268707399993,0.7255327190974465,-0.8392373633143897
6.38227,35.32473,0,3.2433368102397773,2.239737741246075,0.7750578003912065,2.293961261042405
2.02645,34.2228,1,1.7629101616196252,-0.08898393614800301,-0.4640929817774537,-0.25914578312933434
10.16444,35.71565,1,-1.097004955032942,-0.8452684910953331,-0.883559530418752,-0.8147548742610229
-0.82158,34.82578,0,1.4937416800523247,2.239737741246075,-1.0934884563496778,1.1349001606871472
3.79468,36.54517,1,0.6357671450565546,1.7056059834013209,-0.12897720517768307,2.320252694868422
4.09449,33.82189,0,0.41947104379711675,-0.5363877405971286,0.1319757374839188,-0.5629548580227474
7.32704,34.53546,0,-0.8062068633396977,-0.7652329869453198,1.434002955596044,-0.705871740771733
9.78653,37.26809,1,-1.0921983750049544,-0.1326945123173489,-1.730916520586608,-0.22684787240792456
4.66491,34.97648,0,0.27767693297148527,-0.4395586024598055,1.486394980221032,-0.5172604567937543
9.82097,36.82645,1,-1.1282477252148608,-0.6299095369044024,-1.756149438772145,-0.6717149374432793
10.69054,34.80993,1,-1.0801819249349855,-0.7652329869453198,1.434002955596044,-0.8062330897278844
0.46458,34.66192,0,1.500951550094306,-0.5886281585349264,0.9977080014193477,-0.6994774750262737
2.88878,36.57862,1,-1.1114246951169044,-0.6458371821575064,-0.32579222132430535,-0.7039833354544259
6.57527,36.69635,1,-0.7341081629198851,-0.04011239465072065,-0.7936575785115111,-0.10101918667192263
1.64657,36.20056,0,-0.7100752627799476,-0.13910211580358134,0.666788119693424,0.5132683008308406
2.45526,34.43813,0,1.3471409891987058,-0.5999075596636116,1.5554753105137944,-0.7344697681233345
9.68149,33.53195,1,-0.7557377730458289,-0.7412253214939464,-1.601551749842138,-0.8014231934962921
6.52203,34.50237,1,-1.2099595856906484,-0.8452684910953331,-1.756149438772145,-0.8672816332828035
6.79987,35.24087,1,1.5249844502342436,1.9546608586727037,-1.6946785136970595,1.1770742036450996
-0.16307,35.61316,1,-1.173910235480742,-0.7773588418573524,0.7519654365717116,-0.8304355422859543
9.27392,33.53279,0,-0.8951285938574666,-0.6046645247572159,-1.6113827069734008,-0.7113808081683995
8.60588,33.27972,0,-1.084988504962973,-0.5947214965288351,0.5732305524440788,-0.7021144786133017
11.10825,33.4791,1,-1.1787168155087295,-0.732442841913378,-0.4976268541048551,-0.7410744790555198
1.12477,36.48384,1,-0.8158200233956727,2.239737741246075,0.016644697988322712,1.410213637177597
-0.94012,35.58058,0,-0.6716226225560475,0.9634276620343801,1.5396077799944612,0.2776787916167586
5.94919,35.88247,0,1.0947955377293617,2.073726591623836,0.3793213880396504,1.2834739840072078
8.10289,33.06579,0,-1.0104865145291668,-0.8452684910953331,-1.756149438772145,-0.8425817395600093
4.03868,36.42975,0,0.8977257565818738,0.38878281653262736,0.78798663632715,1.5029773913484414
6.98865,36.63562,1,0.23922429274758522,0.8392090918460308,0.8346749541978082,1.7722148242640372
6.94954,36.86835,1,-1.183523395536717,-0.6679291776169504,0.18277547607381678,-0.7583305340061802
10.49329,34.83674,0,-0.8975318838714603,-0.6986714470897822,-1.1158865343415525,-0.7357672155465321
4.12655,36.61726,1,-0.45532652129660967,2.239737741246075,0.33089713368885265,2.320252694868422
9.62193,36.91798,1,-0.6740259125700413,-0.7423685203908622,0.5349801818276599,-0.5956392628067443
6.38162,36.44339,1,-0.039557348875690235,1.629968080746184,1.1486483736889004,1.924296733521638
7.2498,36.93354,0,-1.173910235480742,-0.8287010282125248,-1.756149438772145,-0.4025474371253456
10.07732,35.591,1,-0.9960667744452043,-0.6978326095135787,1.2979152404647305,-0.7410744790555198
9.81821,37.1363,1,-1.1426674652988233,-0.6888738558434364,-1.5942428862095475,-0.5227065862599027
5.10958,34.38743,1,-0.6235568222761724,-0.8247899895070685,1.119180356337098,-0.6130993030805107
-0.70238,34.65163,0,1.9960292929770194,-0.4094663630818068,1.091882333555833,-0.5509798752821715
8.97019,36.92422,0,-0.8158200233956727,0.8045108309828091,0.7508866527969393,0.6992137440528218
5.06802,36.69995,1,-0.9528075541933168,0.6213803556312679,0.7495398004264611,1.4299549803997698
9.92876,36.96659,1,-1.1787168155087295,-0.8384060150665126,0.4253253321113375,-0.8008414398523076
0.4553,35.80058,1,-1.077778634920992,-0.8384060150665126,0.4253253321113375,-0.8031934776036621
7.23976,34.57006,1,-0.8374496335216165,-0.7090964369722593,-0.4046171113642842,-0.726909504031386
5.67834,34.16888,0,-0.9936634844312106,-0.6826395947499344,0.31567048239501505,-0.6966195553624693
2.78608,36.28369,1,0.5708783146787233,0.6642994046761175,1.4309109944204077,0.7590835911959989
7.42489,36.50715,1,-0.6235568222761724,-0.5124079495332036,-0.5788359568867745,-0.12199789636349555
7.30833,34.62563,1,-0.6115403722062036,-0.39514901048858014,0.25540712349677797,-0.36783559218155737
1.10553,33.03563,0,0.9674211669876926,-0.12671527782598382,-0.08625636169976265,-0.23454831131829013
7.14953,36.74365,1,-1.0417292847110855,-0.7915465172780308,0.4253253321113375,-0.6095537527487308
8.10225,35.67666,0,1.1909271382891118,0.35046166088228137,1.6811047998351514,0.220373074043565
7.76782,36.90111,1,-1.176313525494736,0.12093796714498563,1.2116089879055203,0.2614473357755758
4.56191,35.0471,0,0.5348289644688169,-0.4615601651541829,0.6246253086343792,-0.5369038465283587
7.53933,33.12969,0,-1.0128898045431605,-0.8618359966351061,-0.883559530418752,-0.8056157716495485
9.61563,33.28189,0,-0.7461246129898539,-0.7046686130179255,-1.062294562487111,-0.7364202106494351
8.9732,34.19511,0,0.6453803051125296,0.6312993563548308,1.1797407802133577,1.655479937651509
-0.19802,34.83928,0,0.9169520766938238,-0.19936477314207193,-0.869674701510705,-0.24847662170924104
9.15416,35.81981,0,1.0923922477153678,-0.13626826628119176,1.4709819236122994,-0.33092407219567
6.33953,36.6259,1,0.7150757155183485,2.239737741246075,0.7504457894331404,2.320252694868422
10.34037,36.71923,1,-1.1210378551728795,0.23078886503344007,0.47891730396577914,-0.10250346348412478
6.13122,36.60229,1,-0.010717868707765187,1.5577534072603436,-0.3208762989364956,1.5204288747658226
5.45648,33.69844,0,-0.7028653927379663,-0.6679291776169504,-1.5624043406329693,-0.7351170914941269
9.76412,37.09822,1,-0.9383878141093541,0.21064708395148365,0.6964315947463894,-0.08808943890309269
4.59392,36.65129,1,1.1668942381491743,1.5346934554705944,0.9727681538122284,2.320252694868422
3.27216,36.637,1,-1.0128898045431605,-0.6127948336389066,-0.04794888596306648,-0.6348483268796377
-0.28753,35.81376,1,-1.0705687648790105,-0.03167264439161794,0.03337649822957299,0.01635115911742924
4.64711,34.36361,0,-0.4793594214365472,-0.7118158727596351,0.050501376980089586,-0.6938045044232533
5.48764,36.3349,1,1.1909271382891118,-0.5436327856134486,1.2364440934785559,-0.4893177326444755
4.13726,36.61497,1,-0.7268982928779039,2.239737741246075,0.15132017094821884,2.320252694868422
10.18502,35.25783,0,-1.008083224515173,-0.7935268707399993,0.12511809306595462,-0.8381764010837188
1.66117,36.55259,0,-0.6547995924580913,2.239737741246075,0.7353292060395265,2.320252694868422
5.19994,36.50008,1,1.1212317278832928,2.239737741246075,-1.5855371662410545,2.320252694868422
10.19214,34.90654,0,-0.8158200233956727,-0.7570555770188393,-0.18970465413371784,-0.8014231934962921
10.51789,36.68467,1,-1.1667003654387609,-0.8384060150665126,-0.4472645762420555,-0.8488496051962409
4.61324,36.66238,1,1.5177745801922622,2.239737741246075,1.2820477099453973,2.320252694868422
3.68077,36.15022,0,0.8881125965258988,-0.2879649950070477,1.3092504588990495,-0.31116285680044453
4.47284,35.05636,0,1.0347132873795177,0.21153633430409652,-1.4295092973265895,0.5901737231349873
7.23917,34.56979,1,-0.8374496335216165,-0.7090964369722593,-0.4046171113642842,-0.726909504031386
0.14206,35.56576,0,-0.6067337921782161,1.789550670678828,-0.3023413971254531,0.9558315026533389
3.32684,33.06834,1,0.6237506949865859,-0.7090964369722593,-0.4046171113642842,-0.7191091694522329
-0.59375,35.51257,1,-0.9624207142492918,-0.7252205989836185,-0.7474719632281646,-0.8081150281446833
0.38585,34.96148,0,0.6766230752944484,-0.06976112568930568,0.24139876408243158,0.9983922930018638
7.3055,34.57902,0,-0.7341081629198851,-0.6496826377187601,-1.3813254836408972,-0.6798371674488214
8.54517,34.92743,0,0.5204092243848544,-0.6395759773739665,1.4766501245923633,-0.6571876330315806
8.83911,35.93885,0,0.3209361532233728,-0.5921658634857307,0.09199268508333466,-0.5954716441232757
7.08473,34.1841,0,-1.1907332655786984,-0.7292993803857178,-0.883559530418752,-0.7469378960082209
10.00603,36.75016,1,-1.1138279851308983,-0.8452684910953331,-0.883559530418752,-0.8548071897905111
7.73205,36.79962,1,-1.1715069454667484,-0.8452684910953331,-1.756149438772145,-0.8414379566704349
7.94755,34.62209,0,0.5564585745947607,-0.5841459818518117,-1.0518145154200536,-0.11965258587752291
1.91124,33.37449,0,1.1044086977853367,-0.34737963188821647,0.02481990251299592,-0.4957409762966738
-0.33648,35.8065,1,-0.988856904403223,-0.7789992891133342,0.5041502221513163,-0.7721483511743006
4.17102,36.6379,1,0.5035861942868981,1.6624218717339232,1.6763280896706083,2.320252694868422
3.7706,33.79935,0,0.49877961425891065,-0.7292993803857178,-0.010969622065359003,-0.6800739728197737
2.14862,36.24457,1,-0.549054831842366,-0.7193212183300857,-1.2281130746849747,-0.5939676640233442
7.71361,36.74543,1,-1.1570872053827859,-0.7570555770188393,0.16776541000299983,-0.7721483511743006
9.38677,34.05549,0,-0.9167582039834103,-0.8021013006702323,-1.4295092973265895,-0.7153439837573791
7.70268,36.68673,0,-1.0946016650189483,-0.6246453262103798,0.22923640904844844,-0.6415336242586358
9.72675,36.34266,1,-0.6259601122901661,-0.3193788247081453,0.10866323786397665,-0.42984020610754264
7.43484,36.84489,1,-1.1210378551728795,-0.49405214575900497,-0.9588462700531557,-0.1092800996755251
4.36322,33.53347,0,0.15030256222981633,-0.7789992891133342,-1.756149438772145,-0.7946910163662753
-0.17924,35.79911,1,-1.1907332655786984,-0.5264260208624176,0.18511930099753007,-0.5447943377226503
3.8964,36.40698,1,0.11665650203390376,-0.1326945123173489,1.3515070643784461,-0.18152147229860716
5.84111,34.67455,1,-1.1306510152288545,-0.8247899895070685,1.4766501245923633,-0.8062330897278844
9.03761,35.67269,0,0.37861511355922295,-0.45174713984244413,0.40945794953273046,-0.45797120924485196
5.98712,35.63646,1,1.3519475692266933,0.07486180634378667,0.33472465615469316,-0.2054805012921142
4.40272,36.28023,0,0.00610516139019109,2.239737741246075,-1.25197410153214,2.0274109062122236
8.1651,34.25415,0,-0.9407911041233479,-0.6686380898346296,-1.183766917404861,-0.7455359789387271
-1.90322,34.86339,1,-0.1453021094914154,-0.6089681626537242,-1.449700691447852,-0.6423322829529661
2.27957,33.61506,0,1.0515363174774741,-0.40135794110088946,1.2270824043305044,-0.4882165721883926
7.24229,34.57138,1,-0.8278364734656415,-0.7136565285402676,-1.1411194895122712,-0.7188165052605681
4.46349,36.87881,1,-0.6884456526540038,2.0896117350285213,-0.9763128179106164,2.320252694868422
9.41621,36.94659,1,-0.47695613142255344,1.4327523066891341,-0.48386940216198615,1.8902656653164513
3.86537,34.18447,0,0.4963763242449169,-0.2436207379940488,1.0591788525240702,-0.2254507967177015
-0.3371,35.8069,1,-0.988856904403223,-0.7789992891133342,0.5041502221513163,-0.7721483511743006
3.45749,36.47951,1,0.6237506949865859,2.239737741246075,1.3488784535569767,2.2080774445857703
5.04904,36.51484,1,1.6595686910178937,2.239737741246075,-1.7466545290002342,2.320252694868422
10.01081,36.75166,1,-1.1138279851308983,-0.8149761459571895,-1.3198544845954485,-0.8322627372288638
7.70762,36.2751,1,0.6886395253644172,1.5324796365631685,-0.22588222723665144,0.8867602201405781
9.68336,33.53253,1,-0.7509311930178414,-0.7557539501551984,-1.2583835225351816,-0.7182326968451489
4.08242,34.52578,0,1.0178902572815616,-0.22809112100022555,1.5417049877277542,-0.5668944459615595
4.96035,34.89181,0,0.24883745280356023,-0.4395586024598055,0.7519654365717116,-0.4515494011179025
3.3053,35.56536,1,0.4867631641889419,-0.7252205989836185,0.7255327190974465,-0.6855984650759769
4.19637,33.14501,0,0.05897754169805367,-0.7282680125385013,1.6651301602301167,-0.6475891482666976
10.03499,33.91882,1,-1.0633588948370294,-0.7356646061165195,1.5092893993489955,-0.720580371725649
3.92347,34.76277,0,1.6163094707660062,0.35169539336981653,0.22289404217951495,0.9573299658327062
1.15574,33.83689,0,2.051304963298876,-0.5999075596636116,0.6828852542196752,-0.6240255361103637
10.04077,36.82915,0,-1.056149024795048,-0.5782800752818147,-1.6910945756367541,-0.5981649428181017
2.82501,33.8538,0,0.6862362353504234,-0.6888738558434364,1.5723035681084663,-0.726909504031386
1.02942,34.18683,0,1.315898219016787,-0.26480521040838445,0.019860337610984616,-0.40194507947190694
-1.07685,33.14213,0,1.8061693818715128,-0.6766151128527891,0.7617099963189279,-0.5647670819854268
10.70469,34.85044,0,-1.036922704683098,-0.7193212183300857,1.389656835301112,-0.7802034351900167
-0.2677,35.80412,1,-1.084988504962973,-0.40976949122844997,0.26479721726424194,-0.32926499907375506
7.23981,34.57056,1,-0.8374496335216165,-0.7090964369722593,-0.4046171113642842,-0.726909504031386
3.80425,33.86821,0,0.43389078388107927,-0.6089681626537242,-1.449700691447852,-0.622912356648766
2.49039,36.54118,0,-1.0513424447670605,-0.7356646061165195,1.5092893993489955,-0.793617553103229
4.96004,35.38835,0,-0.2582567401491218,-0.8618359966351061,-0.883559530418752,-0.8843220392677109
7.30285,36.76649,1,-1.1306510152288545,-0.7136565285402676,-0.2685295441736967,-0.7802034351900167
7.77704,35.24636,0,1.5466140603601872,-0.28344801024077526,-1.0119322106539483,-0.5006289960641128
2.75347,36.47085,1,-0.9864536143892293,-0.7570555770188393,0.16776541000299983,-0.7849602521718438
-1.69941,34.44184,0,1.5946798606400623,-0.615564635667821,-1.0741120676885385,-0.5777525619109767
0.25339,35.43277,0,0.13107624211786628,-0.3051699914329985,0.5670811002819889,-0.4475421464595171
4.47725,35.89533,0,0.8136106060920923,1.021284032240926,1.6512604212761326,0.9053263466923598
2.89027,36.76162,1,-1.1378608852708358,-0.5725331428641436,0.2181276878657994,-0.4751156872918567
8.6535,34.84373,0,0.3714052435172417,-0.6229163696306468,0.5349801818276599,-0.543655938052759
9.72213,37.30288,1,-0.6740259125700413,0.0732571599148672,-0.13990514279302935,0.8095492279913039
0.27738,33.48444,0,1.8013628018435253,-0.6275552912693356,-0.9623844944290939,-0.6331084702780326
3.36026,36.03257,0,1.246202808610968,2.239737741246075,0.40911073264855735,1.9863837071903319
4.4841,34.47443,0,-0.12367249936547162,-0.21759279216179062,0.24020547418565247,-0.22523051396088792
0.16563,35.29493,0,-0.06599353902962153,-0.7726182803056105,0.20040468475963216,-0.820562678684108
2.18672,35.2663,1,0.7078658454763672,-0.7935268707399993,0.9977080014193477,-0.7884303178009552
6.51238,36.28881,1,0.280080222985479,-0.6458371821575064,0.30385297719358734,-0.6165110399410549
8.28995,35.60953,0,1.1068119877993303,0.3769850479694666,-1.0646384613811872,-0.07944464955941562
3.05506,35.96539,0,0.9698244570016864,0.28385450134199924,-0.6870745700320745,0.16579654329641857
1.18061,35.57116,0,-0.28469293030305315,0.7003954489571219,1.3603030281898643,0.3029349161890395
-0.30347,35.82695,1,-1.1570872053827859,-0.033650686621683405,0.8838285563283135,-0.4046615998986996
5.66028,36.06443,0,1.0082770972255866,-0.49817671747370745,0.5700921378804448,-0.6948233192104045
3.51276,34.43569,0,1.0395198674075052,-0.6246453262103798,-0.6433535732753076,-0.6304256987683649
9.24111,37.13594,1,-0.9455976841513355,-0.3636174165417904,-1.091504867094035,-0.5486649641544098
3.0788,36.752,1,-1.195539845606686,-0.3804043126676378,0.24659030004297866,-0.45842551076478183
6.12507,36.60551,1,0.15510914225780384,2.239737741246075,1.340562705342502,1.4488865747913762
-0.53595,33.47215,0,1.4456758797724496,-0.8094451392166911,1.5554753105137944,-0.8183248285220333
4.29021,36.84253,0,-0.003507998665783926,1.6473048639254806,-0.09852982021905217,1.1917188129876723
-1.91011,35.04687,0,-0.5033923215764847,1.758393651416571,-0.06668232422854456,0.8662566411588203
8.21776,36.67226,1,-1.0008733544731918,1.3820945707213648,-1.1229126092761894,1.5816353929485556
1.37137,35.30035,0,1.1020054077713428,-0.6623486383846771,-1.3524938333224439,-0.6277709903699343
5.21379,35.12804,0,0.0037018713761973357,-0.4751502707907409,-0.1066230655814621,0.09768452942053571
7.65256,33.9977,0,-1.164297075424767,-0.7773588418573524,-0.7739046807024296,-0.7730145710348769
2.90899,36.25994,0,0.8953224665678801,1.4599301601954764,-0.08590219160146248,0.33514889090472244
2.93335,36.23385,0,1.1260383079112803,1.8809116512962116,0.7070225233876639,0.9382315127415867
3.1737,35.22833,0,1.421642979632512,0.6371824808269245,1.4739138129222882,0.3065167487177953
10.12022,35.74905,1,-1.1138279851308983,-0.8618359966351061,-0.883559530418752,-0.7287651174484008
4.14222,36.53823,1,-0.3135324104709782,0.4448992789532417,-0.1385378746023484,0.3117882226120004
3.50412,36.21961,0,0.3161295731953853,-0.5363877405971286,0.1319757374839188,-0.5885183820311591
10.58535,34.60074,1,-1.154683915368792,-0.7046686130179255,-1.5774144067037863,-0.7859392100226742
-0.76878,35.6276,0,-0.6355732723461411,0.12329523754663703,1.3375272575242383,0.055839024711692276
5.06294,33.37087,0,-0.5923140520942536,-0.6293187456997561,0.9012323033475418,-0.6591134464480195
5.6795,33.46104,0,-0.9095483339414291,-0.5203477291433142,0.21041272694004506,-0.6751572706949116
-0.20852,34.57037,0,1.6932147512138063,-0.5268351864673789,1.6515006770153304,-0.612920903883899
7.63703,36.02999,0,0.9770343270436677,-0.7446884232914767,-0.4472645762420555,-0.6663202476318812
9.99225,33.8755,0,-1.0585523148090419,-0.6623486383846771,-0.8373739151354055,-0.6358201774731086
8.04904,35.39162,1,1.392803499464587,0.9118176364760511,-1.2979379166818705,1.3921300722898597
10.76539,34.85337,1,-1.1042148250749233,-0.7446884232914767,0.7827953962480552,-0.8190622522128563
9.84699,34.80861,1,-0.8686924037035353,-0.7681172259766834,1.2979152404647305,-0.7884303178009552
2.87323,36.59593,1,-1.1618937854107734,-0.8247899895070685,-0.2685295441736967,-0.7602660020336064
9.68233,33.53118,1,-0.7557377730458289,-0.7412253214939464,-1.601551749842138,-0.8014231934962921
5.27139,36.5578,1,-0.0780099890995903,0.9335466909685951,-0.4472645762420555,2.320252694868422
4.73568,36.11345,0,1.1620876581211868,-0.42992898658445544,1.6915627297636557,-0.43909216633637504
3.00799,36.67964,1,-0.8783055637595103,-0.19957132592073842,0.34650044207135866,0.2313149289658318
0.4113,34.79294,0,1.5898732806120748,-0.39047346590678284,-1.062294562487111,-0.5072448815751959
7.72311,36.83778,1,-1.183523395536717,-0.8121336448267868,-0.883559530418752,-0.5143711948286835
3.32995,36.75849,1,-1.193136555592692,-0.5921658634857307,1.6312478874927334,-0.5376010614384369
6.42188,36.5295,1,-0.13568894943544038,0.9868546808828832,1.16352647663203,0.7363092927461008
5.96298,36.71965,1,-0.013121158721758942,2.239737741246075,-1.4085904786550587,2.320252694868422
9.50539,35.0158,0,-0.364001500764847,-0.5841459818518117,0.15728543690630556,-0.6439375379518262
4.55691,36.71652,1,0.7439151956862735,0.9099183932934192,-0.384986264654241,2.2317279200934363
6.02285,35.03254,0,0.13107624211786628,0.5803456586104802,-1.5270521288409866,0.2839093089674105
8.26589,34.92228,0,1.3399311191567245,0.948922929029146,0.9633395954559766,1.2721255658164237
1.70407,34.26945,0,1.7100377813117627,-0.7356646061165195,1.0865410815804655,-0.4639152689394737
7.46641,35.27726,0,1.520177870206256,-0.5682968874601652,1.0205240119624748,-0.3626146712941549
-0.93675,33.18861,0,1.9359470426271754,1.3908580175398857,0.8697292133674113,0.5677499180262396
9.31525,36.82288,1,0.09022031187997248,0.054227624285111325,-0.6889571897421493,1.1380853378863582
5.15086,33.6062,0,-0.500989031562491,-0.7652329869453198,1.434002955596044,-0.7679139035346195
4.9475,35.38482,0,-0.2582567401491218,-0.8618359966351061,-0.883559530418752,-0.8843220392677109
9.7336,36.76424,1,-1.068165474865017,-0.5782800752818147,1.6691553315060361,-0.6185062792991857
5.38632,35.75799,0,2.2483747444463633,0.9890351187765143,-0.14585738996721867,0.6194878242577795
7.78125,36.96336,1,-0.8638858236755478,0.6784205662551827,0.6734708981731297,2.1139986366967647
8.70234,36.77851,1,0.6525901751545109,2.239737741246075,-0.07278118066230592,2.320252694868422
6.93532,36.27673,1,0.7871744159381611,-0.7624323943437369,-1.756149438772145,-0.6994774750262737
2.02248,34.22306,1,1.7244575213957252,-0.20517573754159454,-0.33760972652573307,-0.3402730007476845
1.71229,33.07295,0,0.87609614645593,-0.6133463028779537,0.5041502221513163,-0.6870650792981075
8.54147,34.90395,1,0.47474671411897307,-0.6888738558434364,1.5723035681084663,-0.6979131887921136
6.91784,34.62746,0,-0.9960667744452043,-0.7955663855340371,-1.756149438772145,-0.8106990721090502
3.13207,36.70758,1,-1.176313525494736,-0.7955663855340371,0.861620286288034,-0.7505069213999526
3.4564,36.48537,1,0.9049356266238551,2.2062117403064163,1.1257930109126288,2.320252694868422
3.33074,36.75679,1,-1.183523395536717,-0.7292993803857178,-0.010969622065359003,-0.723864501650592
4.02106,36.31458,1,-0.12126920935147786,-0.11179458512469079,1.5205592279823752,-0.3289163071760542
6.45572,36.37057,1,0.17673875238374762,1.5043393178412434,0.0006017097678266581,0.6231841610357964
7.23951,34.5688,1,-0.8374496335216165,-0.7090964369722593,-0.4046171113642842,-0.726909504031386
1.8204,35.00616,0,1.822992411969469,-0.1590665059590711,1.5886004226149621,-0.11845102309668232
2.65752,33.87506,1,0.9241619467358051,-0.49855399118073107,-1.3377678874161154,-0.535652406282009
3.48747,35.01743,0,1.5850667005840873,-0.07062468879338507,1.5812087121757517,-0.3658715684607006
9.55074,35.53893,0,0.09262360189396623,-0.3193788247081453,-1.1866752841393986,-0.05375882442931259
-1.47751,33.40641,0,1.5321943202762247,-0.8094451392166911,-0.18970465413371784,-0.7630275444728606
4.8618,36.09037,1,1.1933304283031054,0.36240858921711966,-0.3459313923692522,-0.04494869635403278
-0.30083,35.83285,1,-1.1474740453268109,-0.5921658634857307,0.09199268508333466,-0.3239715700875087
1.5742,36.10833,1,-0.6716226225560475,-0.6928871161478273,0.7519654365717116,-0.423915624520219
4.12387,36.67897,1,-0.8182233134096665,0.6475334492420093,-0.6913719522440308,0.5398523144058608
4.74298,35.56965,0,-0.19096461975729673,-0.8287010282125248,-0.883559530418752,-0.7899565415053553
-0.09546,34.53217,0,1.5057581301222935,-0.6961677004273207,-1.3986794486057905,-0.6767832282196644
-0.47539,35.64669,1,-0.7821739631997602,-0.4636207292213245,-0.17508944186088052,-0.1974013088964837
1.02286,35.18106,0,1.412029819576537,1.0142788589705731,-1.5774144067037863,0.5150332650505237
1.30767,33.11533,0,0.9578080069317176,-0.3636174165417904,-0.16049420158606764,-0.3190700676417521
-0.67149,35.60822,1,-0.9840503243752355,-0.8094451392166911,1.5554753105137944,-0.7679139035346195
0.88885,34.98537,0,1.3423344091707183,0.8928827837962036,-1.5476834986816916,0.9055966758000058
3.51914,34.38981,0,1.0875856676873803,-0.4588291887189153,1.6424685998050454,-0.5650701185507034
-0.62312,35.60099,0,-1.0008733544731918,-0.8384060150665126,1.2979152404647305,-0.8106990721090502
0.55135,35.88722,0,-1.1018115350609294,-0.8094451392166911,-0.7048244983503932,-0.8140626414679847
9.07217,35.71224,0,0.3714052435172417,-0.7789992891133342,-1.3986794486057905,-0.7879269410208024
6.22644,36.66065,1,0.8015941560221236,2.239737741246075,1.54669325313063,2.320252694868422
3.11842,36.52719,1,-0.66681604252806,0.41938439558021856,-0.818923339538244,0.8417289752814456
8.60247,33.11265,0,-1.0152930945571543,-0.6408140220928377,-1.0095480718823708,-0.7306431503920962
6.40383,37.03779,0,0.8472566662880049,0.24810901975233324,0.022155785917260938,1.765429237150497
8.11283,35.94136,1,0.3593887934472729,-0.13872357014342987,1.579612431741057,0.06562007451116425
4.05989,35.79613,0,0.15030256222981633,-0.34817925608018535,-1.7382360359514781,-0.5252583872012785
9.67268,37.05191,1,-1.1787168155087295,-0.8247899895070685,-0.2685295441736967,-0.850241227297896
8.76781,36.94928,1,-1.193136555592692,-0.8618359966351061,-0.883559530418752,-0.7650391938549145
3.26448,36.3933,1,-0.03475076884770273,2.239737741246075,-1.4236233275976962,1.4211342125491162
3.27091,34.03662,0,0.7054625554623735,-0.5572883813244681,-1.1005448591331668,-0.5839722987484853
2.60167,34.07998,0,1.3327212491147433,-0.46812226441058047,-1.5404352907468049,-0.5991814917271642
4.07791,36.1324,0,0.6934461053924047,0.9106023938437404,0.7418297215446683,0.5832319733924155
3.3287,36.58554,1,-0.2726764802330844,2.239737741246075,0.8437070314080932,2.320252694868422
-0.26747,35.76385,1,-1.027309544627123,-0.6464733293492977,-0.883559530418752,-0.6064014237449199
10.1048,36.72919,1,-1.0946016650189483,-0.5782800752818147,0.9266751494234249,-0.5632561775872361
2.27329,33.30156,0,0.9986639371696114,-0.6766151128527891,-0.6259996083104143,-0.7173608404369042
-0.2142,35.80339,1,-1.193136555592692,-0.5402030105390307,-0.5489841073210873,-0.49338178906662894
3.89974,36.49125,1,0.8424500862600174,2.239737741246075,1.2423705989664025,2.2915543074133935
5.83903,33.99936,0,-1.173910235480742,-0.8618359966351061,-0.883559530418752,-0.816874166926075
7.24015,34.57116,1,-0.8374496335216165,-0.7423685203908622,1.1882603907484082,-0.7247718943456342
5.97828,36.62926,0,-0.3423718906389032,2.239737741246075,0.7346886226954831,2.320252694868422
6.74483,35.30097,0,1.4552890398284246,-0.6464733293492977,1.0809299857206789,-0.6851119909019404
6.64105,36.45472,1,0.00610516139019109,0.37709499435690935,-1.3198544845954485,0.475925166253466
7.31727,36.96006,0,-0.9912601944172168,0.19063237408932568,0.28175152035755713,0.5994007164835113
5.64437,34.87052,0,-0.8398529235356103,-0.4985540222039781,1.0965187959120264,-0.6805484139145183
-1.17096,35.1198,0,-0.3327587305829282,0.45896000724710984,1.3126596049914594,-0.004414248410697056
7.40422,35.19611,0,1.5466140603601872,-0.14863016156818432,-1.5447751319471539,-0.12060250952650643
7.86456,36.82772,1,-1.1883299755647045,-0.8121336448267868,0.861620286288034,-0.7526947885431912
7.68062,36.2921,1,0.6598000451964922,2.04050044587826,-1.3886600889598304,2.320252694868422
-0.72629,34.60594,0,1.8566384721653815,-0.22571914557948614,-1.3813254836408972,-0.36456636638640394
0.26589,36.00389,0,-0.7533344830318351,2.239737741246075,-0.07163819061240319,1.9968843210576779
4.55244,33.85291,0,-0.05638037897364651,-0.6395759773739665,0.6040603641796963,-0.6079730987119785
1.22391,36.08789,1,-0.969630584291273,-0.5305402928591091,0.861620286288034,-0.5370431769201587
5.77432,33.97568,0,-1.1330543052428483,-0.7789992891133342,1.3767401305047093,-0.8213262866369455
6.74951,33.30567,0,-0.9768404543332543,-0.7789992891133342,-0.010969622065359003,-0.7275256117649044
2.13914,35.2715,0,0.7367053256442923,-0.7506998056225674,1.119180356337098,-0.7769990402483811
6.86553,33.74327,1,-1.1667003654387609,-0.7292993803857178,-0.010969622065359003,-0.7579470095105294
9.6241,37.21542,1,-1.1594904953967795,-0.5264260208624176,-1.0796485274520042,0.34400647575587595
3.05126,36.6305,1,-1.1306510152288545,-0.7681172259766834,-0.4472645762420555,-0.8074825948299035
10.11149,36.72909,1,-1.116231275144892,-0.6246453262103798,0.6214144031149527,-0.5040497964370124
5.5484,33.9735,0,-0.823029893437654,-0.8247899895070685,0.6040603641796963,-0.8488496051962409
-1.01497,35.05144,0,-0.1501086895194029,-0.49405214575900497,-0.35843149608093766,0.020693088191673682
-0.5833,35.20234,1,-0.04436392890367774,-0.615564635667821,1.3243481058797217,-0.6437362829414482
6.67508,36.83372,0,-0.7437213229758601,2.239737741246075,-1.5073908803117284,1.9584822755026228
6.61761,36.34285,1,0.20077165252368515,0.17022447559442225,-0.22069069127610436,-0.03491859699766243
4.99594,36.77861,1,-0.41687388107270956,2.239737741246075,-1.0803806861055079,2.320252694868422
2.25923,35.86548,0,1.265429128722918,-0.19874511480607243,-0.9113118051995285,0.2838678757680712
3.62367,34.75985,0,1.5370009003042122,-0.6961677004273207,-1.756149438772145,-0.7139179723817478
4.43326,36.43187,0,0.05176767165607241,1.1065876618309454,0.6269334798431007,1.6173503604181962
4.4787,35.70708,1,-0.06359024901562778,-0.7935268707399993,-1.6200618715815576,-0.6756205372107583
9.84801,33.9942,0,-1.0994082450469358,-0.8094451392166911,-1.5774144067037863,-0.796325762964733
5.08454,36.52993,1,1.2005402983450868,2.239737741246075,0.11574323719327968,2.320252694868422
0.48951,35.01211,0,1.1861205582611243,0.24945828281177498,-1.237722971386252,0.25920645271456844
-0.59365,34.7615,1,1.1596843681071929,-0.35705944337724665,1.259221639432895,-0.29558481827547306
-0.34761,33.47396,1,1.520177870206256,-0.6206304526971439,1.579612431741057,-0.7393950833996897
9.5915,36.69939,1,-0.9528075541933168,-0.21589507599180782,-1.7419087384474476,-0.2562880745721843
9.55576,37.258,1,-0.9047417539134416,0.05720399460431585,1.6029740476820666,-0.019839783488643695
10.63282,34.73602,1,-1.1018115350609294,-0.8094451392166911,0.6828852542196752,-0.8414379566704349
6.93104,33.27715,0,-1.0008733544731918,-0.6961677004273207,-1.2410295205851067,-0.7083294866617552
7.88458,36.38522,0,1.0563428975054616,2.239737741246075,-0.498871035611415,1.7035953662864631
8.53068,34.93847,1,0.6117342449166171,0.21508576604227483,1.6312478874927334,-0.07369286580547796
3.2678,35.15161,0,0.8400467962460236,-0.6857291223626484,1.334894504362438,-0.34653588778532024
4.4115,36.65997,1,-0.18135145970132172,1.2263888939224539,-1.5594117956252767,1.0074189883568425
10.04999,36.38552,0,-0.6379765623601349,0.2131856542087264,0.34650044207135866,-0.15290672529998958
0.13427,35.91096,1,-0.7581410630598227,0.06607534027597613,-0.4963585582599397,-0.2456666514035037
6.18764,33.85821,0,-1.195539845606686,-0.8247899895070685,0.24659030004297866,-0.8093959036955227
4.0387,36.24917,1,0.25845061285953524,-0.40135794110088946,0.35449279185856364,-0.3161665348668545
1.47657,36.115,0,-0.5971206321222411,0.4124710511210481,-0.3396079619132604,0.11187393652145378
6.12723,33.09198,1,-1.0104865145291668,-0.7446884232914767,0.7827953962480552,-0.7802034351900167
9.91308,33.03743,0,-0.5346350917584035,-0.5402030105390307,-1.2181349535164168,-0.7075064381119714
10.58521,34.60719,1,-1.1474740453268109,-0.7935268707399993,1.5981224795101134,-0.8068553195543757
2.62289,34.57453,0,1.3904002094505934,-0.4070487834879464,-1.2045886869600657,-0.5820448949952511
3.24095,36.73763,1,-1.154683915368792,-0.7789992891133342,0.861620286288034,-0.8074825948299035
2.57622,35.7604,0,0.5252158044128419,0.2842110204967658,-0.4585999426171005,0.035912470584864034
7.32784,35.39945,0,1.3591574392686745,-0.7506998056225674,1.119180356337098,-0.7869280054435923
4.59856,35.37602,0,-0.25585345013512806,-0.8384060150665126,-0.4472645762420555,-0.8704086057386067
3.02855,36.67163,1,-0.832643053493629,0.8776893347071011,0.808873795683294,0.49969746437440704
5.30663,36.02097,1,0.9650178769736989,-0.5239815751366369,-0.12062447178168145,-0.6692255818502284
7.28805,33.34354,0,-1.0200996745851418,-0.6630376336777687,-0.883559530418752,-0.7102650391318431
6.19621,36.25835,1,0.8136106060920923,0.08139728765424009,-1.6082443663801298,-0.19479946160427555
2.42579,34.80946,0,0.9385816868197676,-0.5572883813244681,1.0786055410320856,-0.6218039059762233
5.85647,36.12847,1,1.0443264474354927,-0.6744058543626753,1.2979152404647305,-0.7111011903679668
6.03073,36.61627,0,1.1212317278832928,2.239737741246075,-0.7743574532946801,1.5625441456312341
5.11111,34.38634,1,-0.6427831423881225,-0.6246453262103798,-0.7662954973958418,-0.6627967509085811
6.38938,33.26116,0,-0.9359845240953604,-0.8094451392166911,-0.18970465413371784,-0.7341471690080981
6.51669,35.03465,0,0.8424500862600174,-0.36942757433689044,-0.20152215933514556,0.973212504595757
-0.79162,34.01642,0,1.4649021998843996,-0.7955663855340371,-0.883559530418752,-0.7859392100226742
5.76481,36.6308,1,0.6141375349306109,2.239737741246075,1.4014130930419315,2.043554992046104
5.33137,34.74171,1,-0.8206266034236602,-0.7935268707399993,1.5981224795101134,-0.8351306246451926
6.43866,36.40109,1,0.03013806153012863,-0.2087292023018856,-1.4607725014193376,0.7482994751657821
3.81292,36.852,1,-0.8302397634796352,1.5719992822924338,-0.3781843938900191,1.3249148394811991
6.64897,36.3713,1,0.2824835129994728,0.0875998895241571,-1.1021244962361743,0.3666496066046047
7.91238,34.56782,0,0.4386973639090668,-0.5636605562626025,-1.756149438772145,-0.6266416542123986
3.13822,36.59677,1,-1.0513424447670605,-0.7118158727596351,-0.07244047317008148,-0.7765490453041977
9.32323,36.43822,0,-0.42648704112868463,-0.6623486383846771,-0.4146253014854232,-0.6076230557316905
1.31506,33.8408,0,1.822992411969469,-0.5797351276135985,-0.49345019152540204,-0.67126017148871
3.3237,33.1838,1,0.5852980547626858,-0.8121336448267868,0.861620286288034,-0.8414379566704349
3.39668,36.51046,1,0.05897754169805367,2.239737741246075,0.04493895361919223,2.320252694868422
9.19883,36.8231,1,-0.3183389904989657,0.6876158566722372,-0.7460364943627482,1.1301970422012706
4.58518,36.54563,1,-0.198174489799278,2.239737741246075,0.9687690201041038,2.320252694868422
9.24014,33.1666,0,-0.9047417539134416,-0.8149761459571895,0.4253253321113375,-0.7662626413589115
10.28045,36.16274,1,-0.950404264179323,-0.3418164811858984,0.5006120717457412,-0.395863406386273
4.28888,36.86165,1,-0.207787649855253,1.9753863731706092,-1.4339532518129363,2.320252694868422
3.46682,35.74061,0,0.5180059343708606,-0.7935268707399993,-0.7474719632281646,-0.6667646975079465
6.0257,35.87165,1,0.8905158865398926,-0.3812590651695632,-1.7370016185328412,-0.46357006733845635
5.10646,34.39238,1,-0.6331699823321474,-0.5962666713932151,0.023704577378875193,-0.6143512218352767
0.06211,35.18195,1,0.015718321446166104,-0.636510616870682,0.5123189172840409,-0.6717149374432793
9.15765,33.45719,0,-0.9864536143892293,-0.7610612909183923,1.6424685998050454,-0.6660983604644954
7.98413,36.20943,1,0.6285572750145734,1.1480216900873887,0.06206220502172165,0.7182010706011481
6.5094,36.29196,1,0.3353558933073354,-0.2784962656907491,0.9248326956204882,-0.40993718333577395
4.13486,36.6298,1,-0.12126920935147786,0.7822448261308238,1.6333027841783596,2.320252694868422
11.1091,33.48103,1,-1.1787168155087295,-0.732442841913378,-0.4976268541048551,-0.7410744790555198
-0.37015,34.74428,0,1.1284415979252742,-0.535545986835705,0.6292934303059596,-0.23963294174971364
3.29042,36.67369,1,-1.1090214051029108,-0.7773588418573524,-0.7739046807024296,-0.6770165432939332
1.67236,36.04397,0,0.5684750246647295,1.6720810217404372,-1.1652567956654416,1.612644990128008
1.88652,34.47606,0,1.4264495596604996,0.3307739360437258,1.308806044957824,0.11874869508574601
7.62987,35.93481,0,0.8208204761340736,-0.5506059428928758,1.1059562307118447,-0.3398283819862959
6.42416,36.72426,1,-0.7244950028639101,1.6235395675914595,-0.1292585884387386,0.824313295552624
6.17549,36.3479,1,0.7126724255043547,1.9225964714815735,0.002098721975303462,1.4151227957580141
7.24298,34.56821,1,-0.8302397634796352,-0.6365106323823055,-0.7177409812357068,-0.7501457460620976
6.85915,33.26916,1,-0.969630584291273,-0.7570555770188393,0.6828852542196752,-0.6989545779174919
6.54138,34.11989,0,-1.241202355872567,-0.7136565285402676,-0.2685295441736967,-0.7802034351900167
5.29487,36.56293,1,-0.9624207142492918,0.9704885530563829,0.9418586020252392,0.8267757561579242
2.01724,33.5793,0,1.2702357087509055,-0.5632008848114909,0.019860337610984616,-0.5466524421981851
6.938,36.27034,1,0.7607382257842298,-0.7282680125385013,1.4458204607974718,-0.5877014837219023
8.74563,35.85435,0,0.6501868851405171,-0.5203476981200672,0.3680626549607288,-0.06378329427490313
6.10959,35.55488,0,1.4769186499543685,2.239737741246075,1.690685145376389,2.320252694868422
-1.4373,34.88081,0,0.07099399176802244,0.5674108259975019,-0.556919425958378,0.24120507868421634
8.67662,36.35073,0,-0.373614660820822,-0.24918308209194429,-0.19445251585667003,-0.2612393981883421
3.17849,36.70961,1,-1.164297075424767,-0.7773588418573524,-0.9932143801350745,-0.8351306246451926
8.89351,34.55679,0,-0.2870962203170469,-0.7046686130179255,-1.5774144067037863,-0.7208762025171275
7.50938,35.08861,0,1.2702357087509055,-0.6729474049853428,0.4944056624041,-0.719696074098581
9.32056,35.06721,1,-0.3063225404289969,-0.8021013006702323,0.31567048239501505,-0.7968774690949304
-1.017,35.55099,0,-0.7509311930178414,-0.11398619138724952,0.9108691622461522,-0.0708322299027224
-0.34583,33.47398,1,1.5153712901782685,-0.7412253214939464,1.579612431741057,-0.7341471690080981
4.52569,36.57403,1,1.3807870493946184,2.239737741246075,-0.6421434921061154,2.320252694868422
5.79595,33.39125,0,-1.0225029645991355,-0.8247899895070685,0.24659030004297866,-0.8371392903865331
4.62505,36.20868,0,0.9866474870996427,2.179202653263869,0.3040818414968749,1.0408920594535356
6.79935,36.09044,1,0.8184171861200799,0.3055145601331684,0.49785593601836764,0.047826091657939995
8.51877,35.42882,0,0.748721775714261,-0.46293266462564353,1.2652759657080983,-0.5482327021691829
8.97726,34.99838,0,0.3617920834612667,-0.45747064970861423,-1.2228226773342066,-0.5771217470805462
5.15542,36.55556,1,0.5083927743148856,2.239737741246075,-0.5505813493705016,2.320252694868422
7.00605,34.97154,0,1.8085726718855064,1.983391115459982,0.6383780264740126,1.43371616914197
7.56187,35.73987,0,1.3423344091707183,0.26672917261439866,1.2402577095161422,0.593681471301881
10.2937,36.65644,0,-1.097004955032942,-0.7726182803056105,-1.5447751319471539,-0.7925566436492217
5.26693,36.55734,1,-0.33516202059692196,2.239737741246075,-1.2520787326106793,1.5125065768356252
3.59511,35.60662,0,0.48916645420293564,-0.25299466026745093,-0.4472645762420555,-0.43261732821787985
5.62366,34.75527,0,-1.0345194146691044,-0.7935268707399993,0.9977080014193477,-0.7683303888158861
2.22371,34.588,0,1.0635527675474428,-0.4863039657224966,1.3325892919682387,-0.6694506919125357
8.36396,36.78651,0,-1.1306510152288545,-0.8452684910953331,-1.756149438772145,-0.8704086057386067
8.05242,35.39223,1,1.395206789478581,-0.25457101349508715,0.7549360863519403,1.653745372790037
7.13861,35.64226,0,0.7943842859801423,-0.8618359966351061,-0.883559530418752,-0.8843220392677109
3.05632,36.2744,1,0.5180059343708606,-0.2618305773910131,-1.265566414639492,0.15360516216146727
7.67987,36.79035,1,-1.1378608852708358,-0.5466645324285858,1.704999890034503,-0.44456067310787317
7.30148,36.76319,1,-1.1306510152288545,-0.7136565285402676,-0.2685295441736967,-0.7802034351900167
0.35273,35.15311,0,1.265429128722918,2.239737741246075,1.618550134970969,2.320252694868422
6.14499,33.50914,0,-1.068165474865017,-0.7212601712689046,-1.3198544845954485,-0.7630275444728606
5.39765,35.26225,1,0.015718321446166104,-0.5797351276135985,-1.3660400998787952,-0.6502618570258464
6.23206,36.6594,1,0.7607382257842298,2.239737741246075,1.6302821304327069,2.320252694868422
10.80736,36.55782,1,-1.0825852149489794,-0.5682968874601652,0.7027164126728672,-0.6415336242586358
-0.21375,35.80199,1,-1.193136555592692,-0.5402030105390307,-0.5489841073210873,-0.49338178906662894
4.17408,36.63971,1,0.5035861942868981,1.6624218717339232,1.6763280896706083,2.320252694868422
2.29512,35.80399,0,1.8109759618995003,0.5197400082529243,-1.3574585021795058,0.5732720177403614
5.75417,35.35409,1,0.8809027264839175,-0.21124922065740973,-0.7406141708694742,-0.3081311400650908
3.3427,36.65995,1,-1.017696384571148,-0.4896048392055419,-0.6813662771152357,-0.6043196025109958
6.61894,35.50038,0,1.2486060986249619,-0.6089681626537242,1.1680688486864192,-0.701584037960075
-0.93639,35.56458,1,-0.8975318838714603,-0.34737963188821647,1.4125296550830644,-0.16659921548437467
1.10842,35.37271,0,0.46994013409098556,-0.32267200442592936,-0.4231271591333407,0.17907757253790807
3.41656,36.4994,1,0.34256576334931665,2.239737741246075,-0.26397637244630134,2.320252694868422
7.61973,36.20824,1,1.2125567484150555,0.7770622065764666,-0.5708817758069051,0.23810490709778026
-0.49773,33.8736,0,1.3495442792126995,-0.8618359966351061,-0.883559530418752,-0.8261179714011652
0.73091,35.91073,0,-1.068165474865017,-0.732442841913378,-0.396902298379256,-0.7490680043708587
4.35184,33.02266,0,-0.07320340907160279,-0.7652329869453198,-1.4559420887712176,-0.788936347488063
7.4524,36.92224,1,-1.0417292847110855,0.17339077023188995,-0.13629287408367458,0.3548721071021843
5.64577,35.09335,1,-0.18856132974330297,-0.40614551062767995,-1.57102958084646,-0.6407375832868181
4.92559,33.68835,0,-0.3784212408488095,-0.7557539501551984,-0.38579357719660695,-0.8120257155825296
4.55737,36.72121,1,0.45071381397903554,2.239737741246075,-0.21572491286359655,1.9003814458268902
2.93498,33.61937,0,0.7943842859801423,-0.7202873598004403,0.18833035445768267,-0.7884303178009552
1.30171,36.1461,1,-0.950404264179323,-0.6766151128527891,0.08894037202229489,-0.6000314071171445
9.73681,36.50513,0,-0.8254331834516477,-0.5876257974236746,-0.2535194781028797,-0.6093776616515386
10.57328,34.93684,0,-0.8999351738854541,-0.6569200975511835,-1.6200618715815576,-0.7587152547728717
5.05964,36.4504,0,0.7631415157982235,2.239737741246075,-0.2482425803433689,2.320252694868422
10.7192,34.70423,1,-1.185926685550711,-0.7915465172780308,0.4253253321113375,-0.8332008213129886
10.9925,35.50054,1,-1.195539845606686,-0.8452684910953331,-1.756149438772145,-0.840323901116222
5.31062,33.13284,0,-0.8398529235356103,-0.6729474049853428,1.5863049743086857,-0.6550668133617294
1.81139,34.05033,0,2.137823403802651,0.29178950337206866,0.5969387935063573,-0.024104982330959458
7.23054,35.80378,1,0.9770343270436677,-0.5632008537882438,-0.556919425958378,-0.7130680710655444
0.54873,34.35341,0,1.2822521588208744,-0.6616620163699825,-1.5191544611184902,-0.6608392011251212
6.93831,36.88233,1,-1.195539845606686,-0.39076430884760566,0.7634571762942517,-0.589501660531513
8.16559,36.02983,0,0.010911741418178597,-0.6095112711276991,0.21395102528634635,-0.5758640017821232
7.50252,34.80203,0,0.2872900930274603,0.4728695902814911,1.072994445172299,1.0026545082034664
5.00188,36.7792,1,-0.4841660014645347,2.239737741246075,0.03504260668699011,2.320252694868422
2.27718,33.54716,0,1.1092152778133242,-0.49817671747370745,0.5700921378804448,-0.5423797842540861
4.26742,34.37719,0,0.034944641558116135,-0.517149821817132,0.5201701316185398,-0.610082645286493
8.21082,36.67537,1,-0.9840503243752355,1.1724574608360299,0.1022121345613545,0.4579457473151551
9.77778,37.0789,1,-0.9311779440673729,-0.48703493546880783,0.4253253321113375,-0.6086744794600338
3.29104,35.45267,0,0.5540552845807669,-0.6766151128527891,-0.11087961615301291,-0.7191091694522329
8.95365,33.47929,0,-1.1138279851308983,-0.8247899895070685,-0.2685295441736967,-0.8014231934962921
3.95851,36.73724,1,-1.0825852149489794,-0.7877444399719243,0.24659030004297866,-0.6863304140675665
0.78511,33.89003,0,1.4745153599403746,-0.5876257974236746,-0.2535194781028797,-0.7303285451821669
5.71379,36.41732,1,0.1094466319919225,-0.4402084153919095,0.4253253321113375,1.62401570118148
1.39728,35.42575,0,1.3807870493946184,0.0468938527823109,0.3100595344759546,0.2117969647314015
6.15922,36.20448,1,0.6501868851405171,-0.5219579597566975,-1.3007066273709633,-0.643133559369809
6.19366,33.77877,0,-1.1210378551728795,-0.6888738558434364,0.6997136597550734,-0.7393950833996897
3.73546,36.79247,1,-0.9576141342213043,2.2349243758893866,-0.27900951727039097,1.6749555679648753
10.58565,34.6046,1,-1.1474740453268109,-0.7935268707399993,1.5981224795101134,-0.8068553195543757
9.92421,36.87982,1,-1.1570872053827859,-0.8384060150665126,0.4253253321113375,-0.8564951722095024
-1.48123,33.40807,0,1.520177870206256,-0.7789992891133342,-0.883559530418752,-0.8106990721090502
2.02362,34.22519,1,1.6884081711858188,-0.5436327856134486,-0.5087355752875041,-0.4838422734271643
7.01733,33.95513,0,-1.195539845606686,-0.8287010282125248,-0.883559530418752,-0.8623229701919665
8.05401,34.72176,1,0.8352402162180361,-0.6275552912693356,-1.6773244747618032,-0.3445597043211791
3.67459,33.9054,0,0.44590723395104803,-0.19688992463421054,0.1721394255110796,-0.35900930741033954
4.56313,35.69883,1,-0.06839682904361528,-0.6928871161478273,0.9712751360043564,-0.7687483799912863
6.90488,36.875,1,-1.0104865145291668,1.2699554601791279,0.9131471535467479,0.42383665409056015
-0.5454,35.21614,0,-0.022734318777733957,-0.4217541128084189,-1.5641905029896221,-0.09333383485044693
7.78111,36.96532,1,-0.8638858236755478,0.6784205662551827,0.6734708981731297,2.1139986366967647
2.9226,33.87374,0,0.7030592654483797,-0.7955663855340371,-0.883559530418752,-0.8190622522128563
4.88104,34.06282,0,-0.2822896402890594,-0.7557539501551984,-0.5087355752875041,-0.7761009221723486
5.47675,36.33442,1,1.2486060986249619,-0.5523737716011262,-1.6056363193195895,-0.6279597197188271
8.24164,33.37182,0,-1.1090214051029108,-0.8247899895070685,1.4766501245923633,-0.7351170914941269
6.34089,36.12848,1,0.6093309549026233,-0.6439399244626839,0.7768224373722109,-0.719696074098581
7.45322,36.91895,1,-0.8759022737455165,0.07936898776400045,-0.7853963464546067,0.7277159571309512
5.2732,34.74941,1,-0.7196884228359226,-0.6395759773739665,-1.4985895166638075,-0.6032844480688061
9.11547,36.8529,1,-0.344775180652897,2.239737741246075,0.041690767036786786,2.320252694868422
9.10067,36.96481,0,-1.0825852149489794,-0.6229163696306468,-0.33760972652573307,-0.35123596633537557
6.6382,36.46418,1,0.24162758276157897,2.0337058584086862,-0.880421115855118,1.327870107460163
8.78609,33.92707,0,-1.1474740453268109,-0.7446884232914767,1.6553853046014482,-0.7626292002900819
5.15417,35.09288,0,-0.20538435984125925,-0.5577390870571908,0.5769838086654137,-0.5993512777722829
9.4353,36.53258,1,-0.9648240042632855,-0.3781323251720474,-1.2524424818709947,-0.47170017865909014
7.20683,34.36829,1,-1.036922704683098,-0.8452684910953331,-1.756149438772145,-0.788936347488063
0.06461,33.79897,0,1.404819949534556,-0.8287010282125248,-0.883559530418752,-0.7879269410208024
0.05892,35.80047,1,-0.8855154338014916,1.7319164269209533,1.7096150489261372,0.9019427855332686
8.12982,36.57864,1,-0.008314578693771434,0.6979694310400718,0.4794510741055732,1.0007300036482838
6.80342,35.24761,1,1.8566384721653815,2.239737741246075,-0.6369686734476184,2.0327413773794007
4.75939,33.04483,0,-0.36640479077884075,-0.8247899895070685,1.119180356337098,-0.7287651174484008
2.62656,35.75751,0,0.46513355406299806,-0.6729474049853428,0.356245001818575,-0.7626292002900819
-0.14893,33.22682,0,2.147436563858626,0.3584023711898026,-0.5381311756538772,0.03317371359049114
-0.27042,35.80635,1,-1.084988504962973,-0.40976949122844997,0.26479721726424194,-0.32926499907375506
6.57965,36.33566,1,0.0998334719359475,0.6571881319009524,-0.004931717210753725,0.2467811091116086
7.24153,34.56874,1,-0.8302397634796352,-0.6365106323823055,-0.7177409812357068,-0.7501457460620976
8.35836,35.45436,0,1.0587461875194553,-0.07896367554616325,-1.6257592168846644,-0.16129188160650226
10.20088,36.61537,1,-0.9407911041233479,-0.015209041522977416,0.03251074910039479,-0.1386217291060305
7.24055,34.57033,1,-0.8374496335216165,-0.7090964369722593,-0.4046171113642842,-0.726909504031386
5.31374,34.68715,1,-0.8903220138294791,-0.7446884232914767,0.4253253321113375,-0.7587152547728717
9.04511,36.64243,0,-0.5562647018843473,0.30749508422299554,1.2868066672228076,0.6227026126836923
9.21821,37.02068,1,-0.48176271145054095,0.012577301950436822,0.27481221265878186,0.6003137105417794
9.66996,36.90535,0,-0.8446595035635978,-0.5317845732506316,-0.7136413957745555,-0.24893345650902185
3.13702,35.8075,0,0.8424500862600174,-0.09395441873922993,1.662159510449888,-0.38256959815531333
1.6969,35.8296,0,1.1188284378692992,2.239737741246075,-0.2603263788517892,2.320252694868422
8.54329,36.80442,1,-0.9119516239554228,-0.18062214050076722,-1.1350815476724845,-0.41661538753118943
5.58746,35.77763,0,1.5634370904581436,2.239737741246075,0.13693559826738233,2.320252694868422
5.89609,36.4122,1,-0.04196063888968399,-0.5921658634857307,0.09199268508333466,-0.7275256117649044
1.64487,34.8417,0,1.4384660097304685,-0.6961677004273207,-1.3986794486057905,-0.6039741194344395
4.9556,35.44737,1,-0.2342238400091843,-0.6522855191670776,-0.18970465413371784,-0.6976537387140496
-0.29309,34.98335,0,0.35217892340529167,-0.48086617996139086,-0.883559530418752,-0.4872403587240674
3.54813,34.9449,0,1.414433109590531,-0.5506059428928758,-0.25530556648916963,-0.7130680710655444
7.78501,34.05285,0,-1.2363957758445796,-0.8452684910953331,-0.010969622065359003,-0.846218533706197
6.64531,36.81997,1,-0.9576141342213043,0.5546422779885568,1.1684931426888943,0.15033610525163718
4.59757,36.66051,1,1.67639172111585,2.239737741246075,1.6168082808617852,2.320252694868422
0.32027,33.49306,0,1.8494286021234003,-0.7877444399719243,0.6040603641796963,-0.8341564413231923
6.51056,36.28938,1,0.29449996306944154,-0.4094663630818068,1.5039481473736283,-0.47879856953910993
-0.28125,35.52784,1,-0.803803573325704,0.08572900158930252,-0.25117565317916646,-0.21923666124341884
1.20183,36.41027,1,-0.813416733381679,0.004414651333726597,0.0528452019038029,-0.3461760494562754
5.26954,36.33748,1,0.7751579658681923,-0.04261131719827041,-1.3198544845954485,2.320252694868422
5.27976,35.48312,0,0.013315031432172351,-0.6766151128527891,-1.4985895166638075,-0.7583305340061802
10.28879,35.42868,0,-1.0609556048230355,-0.6961677004273207,0.34650044207135866,-0.7176509572749412
6.94941,36.86485,1,-1.1570872053827859,-0.7193212183300857,0.333583885215682,-0.643133559369809
2.75178,36.47163,1,-0.9864536143892293,-0.7570555770188393,0.16776541000299983,-0.7849602521718438
2.29311,36.21474,1,-0.5130054816324597,-0.8094451392166911,-0.18970465413371784,-0.8113593785390785
9.24427,34.87071,0,-0.22461067995320927,-0.7412253214939464,1.016218049188404,-0.7700115155462809
9.03695,36.7184,1,-0.7437213229758601,-0.7055441200721081,-1.1938659061466483,-0.0962761549546174
-0.26823,35.76116,1,-1.027309544627123,-0.44775469613680446,-0.883559530418752,-0.6067499186097435
8.95021,35.15189,0,0.35698550343327917,-0.15074358924824985,0.10629441095755125,-0.12142678249488481
10.7025,34.79347,0,-1.1018115350609294,-0.7935268707399993,1.5981224795101134,-0.8361244901442567
-1.19699,33.88533,0,1.4889351000243372,-0.7458657555159275,-1.756149438772145,-0.796325762964733
0.51077,33.99115,0,1.3134949290027933,-0.7458657555159275,-0.010969622065359003,-0.7538024651580016
3.94969,36.8701,1,-0.8831121437874978,1.2802023145772097,0.8915034253172928,0.8148836398160272
5.27292,34.74918,1,-0.7196884228359226,-0.6395759773739665,-1.4985895166638075,-0.6032844480688061
5.68277,35.16672,0,0.2199979726356352,0.3220701779524735,-0.3591303680710672,0.8659248377934589
7.54863,35.171,0,1.402416659520562,-0.5042611517957211,-1.0134057742563372,-0.33136148518326053
0.50664,35.50096,0,-0.24864358009314683,0.6301199765960767,-0.6150008070872628,0.48754537722469876
8.12822,36.57567,1,0.00610516139019109,1.2540447536188974,0.13769335066650243,0.8780217557375252
9.05354,33.48108,1,-1.0513424447670605,-0.8452684910953331,-0.010969622065359003,-0.7854485137155529
1.31785,35.23031,0,1.0971988277433553,-0.506183910599595,-0.6144281285365026,-0.6245838991370581
6.0306,35.83302,1,0.9842441970856489,-0.5921658634857307,0.4011880629433488,0.26562139283836655
3.9694,36.33642,0,0.06378412172604118,-0.4312004743636153,-1.756149438772145,-0.5142403931457149
6.37628,36.90599,0,-0.15731855956138419,2.239737741246075,-1.5317274996081465,2.320252694868422
2.91135,36.41356,1,1.1284415979252742,2.239737741246075,-1.654631402962071,2.320252694868422
8.20529,35.15059,0,1.178910688219143,-0.5725331738873907,-1.627776758536949,-0.6807860496383106
5.8489,34.51938,0,-1.1306510152288545,-0.7423685203908622,0.31567048239501505,-0.7816073507358372
6.83273,34.21196,0,-1.1787168155087295,-0.4343957447138007,-1.2281130746849747,-0.5830070628301807
7.41585,36.89034,0,-1.154683915368792,-0.013757649934342182,1.5691885281795572,-0.22054771800892656
-1.37904,33.1596,0,1.6956180412278001,-0.7877444399719243,-0.2685295441736967,-0.8025991208924192
10.74168,36.60057,1,-0.988856904403223,-0.2992951811911065,-1.3429872732183523,-0.5227065862599027
3.38963,33.19129,0,0.5877013447766796,-0.6246453262103798,0.22923640904844844,-0.6843845032976438
3.10044,36.59881,1,-1.0705687648790105,-0.7557539501551984,0.4867963311567861,-0.7991200058247293
4.67107,35.78183,1,0.3858249836012042,0.053481949519712114,-0.4046171113642842,-0.0826377643688262
7.29638,33.28648,0,-1.008083224515173,-0.5636605562626025,-1.756149438772145,-0.5772793170872728
10.75238,34.85549,1,-1.0825852149489794,-0.7877444399719243,1.119180356337098,-0.7899565415053553
2.56073,36.50192,1,-1.0297128346411168,-0.7557539501551984,0.4867963311567861,-0.8014231934962921
3.49696,36.61801,0,0.41947104379711675,2.239737741246075,-0.4472645762420555,2.320252694868422
7.35695,34.48501,0,-0.8903220138294791,-0.7789992891133342,-1.2410295205851067,-0.7541737876890373
4.63559,36.03816,0,1.0154869672675677,-0.29275864509025434,1.6530993245016428,-0.3131082468406201
3.93666,35.30881,0,1.306285058960812,0.08644898910616826,0.44589042450674643,0.5986828412688712
5.1521,34.6036,1,-0.8158200233956727,-0.8452684910953331,-1.756149438772145,-0.8213262866369455
10.15626,36.03868,0,-1.0225029645991355,-0.8618359966351061,-0.883559530418752,-0.7874261890000507
9.48251,35.00132,1,-0.29911267038701567,-0.5572883813244681,-0.22795487680941062,-0.7072329424045117
8.22969,35.89364,0,0.0037018713761973357,-0.6389595144324103,0.45453563671826164,-0.7341471690080981
1.8135,35.87296,0,0.729495455602311,2.239737741246075,1.4222961100577445,1.8153501624827484
-0.06322,35.21604,0,-0.42648704112868463,0.3947475941908806,1.7195948344278635,0.3473901495051828
5.86605,36.0581,1,1.5634370904581436,1.192489791902496,0.7991662211176044,2.320252694868422
7.06965,35.9635,1,0.9986639371696114,-0.2682558641280476,1.5113244719773236,-0.47499743941792705
9.88918,36.12801,0,-0.29430609035902816,0.7777211403431947,-0.6034913144775899,0.6302943457408999
-1.34159,35.31194,1,-0.7893838332417414,-0.1546023848057226,0.6623203097649923,-0.3172749292442894
1.52261,34.35642,0,1.4192396896185184,-0.5000670880076913,0.1436281408350111,-0.5302805019154923
6.63246,35.48905,1,1.2341863585409993,-0.6602957991060436,-0.1027109210202884,-0.7162053833493501
0.57104,35.07939,0,0.47474671411897307,-0.6275552912693356,0.7827953962480552,-0.6841425891456587
4.81121,34.07615,0,-0.21499751989723426,-0.7789992891133342,0.34650044207135866,-0.8106990721090502
6.86025,33.37949,1,-1.0393259946970919,-0.8618359966351061,-0.883559530418752,-0.7783604881722564
5.48129,35.34127,0,0.15991572228579135,-0.7282680125385013,-0.5951697226044338,-0.45469196292051045
0.30004,35.52755,1,0.407454593727148,0.5630407673291214,0.4253253321113375,0.6267754511426623
5.311,35.62815,0,0.5973145048326546,-0.4896048392055419,-1.0857527837222685,-0.5514157120067437
-1.22832,33.60808,0,1.3375278291427308,0.13211942788282524,-0.7048244983503932,-0.1873298326358818
9.81253,36.82881,1,-1.1282477252148608,-0.8452684910953331,-0.010969622065359003,-0.7968774690949304
9.71328,37.08694,1,-1.185926685550711,-0.7935268707399993,-0.7474719632281646,-0.7351170914941269
6.94348,36.88162,1,-1.195539845606686,-0.471971970156676,-0.7646471418255575,-0.6425323557660801
0.95662,36.37789,0,-0.35679163072286574,2.239737741246075,-0.8286670116411037,2.2748240769171204
5.2129,34.6554,0,-0.813416733381679,-0.7557539501551984,0.36385433306588894,-0.8056157716495485
5.39441,36.20251,1,1.3855936294226059,-0.3460496032419278,0.45055839823760085,-0.11040487592932922
7.5752,35.32957,1,2.000835873005007,-0.33164039081427166,1.7168561557061708,0.05594198846385482
9.2335,36.90027,1,-0.3183389904989657,0.7953319208401816,0.5196385805896372,0.11923103156935931
9.98855,33.87399,1,-1.0297128346411168,-0.4049439182240586,1.28367446616967,-0.5007551534006881
3.85116,36.91074,1,-1.195539845606686,-0.6623486383846771,0.8154346710046875,-0.6948233192104045
0.58806,33.46823,0,1.8542351821513878,-0.7773588418573524,-0.7739046807024296,-0.8351306246451926
10.75338,33.85032,0,-1.193136555592692,-0.8452684910953331,-0.010969622065359003,-0.8564951722095024
7.58087,35.3302,1,1.9287371725851943,0.06076285740958858,1.4186236294728642,-0.2255977269490543
7.04526,33.85088,0,-1.1667003654387609,-0.6246453262103798,-0.6433535732753076,-0.6714874348388905
5.91274,36.62318,1,1.5345976102902186,2.239737741246075,-0.9575107351482247,2.320252694868422
7.69613,34.8809,0,0.7919809959661486,-0.1774152674561959,-1.4444186897332907,-0.32987563210804
6.867,35.55421,1,0.8736928564419363,-0.8247899895070685,-0.2685295441736967,-0.8381764010837188
10.46069,33.25534,0,-0.8566759536335665,-0.8094451392166911,-0.18970465413371784,-0.7717177428578652
0.08453,35.25094,0,0.07580057179600995,-0.2020562880071287,-1.0534776650629485,0.3549111759069961
4.41079,36.66335,1,-0.04196063888968399,1.8347267229909567,-1.0409393926439274,0.88509253386717
3.28187,36.38591,1,0.09022031187997248,1.7022644074181839,-1.6416157997902658,2.282199411579952
2.24573,36.13622,1,-0.344775180652897,-0.43858574445647075,1.4377310618939407,-0.1998008878663736
8.12442,36.58147,1,-0.1453021094914154,0.5321548912458289,0.3833919771184847,0.6369577724705184
3.22632,36.63043,1,-1.075375344906998,-0.5921658634857307,-0.47140184541004426,-0.719696074098581
2.87125,36.02884,0,0.5372322544828106,-0.16689869694851256,-1.003596490441449,-0.12295080365319236
-1.36105,33.21272,0,1.6331325008639626,-0.8094451392166911,-0.18970465413371784,-0.7854485137155529
10.13326,33.23251,0,-0.11886591933748411,1.3128472087665988,1.3784210330347373,0.9052451691469151
1.25036,33.82166,0,2.0128523230749757,-0.35814649795286607,1.28499883154978,-0.5440824016418828
1.23255,36.12906,1,-0.9960667744452043,-0.7127333697786606,-0.010969622065359003,-0.7287651174484008
-0.93662,35.56453,1,-0.8975318838714603,-0.34737963188821647,1.4125296550830644,-0.16659921548437467
7.04001,35.52087,0,0.8881125965258988,-0.7877444399719243,-0.2685295441736967,-0.7769990402483811
10.78769,35.4272,0,-1.0705687648790105,-0.7955663855340371,0.861620286288034,-0.8140626414679847
4.14477,36.63173,1,-0.8638858236755478,2.239737741246075,0.8376722333087362,1.620926901206819
4.14189,35.28503,0,0.7222855855603297,0.0909008250536964,-1.5591076294924007,-0.22347056000579893
0.09892,33.68757,0,1.4649021998843996,-0.7212601712689046,-1.3198544845954485,-0.7534321981602372
6.98621,36.39814,1,0.2560473228455415,-0.10670584191581943,0.24114445397425363,0.5984543957214269
10.30673,33.56902,0,-1.0489391547530669,-0.8021013006702323,0.31567048239501505,-0.6531747207148616
2.27486,34.23207,0,2.147436563858626,-0.20081262808054676,-0.22492771367180903,-0.32665538305667075
1.58031,36.52578,1,-1.0946016650189483,0.8241543787176067,0.3443263051604901,0.8064320552823128
0.32743,34.79827,1,1.4192396896185184,-0.2169556367144712,-0.6004769482127965,-0.4605900295120612
8.25894,36.36163,1,0.260853902873529,2.239737741246075,-0.48966202129270603,2.320252694868422
-1.85473,35.03956,0,-0.4529232312826159,2.0436891393000765,0.5141582643317293,0.9662430576601486
9.29234,36.85799,1,-0.4793594214365472,-0.05471485088407122,-0.7336561486688464,-0.06608677749578186
1.27404,33.98566,0,1.7725233216756002,-0.39514901048858014,-0.277346367627496,-0.45876654652782217
5.97788,33.97311,1,-1.2580253859705235,-0.8247899895070685,0.6040603641796963,-0.840323901116222
9.24881,36.47823,0,-0.13328565942144663,0.732603908107418,-1.5063044036191986,0.41823844339069544
8.96043,36.49059,1,-0.842256213549604,-0.7423685203908622,-0.556919425958378,-0.6584696837427954
3.86315,35.61429,1,0.260853902873529,-0.5632008537882438,0.31567048239501505,-0.5063475375568958
10.62012,35.13152,0,-0.9407911041233479,-0.7610612909183923,-0.1027109210202884,-0.7695889292827067
3.87865,33.37963,0,0.35698550343327917,-0.7136565285402676,1.4766501245923633,-0.6567618872050812
5.90071,36.82196,0,-1.176313525494736,-0.6275552912693356,0.06785526797461983,-0.6488189430440988
0.2849,34.8575,0,1.440869299744462,-0.49405214575900497,-0.08625636169976265,-0.4850525619497136
-0.70665,35.72169,1,-1.193136555592692,-0.3151023321527805,0.32967188859523444,0.0754528032195948
2.09598,34.26865,0,1.940753622655163,0.14398923242556907,-0.36295789053690763,0.26986412993267095
10.83054,34.8407,0,-1.1715069454667484,-0.7773588418573524,0.9712751360043564,-0.8244781019478978
10.39552,33.14062,0,-0.4889725814925222,0.7999685312469674,1.0945070979184235,0.2550089768869337
1.83217,34.3719,0,1.5273877402482372,-0.6395759773739665,0.24659030004297866,-0.6531747207148616
7.71354,36.25595,1,0.9770343270436677,0.9058849989017117,1.5981224795101134,0.942819564027124
9.04938,36.20964,0,-0.364001500764847,-0.33553095417669404,-1.6327812234493335,-0.5437980269048411
6.91895,34.42199,0,-1.1570872053827859,-0.5264260208624176,-1.2025904515725383,-0.6714874348388905
4.00064,33.12201,0,0.23682100273359147,-0.7423685203908622,-0.33760972652573307,-0.5425213383026442
6.51165,36.57543,0,1.9263338825712004,2.239737741246075,-1.6148459993715658,2.2707618219384162
-0.01277,34.70824,1,1.424046269646506,-0.615564635667821,-0.20152215933514556,-0.4068864951490923
2.6597,33.87237,1,0.9097422066518426,-0.7446884232914767,-0.9623844944290939,-0.562052560034961
6.46817,35.05972,1,1.4096265295625434,0.9664468444344738,0.24883027057696486,1.136625042790078
10.7895,36.56393,1,-0.9383878141093541,-0.420820623305554,0.5291937762074366,-0.04893652920022778
7.10557,35.36716,0,1.6066963107100312,-0.6133463028779537,0.861620286288034,-0.7007912480307327
6.70034,33.1423,0,-0.9624207142492918,-0.8021013006702323,1.1882603907484082,-0.7979914577987027
-0.86797,33.86441,0,1.412029819576537,-0.7446884232914767,-1.6773244747618032,-0.7894450723034566
-1.62101,34.91662,1,-0.3688080807928345,1.1686368859188871,0.07040354698181303,1.2433189087953227
8.54356,36.4444,1,-0.6259601122901661,-0.19771377798210293,-0.05255487252968203,-0.3537839955045288
9.59284,36.99159,0,-0.988856904403223,0.4865317318976321,0.15484885314732316,0.5621397727635218
1.50108,36.3204,0,-0.20538435984125925,0.28397338242458414,0.4253253321113375,0.10250237733610447
-1.46536,34.97324,1,-0.6860423626400101,0.7230803917368802,0.07030960462073507,0.07318095784929855
3.15902,34.7253,0,1.440869299744462,-0.21420176512290204,0.031677842812412337,-0.3085512704545873
9.80269,36.46393,1,-0.7461246129898539,-0.8287010282125248,-1.756149438772145,-0.8475105556883806
4.32726,36.78001,1,-0.549054831842366,1.9039492663481057,-1.6368177121908003,0.7272055856836545
2.81337,36.49327,1,-0.7701575131297914,-0.49817671747370745,-0.30249777047294824,-0.5678105362507564
9.71758,37.30235,1,-0.7004621027239726,0.7104906617237647,-0.2711375912342371,0.7207659883026408
10.58498,34.59792,1,-1.1691036554527545,-0.7356646061165195,-1.5312287914204397,-0.7802034351900167
6.41381,36.79622,1,-0.4937791615205097,2.239737741246075,0.17770392004214247,2.320252694868422
11.10795,33.48008,1,-1.195539845606686,-0.7624323943437369,-0.883559530418752,-0.7738875814928314
0.69445,34.31316,0,1.1861205582611243,-0.8121336448267868,-1.756149438772145,-0.8126982591616153
9.51537,33.36859,0,-0.8374496335216165,-0.7610612909183923,0.7698786914516524,-0.7844743690964393
9.81757,37.13602,1,-1.1426674652988233,-0.6888738558434364,-1.5942428862095475,-0.5227065862599027
6.24791,36.74405,1,-1.125844435200867,-0.8618359966351061,-0.883559530418752,-0.8414379566704349
9.86999,36.23269,1,-0.27988635027506564,0.5173810005494397,0.4441488662790148,0.3106143570241964
1.48958,34.706,0,1.265429128722918,-0.8287010282125248,-0.883559530418752,-0.8313412637199836
6.35955,36.06653,1,0.7703513858402048,-0.23242674386441264,-0.025584834338196333,-0.3827625214897371
7.27983,35.61764,0,0.8640796963859613,-0.7935268707399993,-0.1470571892559465,-0.7354418016759058
0.95646,36.05374,0,-0.9263713640393854,0.03311295417657315,0.8924499500829254,-0.09682908550340939
6.6205,36.4353,1,0.010911741418178597,-0.5432020898750547,-1.4856730337784938,-0.4692444171716178
-0.39518,35.73451,1,-0.9984700644591981,-0.8247899895070685,1.119180356337098,-0.8623229701919665
9.81047,36.82623,1,-1.1282477252148608,-0.8121336448267868,-1.756149438772145,-0.817595553548064
9.19183,36.91045,1,-0.7076719727659538,0.9140939982494715,-0.3147151594570432,0.9777144243663635
-1.34808,35.26777,1,-0.6716226225560475,-0.09182020548366024,0.6147418325453484,-0.2671707070410476
6.02117,35.48483,1,1.3519475692266933,-0.5577390870571908,1.1462567639106545,-0.6717149374432793
4.17936,36.62086,1,0.5949112148186608,2.239737741246075,-0.37037519472173464,2.320252694868422
8.27757,36.37908,1,-0.4433100712266409,-0.2707992740118256,0.09868522765096345,1.02539491699847
2.03091,34.22208,1,1.8061693818715128,0.2550826734037127,0.23555525334193092,0.13011895577835564
3.15158,36.70874,1,-1.173910235480742,-0.6172415662622998,1.136008909813222,-0.48347990181826855
3.741,36.17797,1,0.9433882668477551,0.8668076205819794,-0.16119899120524142,0.25907945095137613
8.64253,33.98559,0,-1.1474740453268109,-0.8452684910953331,-1.756149438772145,-0.7869280054435923
7.70545,36.78685,1,-1.1715069454667484,-0.8121336448267868,-1.756149438772145,-0.8269554842752088
7.72319,35.66578,0,0.8136106060920923,-0.6630376336777687,-0.883559530418752,-0.5445094000345306
6.35301,35.68673,1,0.8376435062320299,-0.7877444399719243,0.6040603641796963,-0.7364202106494351
5.84143,36.1811,1,1.3519475692266933,0.20555145358177362,0.7401479313702839,0.3065167487177953
3.69299,36.84567,1,-1.1691036554527545,-0.3465811865796344,-0.4472645762420555,-0.5946351269689513
8.40721,35.29829,0,1.4000133695065684,0.8231937748968452,0.6846050651606691,0.37712849056034076
7.58155,33.51664,0,-1.0897950849909606,-0.8247899895070685,0.6040603641796963,-0.8582923882482874
9.74631,37.08543,1,-0.7653509331018039,0.23973075756882634,0.9369070259224377,0.29051891757397413
10.27351,36.59468,0,-0.960017424235298,-0.17263309597438709,-0.2446514671578474,-0.0776428120441249
5.33091,36.3233,1,2.173872754012557,2.239737741246075,-1.5625949622585582,2.320252694868422
-0.70356,35.52148,1,-1.0008733544731918,-0.7624323943437369,-0.010969622065359003,-0.820562678684108
1.23706,36.13445,1,-0.9960667744452043,-0.7292993803857178,-1.756149438772145,-0.7691678840977085
1.57131,34.55946,0,1.2630258387089244,-0.732442841913378,-0.4976268541048551,-0.7487106711741108
8.08355,35.15931,0,1.8085726718855064,0.7107486510459922,-0.2136817034953327,-0.03389363196998417
9.67512,37.31448,1,-1.065762184851023,0.6056801107788287,0.3677595244129356,0.46997038234080873
-1.36161,34.72559,0,1.813379251913494,-0.005579797926591616,1.2599261331706166,-0.210202197163564
4.15008,36.62826,1,-0.7869805432277477,0.11759992781200909,-0.37406957053407885,2.320252694868422
11.10962,33.48098,1,-1.1787168155087295,-0.732442841913378,-0.4976268541048551,-0.7410744790555198
4.27452,36.72741,0,-0.9311779440673729,-0.7624323943437369,-0.883559530418752,-0.7150578216506648
8.05629,35.3925,1,1.306285058960812,1.0189281268621435,1.0974067361501207,1.4331106589624947
5.33309,36.64012,1,-1.164297075424767,-0.6623486383846771,0.8154346710046875,-0.5605543220360248
4.29361,33.18864,0,0.09262360189396623,-0.7202873598004403,-1.5568494622491034,-0.7448402980703364
9.1109,35.98779,0,0.20557823255167265,-0.6365106323823055,-0.17678809727804118,-0.6058795118005246
-0.90936,33.33645,0,1.8085726718855064,1.053948284936456,0.38475081268777755,1.068397398762778
3.86343,36.66605,1,-0.4433100712266409,2.239737741246075,-0.29682868184852773,2.320252694868422
9.58251,36.65754,1,-1.036922704683098,-0.7506998056225674,-1.1411194895122712,-0.34960430893095823
11.10426,35.20501,1,-1.195539845606686,-0.8384060150665126,1.2979152404647305,-0.8646454723631704
6.80334,35.2411,1,1.5249844502342436,1.9546608586727037,-1.6946785136970595,1.1770742036450996
7.24863,33.9455,0,-1.1667003654387609,-0.8618359966351061,-0.883559530418752,-0.8056157716495485
4.40565,36.66613,1,-0.19096461975729673,1.2794545302310132,-1.1449373588457332,0.6502293441338979
-0.2738,35.76916,1,-1.0321161246551105,-0.7955663855340371,0.861620286288034,-0.726909504031386
9.716,37.30001,1,-0.7773673831717727,0.6301199765960767,-0.6150008070872628,0.38187687031288675
8.18769,35.1967,0,1.284655448834868,-0.636510616870682,-0.5342581614147589,-0.4957409762966738
9.44875,33.65177,0,-0.6644127525140663,-0.12708755679023706,0.7224971233384568,-0.29336954948851385
9.64831,33.43339,0,-0.7917871232557352,-0.8121336448267868,-0.883559530418752,-0.8252923403133112
1.91729,33.50875,0,1.1644909481351804,-0.7118158727596351,1.6727390476552524,-0.6243976467729084
3.3381,36.69444,1,-1.068165474865017,-0.5947214655055881,0.05811056028667739,-0.6118530982791863
8.18014,33.94416,1,-1.1426674652988233,-0.6729474049853428,1.228834910171968,-0.6800739728197737
6.98407,34.26725,0,-1.1715069454667484,-0.7506998056225674,-0.2685295441736967,-0.7431161055824761
7.67647,34.95749,0,1.296671898904837,1.6284821913068614,-1.4213854282338754,1.45336248622218
9.47638,33.63561,0,-0.7749640931577789,-0.7446884232914767,1.6553853046014482,-0.70943289892215
4.76967,36.03644,1,0.8544665363299861,-0.6888738558434364,-1.0454660829813496,-0.643133559369809
4.16905,36.63711,1,-0.18856132974330297,2.239737741246075,1.6662086481234368,2.320252694868422
2.65147,36.47307,1,-0.9744371643192605,-0.636510616870682,0.5123189172840409,-0.7182326968451489
6.93087,36.72524,0,-1.017696384571148,-0.26365939780290704,-0.4799038509986878,-0.5069882884738526
3.32458,33.18246,1,0.5852980547626858,-0.8452684910953331,0.861620286288034,-0.8516921457402836
2.89952,36.64063,1,-1.0729720548930044,0.11773934628412193,-1.709184693654756,-0.2959137505903368
9.53108,33.68427,0,-0.5995239221362348,-0.5537063441536707,1.3827130893805537,-0.4845680018093423
5.63748,36.19254,1,1.1404580479952429,0.07471593503629345,-0.32127603477843675,-0.16062287054543078
10.49672,33.57934,0,-1.164297075424767,-0.7282680125385013,1.1500100201319892,-0.6459592923057297
7.07794,34.57323,1,-0.979243744347248,-0.6046645247572159,-1.6113827069734008,-0.7241663982399358
8.79835,34.37938,1,-0.5538614118703535,-0.5802217582663715,-1.4839742674057885,-0.7217669177864845
1.00713,36.14232,0,-0.26066003016311556,1.5688954684744665,1.4732936453984475,0.617330032775882
6.40391,35.19156,0,2.3853622752440073,2.239737741246075,-0.05859159385847845,2.320252694868422
9.11872,34.0035,0,-1.1018115350609294,-0.8021013006702323,-0.556919425958378,-0.7909878889908802
5.94217,33.9028,0,-1.1883299755647045,-0.8094451392166911,1.5554753105137944,-0.7849602521718438
8.52415,34.6097,0,0.16472230231377885,-0.3433998456673614,-0.2685295441736967,-0.5305540116967289
0.25595,35.94529,1,-0.7124785527939413,-0.8247899895070685,0.6040603641796963,-0.8295447953505992
1.29422,33.18084,1,1.022696837309549,0.12329523754663703,1.3375272575242383,-0.31975546057919285
2.17987,36.45067,1,1.0635527675474428,2.239737741246075,-0.30333126852383513,2.320252694868422
2.07584,35.33348,0,0.7607382257842298,-0.8384060150665126,0.4253253321113375,-0.8532106570149154
4.65599,35.61058,0,-0.19096461975729673,-0.8287010282125248,-1.756149438772145,-0.850241227297896
5.1092,34.39142,1,-0.6235568222761724,-0.8247899895070685,1.119180356337098,-0.6130993030805107
7.62015,36.20612,1,1.335124539128737,1.0197851130378544,-1.0515242557154316,1.4496330479207777
2.19707,33.76294,0,1.3591574392686745,-0.6133463028779537,1.2190903504247517,-0.7235631680123262
6.46578,35.59428,0,1.6595686910178937,1.2416312356488617,1.538979919552863,0.4244654704446639
8.98957,35.91558,1,0.8352402162180361,0.2622549999290153,-0.6296541880674358,-0.05317633894892664
10.26134,36.14169,0,-0.9720338743052668,-0.3744629575608855,1.6393653951342249,0.17254959183765153
4.60607,36.65051,1,0.8640796963859613,2.239737741246075,-1.5602019470434143,2.320252694868422
7.70952,36.27609,1,0.7270921655883172,2.1776234458975066,-0.6233289083523676,2.320252694868422
-0.78959,34.69934,0,1.2510093886389555,-0.33086574033615473,0.023704577378875193,0.1846606961488829
3.32621,33.06982,1,0.6237506949865859,-0.7090964369722593,-0.4046171113642842,-0.7191091694522329
-0.3562,35.35305,0,-0.4216804611006971,2.1140285195499855,-1.2288225244370208,1.7167830582392234
10.19607,36.72266,1,-1.1715069454667484,-0.7935268707399993,1.5981224795101134,-0.7979914577987027
-0.25292,35.74749,1,-0.9095483339414291,0.5218986057806526,-0.5605981940241178,-0.08161218009496216
0.69489,34.72438,0,1.4168363996045246,-0.3441933893029142,-0.0822542691771159,-0.5428046434326376
4.59577,36.64562,1,1.1116185678273178,2.239737741246075,0.4475338980330692,1.6377733248055875
9.68202,33.53077,1,-0.7557377730458289,-0.7412253214939464,-1.601551749842138,-0.8014231934962921
6.63786,36.09663,0,0.7631415157982235,-0.35381227113479496,-0.6990978607835171,0.9017803178521635
-1.18065,35.32428,0,-0.8446595035635978,-0.4025501334606634,-1.1321604580355016,-0.16283301647758042
-0.41913,35.08492,0,0.4963763242449169,0.438960188543522,-0.27484187907523044,0.3454633931456883
9.46837,33.46092,0,-0.9215647840113979,-0.7193212183300857,-0.5390060231377111,-0.7920307628997267
7.189,34.67676,0,-0.5514581218563598,-0.2068454707427643,-1.5552059887227807,-0.4175476063687705
0.88715,33.71811,0,1.7989595118295314,-0.7252205989836185,-1.0196470976093395,-0.7328635983289727
0.21623,34.30892,0,1.2990751889188306,-0.8452684910953331,-0.010969622065359003,-0.8341564413231923
1.52908,33.58127,0,2.046498383270888,-0.6766151128527891,1.119180356337098,-0.5462227416403629
3.08795,36.35379,0,1.1332481779532617,2.239737741246075,-0.15516937103129813,2.320252694868422
0.47337,35.98316,1,-1.125844435200867,-0.34817925608018535,-0.028883024886025947,-0.5147638532055746
4.51915,36.08197,0,0.7727546758541985,1.052897093234393,-1.6061481202615566,1.6484579110852173
10.98535,33.75587,1,-1.176313525494736,-0.6623486383846771,1.2652759657080983,-0.7351170914941269
9.94717,33.97567,0,-1.125844435200867,-0.7935268707399993,-1.6200618715815576,-0.7920307628997267
0.25799,35.94687,1,-0.7196884228359226,-0.8149761459571895,-0.4472645762420555,-0.7622321508947826
10.38784,34.96442,1,-0.9624207142492918,-0.7773588418573524,0.09868522765096345,-0.7968774690949304
0.76894,35.71661,1,-0.49137587150651596,-0.14518534021896115,0.053335477470121524,0.5800957729369887
7.15308,35.60175,0,0.8256270561620611,-0.6389595144324103,-1.3490647892023726,-0.6756205372107583
7.23814,34.5701,1,-0.8374496335216165,-0.7090964369722593,-0.4046171113642842,-0.726909504031386
9.31156,36.49553,1,-0.6812357826120226,-0.7090964369722593,0.38267786723356617,-0.5476571972821639
3.8112,35.52004,0,0.3401624733353229,-0.7652329869453198,-0.583352143432643,-0.4396360052252577
7.75348,34.92683,0,1.0178902572815616,0.07486180634378667,1.388515916421375,-0.26279477572169313
10.64236,34.68694,1,-1.1090214051029108,-0.6569200975511835,0.7255327190974465,-0.7367477918817117
-1.01287,33.39359,0,1.4865318100103435,-0.7935268707399993,1.5981224795101134,-0.8341564413231923
8.87385,36.67235,1,-0.8254331834516477,-0.4751502707907409,1.3147437939408548,0.1890432702909575
-0.34053,35.77246,1,-0.9840503243752355,-0.8618359966351061,-0.883559530418752,-0.8744837558154406
6.10899,36.63084,1,1.8446220220954128,0.4398998206492971,-0.6892119436725055,0.6441305573354933
7.36203,35.76677,1,1.0779725076314053,-0.5402030105390307,-0.9988253280541349,-0.6207000996500739
3.08407,35.2235,0,0.767948095826211,-0.428344908568311,-0.0747844460345209,-0.5779104415407962
10.06741,36.85058,1,-0.9143549139694166,1.5560004697106633,1.6623219493671535,0.7268151228159675
4.62088,34.94804,0,0.2824835129994728,-0.602539540917635,1.119180356337098,-0.726295816987503
4.99707,35.96627,1,1.4000133695065684,-0.1590665059590711,-0.15657924615109792,0.026078053023199543
2.00389,33.40893,0,0.9962606471556177,-0.46916839932337906,1.1296604773745182,-0.6593284374647
3.81501,34.33623,0,1.7124410713257563,-0.7446884232914767,-0.8047345664084101,-0.059664969368832366
-0.61987,33.91108,0,1.3567541492546809,-0.8618359966351061,-0.883559530418752,-0.6643313414733778
-0.33351,35.82713,1,-1.0128898045431605,-0.7055441200721081,0.5513138735749563,-0.6136351199165322
7.83411,33.70285,0,-1.1378608852708358,-0.8618359966351061,-0.883559530418752,-0.828668305151294
5.63869,35.09492,1,-0.2342238400091843,-0.48339404719841134,-1.5312287914204397,-0.5656770642554276
4.62653,34.10825,0,-0.1717382996453467,-0.6729474049853428,-0.3781843938900191,-0.633494063618895
9.23099,36.85633,1,-0.43129362115667214,0.0684265301212114,-1.2568404267915223,-0.1781553063278255
-0.74016,35.21134,1,-0.04917050893166525,-0.7090964369722593,0.11050273285239116,-0.48956284154382795
10.02094,35.216,0,-0.9624207142492918,-0.7681172259766834,1.2979152404647305,-0.8037922182964247
6.34009,36.62943,1,0.3593887934472729,2.239737741246075,0.11363952006803804,2.1576967008130246
8.55787,36.73091,0,-0.39764756096075954,1.6498835162178744,-0.7553946329333731,1.3045355600974593
10.65652,36.51675,1,-0.832643053493629,-0.4985540222039781,1.0965187959120264,-0.05995843576578336
3.22521,36.69323,0,-1.1522806253547984,-0.7955663855340371,-0.883559530418752,-0.8332008213129886
4.14676,33.86672,0,0.280080222985479,-0.31135658530745264,1.5819078800473332,-0.4337974144150955
-1.3505,35.26979,1,-0.5754910219962973,-0.4094663630818068,-1.5258875394450724,0.13445108950384324
5.19103,33.1978,0,-0.7389147429478726,-0.6616620163699825,-1.5191544611184902,-0.5849406308977187
10.06839,33.91635,1,-1.145070755312817,-0.6826395947499344,0.5349801818276599,-0.632531163947564
5.14363,35.2239,0,-0.23662713002317806,-0.8452684910953331,-0.883559530418752,-0.8516921457402836
8.3458,33.41539,0,-1.1402641752848295,-0.8094451392166911,-0.7048244983503932,-0.8190622522128563
1.24559,33.56826,0,1.8542351821513878,-0.6275552912693356,1.6553853046014482,-0.5339907435851353
3.73514,35.19892,1,0.6766230752944484,-0.7118158727596351,0.050501376980089586,-0.7806692912808221
9.67977,33.52926,1,-0.7557377730458289,-0.7412253214939464,-1.601551749842138,-0.8014231934962921
4.04577,33.94205,0,0.3353558933073354,-0.7877444399719243,0.24659030004297866,-0.8074825948299035
10.58764,34.60218,1,-1.1522806253547984,-0.7681172259766834,1.2979152404647305,-0.7448402980703364
6.02556,36.82777,0,-1.017696384571148,2.239737741246075,0.5550499686720627,2.320252694868422
7.82464,36.08714,1,0.885709306511905,-0.44249070260551093,0.07716458610562936,-0.5601061848303989
6.85024,34.79545,0,-0.6908489426679976,-0.7356646061165195,-1.5312287914204397,-0.6242115351465283
-1.242,34.5762,0,1.4985482600803122,-0.31135658530745264,-0.1632719366594528,-0.37510177063036915
9.78279,36.80512,1,-1.1210378551728795,-0.7127333697786606,-0.010969622065359003,-0.7010551313485358
-0.28173,34.53483,0,1.6980213312417938,-0.7412253214939464,1.016218049188404,-0.7434592664858357
10.24698,35.60251,1,-1.0729720548930044,-0.8247899895070685,0.6040603641796963,-0.8646454723631704
8.16513,34.88008,0,1.0467297374494866,-0.47657125959729546,1.4873317408987414,-0.5599569746471802
4.59876,36.65698,1,1.4192396896185184,2.239737741246075,1.6272096974329164,2.320252694868422
-0.27445,35.80783,1,-1.0537457347810544,-0.6522855191670776,1.0403551704156668,-0.42888285150432975
0.21784,36.09118,0,-0.7629476430878102,0.48219555061499864,-0.46175285537189303,0.2520742003272081
4.01679,33.04238,0,0.2248045526636227,-0.7624323943437369,0.861620286288034,-0.7250755079357657
6.02495,35.8716,1,0.8905158865398926,-0.3812590651695632,-1.7370016185328412,-0.46357006733845635
-1.261,34.89928,1,0.251240742817554,1.681233872355567,-0.8871433945086943,1.4157120929464437
0.32677,34.79837,1,1.4192396896185184,-0.2169556367144712,-0.6004769482127965,-0.4605900295120612
10.42055,36.69801,1,-1.1883299755647045,-0.7935268707399993,0.12511809306595462,-0.8190622522128563
8.40549,33.94791,0,-1.1618937854107734,-0.8452684910953331,-0.010969622065359003,-0.8582923882482874
-0.00805,35.77155,1,-1.1138279851308983,-0.33164039081427166,1.2364440934785559,-0.36755456700342976
5.13289,36.32277,1,0.8712895664279425,0.25934303387062657,-0.5228122093469488,0.27580303862492916
7.49367,34.12802,0,-1.1883299755647045,-0.8452684910953331,0.861620286288034,-0.7825540444530108
10.01849,36.83172,1,-1.1018115350609294,-0.6623486383846771,0.03521599321798752,-0.720580371725649
9.57677,35.40035,1,-0.4985857415484972,-0.8618359966351061,-0.883559530418752,-0.6735438529054207
9.6818,33.53398,1,-0.7461246129898539,-0.7412253214939464,-1.0381572193487592,-0.7618363962869626
1.83538,33.21815,0,1.1188284378692992,-0.7726182803056105,1.072994445172299,-0.7176509572749412
2.67953,36.27938,1,0.15991572228579135,0.792070136648383,-1.4787583582106154,0.6660740525845085
0.23215,36.08139,1,-0.44090678121264715,0.017873094309927014,0.14793425154980777,0.14982145537614783
6.07494,36.80362,0,0.08781702186597871,1.7718242355169465,1.63337231631963,2.320252694868422
4.43782,36.07705,0,0.5468454145387857,2.239737741246075,0.22082568288781287,1.3047125519163763
6.98677,36.63197,1,0.18635191243972263,1.0452385703817757,1.5585107583320579,1.7464023914364963
5.51224,36.33555,1,1.3663673093106559,2.2097590624637973,-0.07015715600334593,1.3863400078626196
0.24043,35.73524,0,-1.056149024795048,-0.7935268707399993,-0.7474719632281646,-0.8100446274071215
4.40522,35.26006,0,-0.09242972918355281,-0.7915465172780308,0.4253253321113375,-0.7991200058247293
4.29476,36.89443,1,-0.9071450439274353,2.239737741246075,0.596385495190717,2.320252694868422
5.28256,35.56186,1,0.24883745280356023,-0.2227131790826235,1.5736820797943314,-0.5051969218486123
0.192,34.37881,0,1.3207047990447744,-0.7610612909183923,0.9533618811244157,-0.796325762964733
10.33304,33.61975,0,-1.135457595256842,-0.4863039657224966,1.2632411889612225,-0.577594738576265
7.37241,35.49482,0,1.7460871315216688,0.48219555061499864,-0.432776297112218,0.13672867697513488
8.17237,35.23018,1,1.3976100794925745,-0.6569200975511835,-0.1470571892559465,0.13202544589904283
3.48999,36.63181,1,-0.4433100712266409,0.2131856542087264,-0.3684396862020767,0.006083325520827919
0.96324,33.54296,0,2.255584614488345,-0.7090964369722593,0.7401479313702839,0.167132201024034
10.3309,35.79362,0,-1.0825852149489794,-0.5876257974236746,-1.1261093864562728,-0.5794939947756002
4.62664,35.15442,0,0.3209361532233728,-0.2949290314518506,-0.07602448520074984,-0.5320620450444218
3.63155,33.55536,0,0.6742197852804547,-0.7789992891133342,0.5041502221513163,-0.7797396549813113
-0.69501,33.3959,0,1.5466140603601872,-0.5305402928591091,-0.3684396862020767,-0.5486649641544098
9.4308,35.84823,1,0.9554047169177239,2.055378946963604,0.05772428705081199,1.3290293363199397
1.95107,35.5352,0,0.8424500862600174,-0.7652329869453198,0.5614128993019251,-0.8037922182964247
-0.68139,33.83434,0,1.363964019296662,-0.7955663855340371,-0.883559530418752,-0.8025991208924192
10.16806,36.35553,1,-0.6259601122901661,0.5567466468804921,0.2581617798168904,0.08438672423692242
3.46029,35.53453,0,0.5588618646087545,-0.7506998056225674,0.24659030004297866,-0.7338252454341552
9.80732,36.82311,1,-1.1282477252148608,-0.8452684910953331,0.861620286288034,-0.8392373633143897
0.27079,35.99985,0,-0.9023384638994478,1.7264225821524803,-0.06738711384771834,1.40535739599851
0.0592,34.59511,0,1.472112069926381,-0.5207495732619785,-0.6018622651720625,-0.6175974792264486
-0.05511,34.35677,0,1.3663673093106559,-0.8247899895070685,-1.4985895166638075,-0.846218533706197
8.59291,33.30209,0,-1.1018115350609294,-0.7570555770188393,-0.18970465413371784,-0.7064149744882068
3.91796,34.66777,0,1.2341863585409993,-0.6206304526971439,-1.601551749842138,-0.6427325974645176
10.85727,35.05137,0,-1.036922704683098,-0.7877444399719243,0.6040603641796963,-0.7606567323030554
6.9829,34.05301,0,-1.2195727457466234,-0.7090964369722593,-0.48991204111982684,-0.6994774750262737
5.21183,33.45371,0,-0.7100752627799476,-0.7681172259766834,1.2979152404647305,-0.8304355422859543
8.27153,33.98028,0,-1.145070755312817,-0.7773588418573524,0.9712751360043564,-0.8236747918702857
3.32504,35.28049,0,0.9962606471556177,-0.5720593868588844,0.5614128993019251,-0.5364861931236052
6.30459,36.3324,1,1.303881768946818,0.4124710511210481,-1.304569137818528,0.5808886332352158
4.52562,36.57353,1,1.3807870493946184,2.239737741246075,-0.6421434921061154,2.320252694868422
-0.31541,34.73044,0,0.7751579658681923,-0.6522855191670776,0.6828852542196752,0.2792603463752358
11.07044,36.86732,1,-1.0897950849909606,-0.5720593868588844,1.434002955596044,-0.6619246130247975
2.67358,33.03923,0,0.6934461053924047,-0.8094451392166911,1.5554753105137944,-0.8278054067020777
10.27772,36.15856,1,-0.871095693717529,-0.5301265668368357,-1.7283971639913687,-0.19067072210326214
5.68628,34.79138,1,-1.0297128346411168,-0.7773588418573524,1.6245553449251047,-0.8140626414679847
3.32841,36.75834,1,-1.185926685550711,-0.6458371821575064,1.4193875953824808,-0.5839722987484853
-0.14608,35.0822,0,0.2079815225656664,2.239737741246075,-0.1641820680064631,1.8048067643334758
11.10793,33.47933,1,-1.195539845606686,-0.7624323943437369,-0.883559530418752,-0.7738875814928314
3.40615,36.4257,0,0.49397303423092315,2.213807472107063,1.1866241663176647,1.5460127494557034
1.19637,36.13722,1,-1.0225029645991355,-0.6133463028779537,-0.883559530418752,-0.730958388921988
4.19298,33.84379,0,0.2824835129994728,-0.5632008848114909,0.17751011769094227,-0.6323390287446495
4.96839,36.64627,1,0.08781702186597871,2.239737741246075,0.12779434080123037,2.320252694868422
4.9199,33.9308,0,-0.4625363913385909,-0.7446884232914767,0.4253253321113375,-0.777450928115564
8.95712,33.46772,1,-1.1042148250749233,-0.7789992891133342,0.34650044207135866,-0.761441922392845
0.23872,34.24351,0,1.2486060986249619,-0.6766151128527891,1.6343002005537732,-0.7387287463562386
-0.26825,35.80648,1,-1.084988504962973,-0.40976949122844997,0.26479721726424194,-0.32926499907375506
10.19414,36.72446,1,-1.173910235480742,-0.7610612909183923,-1.6644080658468525,-0.7894450723034566
4.61025,36.65467,1,1.3231080890587683,2.1573076864462557,-1.5945308528329147,1.8282088658255373
2.46939,36.49263,1,-0.960017424235298,-0.6826395947499344,-0.33760972652573307,-0.7214694825844338
-0.94443,34.72264,1,1.284655448834868,-0.33164039081427166,-0.02832366100061535,-0.3023644944026945
6.58394,35.98108,1,0.6598000451964922,-0.8121336448267868,-0.883559530418752,-0.8488496051962409
2.04223,33.2363,0,0.85686982634398,-0.8021013006702323,-1.4295092973265895,-0.816160415328081
5.88904,34.43861,1,-1.1210378551728795,-0.6111476853615682,0.935253936248918,-0.6106125792837496
2.65961,35.79719,0,0.38822827361519796,-0.6616620163699825,-0.6465645527650972,-0.44039846616527384
1.78188,36.18853,0,-0.5418449618003848,-0.20851960924501103,-0.7987616075325659,-0.15429755223324707
9.74561,36.7436,1,-1.0825852149489794,-0.4667316783861066,-0.5633785180602099,-0.6461624332022188
6.12171,36.77578,1,-1.1234411451868733,0.4842139230661915,1.264143331509023,0.5390364857036521
2.02213,36.5678,0,-1.195539845606686,2.224575020683147,-0.010969622065359003,2.320252694868422
10.88345,35.6285,1,-1.195539845606686,-0.8287010282125248,-0.010969622065359003,-0.7290765560585163
3.0109,36.81153,0,-0.7725608031437852,0.834365122056156,0.38326400839040214,1.860082930680336
10.5534,35.54215,0,-0.9407911041233479,-0.654259094049572,-0.6061684498572223,-0.5761779595983126
9.59556,36.00368,0,0.8712895664279425,1.4064006642974578,1.317847886256032,1.7321435161725556
7.88514,35.51979,0,0.9361783968057739,-0.6834069392533778,-1.0949338372437432,-0.6313805763868345
10.02835,36.68429,0,-1.027309544627123,-0.30640186252571244,-0.983469598476769,-0.07202292772775798
1.40242,35.11944,0,1.7292641014237127,-0.4612177926000581,-0.5951697226044338,-0.5966468607936669
9.71086,34.06322,0,-0.9359845240953604,-0.4270817660425998,1.342857857767326,-0.48833878886742205
10.95177,36.93441,1,-0.9576141342213043,-0.5264260208624176,0.3080612990884273,-0.3838250916494244
10.99187,36.7899,0,-1.1498773353408045,-0.7935268707399993,1.5981224795101134,-0.7991200058247293
5.77475,36.45286,1,-0.02994418881971522,2.239737741246075,1.679745224562228,1.4284280318958567
10.00825,36.75171,1,-1.1138279851308983,-0.8149761459571895,-1.3198544845954485,-0.8322627372288638
7.98963,36.75656,0,-1.183523395536717,-0.6928871161478273,0.9712751360043564,-0.7700115155462809
4.28915,34.12441,0,-0.046767218917671494,-0.4740879107197503,-0.20471472020453477,-0.62272728648188
5.18958,36.16764,0,0.9505981368897364,-0.13100790246979968,-1.6292177751795942,-0.2851552488341681
8.92174,33.19846,0,-0.9720338743052668,-0.7412253214939464,-1.0381572193487592,-0.7626292002900819
-0.34617,33.47418,1,1.520177870206256,-0.6206304526971439,1.579612431741057,-0.7393950833996897
4.99468,35.96657,1,1.3711738893386434,-0.16336328771798778,0.2937539514666186,-0.3301375732446241
4.97307,36.43886,1,0.8208204761340736,2.239737741246075,0.9348823091449372,2.320252694868422
-0.71218,34.39025,0,1.6739884311018562,-0.5506059428928758,0.23336647029917773,-0.6654340641187021
8.74369,35.82674,0,0.7535283557422485,0.029289401027716374,0.6502459794630429,0.0983249425668458
5.43972,36.51479,0,1.6163094707660062,1.3538408310083305,1.6763819400949114,1.6500051258279376
6.52635,36.36713,1,0.36419537347526043,1.243726669845655,0.590466682620628,2.320252694868422
6.93637,36.88166,1,-1.1282477252148608,-0.7282680125385013,0.05811056028667739,-0.06650088430874397
0.79204,36.03181,0,-0.9455976841513355,-0.010862312336356776,1.603363131791728,0.1402301200899551
8.62162,36.64675,0,-0.45532652129660967,-0.6986714470897822,1.5018831907186265,-0.3597468296176012
8.35179,34.29459,1,-0.7220917128499164,-0.4143408907699974,-0.9041244748734348,-0.4943733992429369
7.46853,33.83704,0,-1.0801819249349855,-0.6686380898346296,0.28923776492075,-0.6070988356878755
-0.59306,35.51101,1,-0.960017424235298,-0.7446884232914767,-0.4472645762420555,-0.8008414398523076
7.23919,34.57041,1,-0.8374496335216165,-0.7090964369722593,-0.4046171113642842,-0.726909504031386
10.0811,33.92797,1,-1.1787168155087295,-0.7046686130179255,0.16776541000299983,-0.7626292002900819
-0.30836,35.83515,1,-1.1883299755647045,-0.7877444399719243,0.6040603641796963,-0.6932971306904467
9.61224,37.04377,1,-1.084988504962973,0.041165037940900165,0.12264911028795476,-0.06827812086192696
0.45696,35.98647,1,-1.1498773353408045,-0.7458657555159275,0.861620286288034,-0.7869280054435923
10.8088,34.86583,1,-1.1402641752848295,-0.7773588418573524,0.9712751360043564,-0.8437577584356865
4.0659,34.2047,0,0.08781702186597871,-0.49405214575900497,1.3867483206258484,-0.4515494011179025
-1.65646,34.62424,1,1.4985482600803122,1.4532249196773235,0.4867963311567861,1.524149080669546
0.43112,35.95964,1,-0.40726072101673455,-0.411288141216627,-1.5903308895890997,-0.040406075220488454
1.40282,34.49321,0,1.2798488688068805,-0.7877444399719243,-1.4985895166638075,-0.7721483511743006
2.78955,35.144,0,0.8064007360501111,-0.4049439182240586,0.4110847057570031,-0.49886718437046645
7.36168,35.76794,1,1.0779725076314053,-0.5402030105390307,-0.9988253280541349,-0.6207000996500739
8.53063,34.93699,1,0.5901046347906733,-0.4527513313252702,1.4262881426110159,-0.6643313414733778
9.59132,36.70177,1,-0.871095693717529,-0.07669631051437899,1.5554753105137944,-0.2914073272111066
7.32544,34.36659,0,-1.0056799345011793,-0.5797351276135985,-1.7235100900451497,-0.728144140188058
-1.73234,35.09145,1,-0.6019272121502286,1.3231260791556065,-0.10339854951523378,1.0360846824280174
8.95615,36.49926,1,-0.8542726636195728,-0.8287010282125248,-0.883559530418752,-0.8213262866369455
-1.37747,33.40574,0,1.5321943202762247,-0.8287010282125248,-0.010969622065359003,-0.7494262945844391
-1.08072,33.76667,0,1.2702357087509055,-0.5876257974236746,1.4916601906631801,-0.3419657383440627
8.78736,35.78741,0,1.2221699084710305,-0.34313568271897676,-0.17287624859831968,0.5377098351932844
7.30695,36.75873,1,-1.1138279851308983,-0.7506998056225674,0.24659030004297866,-0.7747675514334875
6.79894,36.09052,1,0.8184171861200799,0.3055145601331684,0.49785593601836764,0.047826091657939995
4.16247,36.62796,1,-0.6139436622201974,2.239737741246075,-0.15829432298885643,2.320252694868422
8.97994,35.8811,0,1.1404580479952429,0.3432583111099577,-1.4951814801268433,0.038328487726230966
-1.37439,34.86016,1,0.6790263653084422,-0.1138032783228131,-0.2520341532127654,0.0950196316075938
7.70651,36.78663,1,-1.1715069454667484,-0.8121336448267868,-1.756149438772145,-0.8269554842752088
2.75859,36.6699,1,-0.8951285938574666,0.5282567582111334,0.02205725739367367,0.3210182558963455
-1.77249,35.01464,0,-0.5322318017444098,-0.576832468529316,-0.5390060231377111,-0.07291711922002148
5.85745,35.82631,0,1.0299067073515302,-0.41128811019337996,1.3849088256374338,-0.1423302256273318
9.76671,35.84506,0,-0.015524448735752695,2.239737741246075,1.2172718630194443,2.1464759599267267
-1.53539,33.16776,0,1.7460871315216688,-0.5288884910947176,0.04439719468018837,-0.661707102802043
8.72626,34.43539,1,-0.64758972241611,-0.7046686130179255,-0.7048244983503932,-0.7494262945844391
8.04187,35.39044,1,1.2317830685270055,0.8353191489485489,0.7085059250483389,0.34644675608870384
8.17088,35.91295,0,-0.04436392890367774,-0.8094451392166911,-0.18970465413371784,-0.7229622036628056
0.96903,33.64413,0,2.1906957841105132,0.8132348162311192,1.3482775183275302,0.13824436645748833
-0.33331,35.82641,1,-1.0152930945571543,-0.5402030105390307,-0.1262354197007419,-0.5951367445269854
9.21868,36.91677,1,-0.5130054816324597,-0.07756762943021366,0.05956481762430926,-0.405469434695601
3.33004,33.06416,1,0.6309605650285671,-0.6888738558434364,0.1509370044676017,-0.6225423570527635
5.68566,34.28984,0,-1.008083224515173,-0.7955663855340371,0.861620286288034,-0.7991200058247293
7.42774,35.18002,0,1.4168363996045246,-0.5363877405971286,-1.6132040792228672,-0.5949694636141637
0.53154,36.11901,0,-0.5250219317024285,0.7572453009373151,0.5711235806228628,0.8586930556555117
5.27385,34.74431,1,-0.7365114529338789,-0.6365106323823055,1.568391719428745,-0.6708063625509734
6.57368,34.42782,0,-1.2387990658585735,-0.8452684910953331,-1.756149438772145,-0.8704086057386067
4.03441,34.61528,0,1.2245731984850243,-0.6229163696306468,-0.33760972652573307,-0.6393507533062143
7.28599,36.89282,1,-1.1474740453268109,-0.20517573754159454,1.407570090181053,-0.34644592820305903
6.38868,33.4283,0,-0.9720338743052668,-0.7506998056225674,-0.6259996083104143,-0.7150578216506648
5.70558,35.36538,0,0.6646066252244797,-0.29083638265833284,-1.5926997904658884,-0.5764922270375951
2.72733,36.43017,1,-0.7148818428079351,0.258005807831029,0.14700843848583012,0.16348979495928756
10.68442,35.32538,1,-0.9407911041233479,-0.7557539501551984,1.2364440934785559,-0.720580371725649
1.87912,34.78909,0,1.3183015090307808,-0.517149821817132,1.3927600399719327,-0.6777180929273119
4.43402,34.34646,0,-0.198174489799278,-0.6365106323823055,1.568391719428745,-0.5788595770582705
9.35777,37.12459,1,-0.7989969932977165,-0.07669631051437899,0.6828852542196752,0.44683072864130163
-2.0957,35.04974,0,-0.7701575131297914,0.5018464198360931,1.046740292154445,0.8341137108691785
10.09173,35.90415,0,-1.068165474865017,-0.8094451392166911,1.0403551704156668,-0.7820796033582661
7.24027,34.56991,1,-0.8374496335216165,-0.7090964369722593,-0.4046171113642842,-0.726909504031386
4.21252,36.64793,1,0.18635191243972263,2.1363615346155362,-0.4151281520134609,2.320252694868422
7.24118,34.57389,1,-0.8374496335216165,-0.7423685203908622,1.1882603907484082,-0.7247718943456342
2.28856,35.88871,0,2.911682788308639,2.239737741246075,-0.38516187029613,2.320252694868422
4.18329,33.09405,0,0.00610516139019109,-0.6602957991060436,0.9533618811244157,-0.643133559369809
3.98052,36.41054,1,0.25364403283154774,0.8810946944861133,-1.692937103410054,0.17483663688705323
9.68217,33.52951,1,-0.7557377730458289,-0.7412253214939464,-1.601551749842138,-0.8014231934962921
3.42758,36.72501,1,-0.9936634844312106,-0.6095112711276991,-0.23589026941706437,-0.2650569946285559
7.12355,36.49892,1,1.6139061807520125,2.239737741246075,1.6644531834674512,2.320252694868422
6.34419,36.62729,1,0.13107624211786628,2.239737741246075,0.8541892236156791,2.162306819780819
9.8424,37.2882,1,-1.027309544627123,0.7579124248412569,1.6489821340940847,0.7504916066634364
5.92265,36.4618,1,0.14309269218783505,2.239737741246075,-0.5212731080028946,1.7953235156542553
2.0535,34.43884,1,1.5442107703461936,-0.17581750818811512,1.5427559586460182,-0.28823250831173036
5.44605,36.33198,0,1.491338390038331,0.44562683614238063,-0.7270329903017618,0.8627698347720276
5.11677,36.54544,1,1.3783837593806245,2.239737741246075,0.13012085665998915,2.320252694868422
4.49593,35.70698,1,-0.06839682904361528,-0.7202873598004403,-1.5568494622491034,-0.7674988959999326
-0.59267,35.51208,1,-0.960017424235298,-0.7446884232914767,-0.4472645762420555,-0.8008414398523076
9.60025,37.0384,1,-0.9480009741653292,-0.09235324691397681,-0.1934835041006691,-0.138427060623265
7.18411,36.29982,1,0.4386973639090668,-0.03861670186533928,-0.30351530678711225,0.9321937498400351
5.55619,33.59226,0,-0.8182233134096665,-0.7726182803056105,-1.5447751319471539,-0.7501457460620976
11.01364,35.33965,1,-1.193136555592692,-0.8384060150665126,0.4253253321113375,-0.8623229701919665
3.06621,35.01507,0,0.8112073160780986,-0.7127333697786606,-0.010969622065359003,-0.7654456163856621
9.30559,36.67222,0,-0.43610020118465964,1.616826385122069,-1.7524706707064053,0.8152538364449068
5.87382,34.28275,0,-1.1474740453268109,-0.7652329869453198,1.161827525333417,-0.6863304140675665
4.11594,33.41089,0,0.3161295731953853,-0.5886281585349264,0.12511809306595462,-0.6473847970253908
5.74574,34.21841,0,-1.0946016650189483,-0.8149761459571895,0.4253253321113375,-0.7816073507358372
5.06784,36.50076,1,1.0202935472955552,0.3579562568976392,-0.2685295441736967,0.834198266121091
4.12192,34.59041,0,1.8734615022633379,0.1802173736923894,-1.756149438772145,1.337496796074053
-0.6558,34.84726,0,0.8064007360501111,-0.5886281585349264,0.9977080014193477,-0.44610408793081713
1.83551,34.91366,0,1.666778561059875,-0.3337118130178706,-1.3568336375376115,-0.293533368252206
3.72603,35.19995,1,0.6838329453364297,-0.7090964369722593,-0.13244197698310917,-0.7894450723034566
4.12527,36.62028,1,-0.45532652129660967,2.239737741246075,0.33089713368885265,2.320252694868422
9.00747,35.27291,0,0.3113229931673978,-0.6569200975511835,1.5981224795101134,-0.6375791462638111
4.58388,36.53782,1,-0.017927738749746448,2.239737741246075,0.6502459794630429,1.7808360822526546
2.55755,35.86921,0,0.9986639371696114,0.5415612638356151,1.3256677371565961,-0.0344059737460538
5.0336,33.91217,0,-0.5466515418283723,-0.47942918315937344,1.032745987109079,-0.5205715661491096
8.83804,34.00563,0,-1.1402641752848295,-0.7877444399719243,-0.6259996083104143,-0.7991200058247293
8.73838,36.70109,1,-0.529828511730416,0.5405945794584376,-1.3013443998412104,0.8801076020716568
6.02924,35.86618,1,0.8544665363299861,-0.7046686130179255,0.16776541000299983,-0.7256844943381475
8.53113,34.93739,1,0.6117342449166171,0.21508576604227483,1.6312478874927334,-0.07369286580547796
9.43377,35.48584,0,-0.2919028003450344,1.8257478507451212,-0.010969622065359003,2.320252694868422
4.99592,35.96673,1,1.3423344091707183,-0.3625184180160679,-0.06633643881090638,-0.28056877381164913
7.61984,36.20557,1,1.335124539128737,1.0197851130378544,-1.0515242557154316,1.4496330479207777
1.72548,35.57133,0,1.0443264474354927,0.13294272281227124,1.6972309307437197,0.03454410539961795
5.40873,34.77626,1,-0.7893838332417414,0.8538911537312376,1.723528578335049,0.46786044170053953
6.91131,34.41634,1,-1.1594904953967795,-0.7282680125385013,-0.8144793480667156,-0.7476442447995394
6.45907,36.89543,0,-0.22941725998119677,2.239737741246075,0.7392987516024296,2.320252694868422
6.47715,36.95296,1,-0.6620094625000725,1.3642189757878058,0.902693957721479,0.5377438374383944
5.84275,34.65003,1,-1.1402641752848295,-0.8452684910953331,-1.756149438772145,-0.8672816332828035
2.06183,33.68871,0,1.5057581301222935,1.0109096102510933,1.4919554803524897,0.4148902355593014
9.57037,35.63697,1,-0.2534501601211343,-0.05369921182309439,0.5223571393725795,-0.3558862237150297
-0.67191,34.75221,0,1.032309997365524,-0.4402084153919095,0.4253253321113375,-0.5479448089879039
7.21203,36.74678,1,-0.8542726636195728,-0.6172415662622998,-0.6091711288046532,0.06035805819506924
3.86287,33.62218,0,0.5252158044128419,-0.8618359966351061,-0.883559530418752,-0.7622321508947826
3.67587,36.78822,1,-1.1378608852708358,-0.02104004694007566,0.3399395667499651,-0.23581573937525438
2.98269,34.06391,0,0.9842441970856489,-0.5725331428641436,0.2181276878657994,-0.30311344451683914
0.32899,33.07641,0,1.5994864406680498,-0.7610612909183923,-0.1027109210202884,-0.8093959036955227
5.25219,33.37685,0,-0.8158200233956727,-0.6439399244626839,0.7768224373722109,-0.6638918033454679
3.18534,35.97259,0,1.4480791697864435,1.0146371154271727,0.7931450335650492,1.4308957842412902
3.31635,36.67196,1,-1.068165474865017,-0.678851051335341,-0.9339218082815516,-0.7674988959999326
3.23437,35.7666,0,0.7054625554623735,-0.3551626820543765,1.6245553449251047,-0.5460796394763404
5.17227,35.62548,0,0.25364403283154774,-0.5572883813244681,-1.5391641100577305,-0.6340735654585676
0.97653,36.36666,0,0.09743018192195374,2.239737741246075,-0.5014165037448122,2.320252694868422
5.79498,33.07775,0,-0.9744371643192605,-0.5802217582663715,-0.28314475644653403,-0.6147099905572734
6.38724,36.70623,1,-0.5346350917584035,-0.01198709118035385,-0.8185046672833612,0.2789691880777045
10.47524,36.70105,1,-1.185926685550711,-0.8618359966351061,-0.883559530418752,-0.8392373633143897
7.35999,35.93291,0,0.9001290465958676,-0.6766151128527891,-0.6259996083104143,-0.62272728648188
3.42786,36.7218,1,-0.9912601944172168,-0.8021013006702323,-1.2101996718643075,-0.18124607663125933
5.77186,36.45974,1,0.5300223844408294,0.9644592470443258,0.28923776492075,2.320252694868422
4.05301,35.7334,0,0.015718321446166104,-0.7652329869453198,1.434002955596044,-0.8037922182964247
3.90921,36.34667,1,0.25845061285953524,1.086247704247018,-0.11970309693948701,1.347363977388456
0.36385,33.23614,0,1.8566384721653815,-0.3418164811858984,1.2226285008303268,-0.45581991984790515
6.80904,36.05953,0,0.8112073160780986,-0.5999075906868587,-0.3473545821544016,-0.5262031317003446
3.74764,35.2472,0,0.6429770150985359,-0.8452684910953331,-0.883559530418752,-0.8516921457402836
2.41084,36.27028,1,0.563668444636742,2.0391068816220717,1.4275562905152053,2.122348101904933
9.99904,36.68998,0,-1.0417292847110855,-0.3224179860793206,-1.0569013833168799,-0.45255702725237895
8.03182,36.84272,1,-1.1186345651588858,-0.5962666713932151,0.8269459389030738,-0.5936344814278418
0.91652,33.96104,0,1.4384660097304685,-0.6458371821575064,0.5467976870290877,-0.6948233192104045
6.15165,35.77545,0,0.7895777059521548,-0.7136565285402676,0.24659030004297866,-0.7410744790555198
2.79698,35.05329,0,1.1164251478553053,-0.08898393614800301,1.638556751125324,-0.32431716575428066
-1.19346,33.40889,0,1.5249844502342436,-0.7446884232914767,0.9404451763280128,-0.7894450723034566
6.11709,36.55596,1,0.9554047169177239,2.239737741246075,1.3263293280837467,1.7465129550282117
6.28862,35.50483,0,1.6427456609199376,-0.5077296438824214,0.09358896551802927,-0.3506008449291985
6.37233,36.73657,1,-0.9768404543332543,-0.3505857913981063,0.6201576466466737,-0.5470826775595313
9.68194,33.53264,1,-0.7557377730458289,-0.7412253214939464,-1.601551749842138,-0.8014231934962921
7.2394,34.57162,1,-0.8374496335216165,-0.7423685203908622,1.1882603907484082,-0.7247718943456342
9.36973,36.90074,1,-0.3015159604010094,-0.3804043126676378,0.6040603641796963,0.47677871267789934
9.3332,35.98091,0,0.8616764063719675,1.4438487016836419,-0.046631769678535794,1.1170856864146843
3.83097,36.36121,1,0.26806377291551026,-0.017795511673620732,0.861620286288034,0.6619480715437771
8.2681,36.37934,1,-0.22701396996720302,2.239737741246075,1.460630511006592,2.320252694868422
6.72722,33.65067,0,-1.106618115088917,-0.7935268707399993,0.12511809306595462,-0.6647717662492355
0.92181,35.96948,1,-1.027309544627123,-0.36776057118145855,0.1206017585793599,-0.5286439468366966
5.12616,34.60212,0,-0.7989969932977165,-0.7506998056225674,0.24659030004297866,-0.6512979825586457
-0.92235,35.45694,0,-0.9936634844312106,-0.7935268707399993,-1.6200618715815576,-0.8025991208924192
4.96016,36.57254,1,0.7727546758541985,2.239737741246075,1.5586403544081275,2.320252694868422
4.39905,36.67565,1,-0.13088236940745288,0.4991565802263755,-0.7818399993397203,0.564947547560055
7.32023,35.68451,0,0.8809027264839175,-0.7789992891133342,-1.2410295205851067,-0.8068553195543757
2.91434,36.69888,1,-0.7557377730458289,-0.39544280063786996,-0.170986749644481,0.120965709021047
3.06358,33.93134,0,0.7270921655883172,-0.678851051335341,0.8112580084252345,-0.7164935017110604
10.93469,33.25238,0,-1.154683915368792,-0.6229163696306468,0.31567048239501505,-0.635430981245347
2.65276,36.47698,1,-0.9936634844312106,-0.7136565285402676,0.24659030004297866,-0.6971359363125235
0.40302,35.02603,0,0.4723434241049793,0.48017370356013933,0.820546614854589,-0.009876281244798382
9.87802,37.00009,1,-1.1618937854107734,-0.517149821817132,0.5201701316185398,-0.4475421464595171
4.59346,35.66574,0,-0.12367249936547162,-0.8247899895070685,1.119180356337098,-0.7618363962869626
8.12418,36.57162,1,0.0998334719359475,0.5885917617616772,-0.9597008496575128,0.4236147387756204
8.9405,33.0037,0,-0.9143549139694166,-0.6458371821575064,-0.8409121395113438,-0.7354418016759058
3.01006,34.63724,0,1.5514206403881747,0.053481949519712114,-0.13244197698310917,-0.3138712707317143
7.53065,36.13607,1,0.7174790055323422,-0.7090964369722593,0.11050273285239116,-0.6839009705429897
7.59227,35.4552,0,1.4192396896185184,-0.4740879107197503,-0.6898144322795763,0.5476129327864625
1.16987,35.93216,0,-0.26546661019110307,0.0468938527823109,1.4131811860408396,2.320252694868422
7.2434,33.42159,0,-1.036922704683098,-0.8247899895070685,-0.2685295441736967,-0.8488496051962409
4.69235,33.3265,0,-0.16933500963135295,-0.7935268707399993,0.7255327190974465,-0.7272172553119408
10.25908,36.12305,0,-1.0537457347810544,-0.6127948336389066,-0.04794888596306648,-0.6735438529054207
5.85583,35.23192,0,1.6595686910178937,1.04945810425561,-0.46081091676876973,0.7049794889934934
5.63576,35.14898,1,-0.1717382996453467,-0.580709319616555,-0.4472645762420555,-0.41280237914226114
10.88787,36.79297,0,-1.1522806253547984,-0.8247899895070685,-1.4985895166638075,-0.840323901116222
2.62642,35.31759,0,0.6045243748746358,-0.6834069392533778,-1.0949338372437432,-0.7458851211972904
-0.25192,35.76586,1,-1.0225029645991355,-0.535545986835705,1.0939469943293822,-0.5820448949952511
9.80416,36.50579,0,-0.657202882472085,-0.4143408907699974,0.8821852307427168,-0.44379100639405883
7.35133,36.71458,1,-0.7004621027239726,-0.5436327856134486,0.36385433306588894,0.5523031033975454
3.17648,36.52435,1,-0.7196884228359226,2.239737741246075,0.14562371328946852,2.320252694868422
8.1285,36.58551,1,-0.14770539950540915,0.8676653513156187,1.2000154649634187,0.359004956146067
8.144,36.58045,1,-0.10684946926751535,0.972616003244102,0.901587952853103,1.4507733616243341
1.03301,33.13616,0,1.5802601205560998,2.239737741246075,-1.390618047484675,1.921710761449829
10.45181,35.94981,0,-1.1691036554527545,-0.6616620163699825,-0.6465645527650972,-0.7438032436682586
9.40354,36.89553,1,-0.4793594214365472,0.3744578942671276,0.276499032817854,1.0417716142177718
5.54056,36.51737,1,0.6670099152384734,1.8627230938467036,0.09999539072136711,2.320252694868422
1.43757,33.51793,0,1.8974944024032754,1.3133378724414846,1.439046254949032,0.7382193857536871
10.76075,33.7401,0,-1.1787168155087295,-0.7789992891133342,0.861620286288034,-0.8269554842752088
7.98334,35.268,0,1.7436838415076752,-0.3795510492815694,1.579612431741057,-0.46449125233490896
5.4203,33.47592,0,-0.676429202584035,-0.6961677004273207,-0.010969622065359003,-0.7526947885431912
8.84923,36.60418,1,-0.823029893437654,-0.565506346390617,1.4766501245923633,-0.7191091694522329
7.14611,35.07605,1,1.9287371725851943,2.1064988052189997,1.341226367439818,1.4928197272778008
9.68395,36.73,0,-1.0946016650189483,-0.5203477291433142,1.512827845636023,-0.6306163984460306
9.33752,36.90113,1,-0.49618245153450347,-0.2246439418842288,-1.5179598397551761,-0.10915523712642913
4.66263,35.94634,0,0.6477835951265234,-0.3476459664638926,1.5894433888723198,-0.06166271385926013
3.17509,36.52155,1,-0.7196884228359226,2.239737741246075,0.14562371328946852,2.320252694868422
10.64058,34.68747,1,-1.097004955032942,-0.6293187456997561,0.8220082692285262,-0.7173608404369042
7.84476,33.05536,0,-0.9840503243752355,-0.8021013006702323,-1.2101996718643075,-0.6471806428169613
6.02391,35.87152,1,0.8953224665678801,-0.2879649950070477,1.3092504588990495,-0.45514280229131077
9.05544,34.29713,0,-0.43129362115667214,-0.4395586024598055,1.267085280788387,-0.4194176172596046
3.87981,36.30302,1,0.3954381436571792,-0.18546120861761276,0.19787978038716386,-0.19965953085069282
6.12851,36.60406,1,0.15510914225780384,2.239737741246075,1.340562705342502,1.4488865747913762
9.26781,36.67728,1,-0.4745528414085597,0.10765722532772208,-0.6387189601781904,-0.21013042090112152
0.92927,35.96969,1,-1.056149024795048,-0.8287010282125248,-0.010969622065359003,0.011880201656111773
4.49692,33.80477,0,0.10704334197792875,-0.5077296438824214,-0.11552820964874727,-0.6550668133617294
8.52943,34.06373,0,-0.969630584291273,-0.5841459818518117,-1.5878944537708435,0.27367350728714623
8.17606,33.24169,0,-1.0897950849909606,-0.8121336448267868,-0.883559530418752,-0.7325444050677581
4.93858,33.87455,0,-0.4096640110307283,-0.4740879107197503,0.6678751881488583,-0.5693432831507726
7.30791,34.62531,1,-0.6355732723461411,-0.2908363206118388,-0.5971679579919611,-0.4943733992429369
0.12394,35.55246,0,-0.24143371005116557,0.5235644300526977,1.4351388444910937,0.4586666624656163
8.12759,36.57911,1,-0.20057777981327174,0.5215064719383059,0.3783606609643115,0.8909906849013826
3.32742,33.12814,1,0.6718164952664609,-0.3781323251720474,-1.2524424818709947,-0.30989773684289995
7.23981,34.57264,1,-0.8374496335216165,-0.7423685203908622,1.1882603907484082,-0.7247718943456342
-0.3769,34.94512,0,0.8039974460361173,-0.010701736009775552,1.119180356337098,0.23508264794053663
5.7063,34.98104,1,-0.6523963024440975,-0.6986714470897822,1.5018831907186265,-0.711941394851852
8.04651,34.63138,0,0.5083927743148856,-0.5475361305536437,-1.5774144067037863,-0.5164702142180398
8.94162,36.11072,0,0.2031749425376789,0.2896631700212423,-0.679591580164856,-0.22464329969144695
-0.42115,34.43231,0,1.7004246212557876,-0.7090964369722593,1.2552677755869592,-0.5376010614384369
5.51589,36.21292,1,1.558630510430156,-0.6602957991060436,-0.9753009773144076,-0.5893375602922818
8.21332,36.62238,0,-0.4385034911986534,0.3944229669340518,-0.5670552889261473,1.9174476455265017
6.56491,37.02149,1,-0.5778943120102911,2.239737741246075,1.099265463432929,2.320252694868422
5.87944,35.65054,0,1.0202935472955552,-0.44775469613680446,-0.16861955008604276,-0.6313805763868345
6.81856,36.45682,1,1.0539396074914678,2.239737741246075,0.0709328788998239,1.6002875384250526
6.40546,36.2226,1,0.36419537347526043,-0.7789992891133342,-0.010969622065359003,-0.7191091694522329
7.36858,36.84357,1,-0.969630584291273,-0.6888738558434364,-1.0454660829813496,-0.3354022354307856
1.68114,33.81938,0,2.2099221042224633,-0.030685546717900518,-0.35295147570448193,-0.24840051072349814
-0.62397,34.69275,0,1.8181858319414814,2.163624019539752,-0.16597939988793714,1.220150994951701
3.09565,35.55123,0,0.40505130371315423,-0.7877444399719243,-1.4985895166638075,-0.8113593785390785
4.17174,36.62988,1,-0.11646262932349036,2.239737741246075,1.6871372308828907,2.015285615533827
9.75476,35.39251,0,-0.676429202584035,-0.49592117229903826,0.039392655797440536,-0.6994774750262737
5.51964,36.12455,1,1.1837172682471304,-0.7282680125385013,1.6651301602301167,-0.7915078587540565
7.38627,36.55064,1,-0.3327587305829282,0.7494660356072917,-1.4373994940424175,0.37655292937821394
5.86639,36.05551,1,1.5634370904581436,1.192489791902496,0.7991662211176044,2.320252694868422
9.58444,36.6621,1,-1.0513424447670605,-0.5921658634857307,0.4011880629433488,-0.7050599934648397
9.37979,36.78934,1,-0.383227820876797,0.3395268349582595,-0.3439702901039777,-0.014648980483913152
-0.56482,34.74291,0,1.1308448879392679,-0.33086574033615473,-0.04564367356886709,-0.5128046990115424
5.32825,36.64039,1,-1.164297075424767,-0.8247899895070685,-0.6259996083104143,-0.5822050264293825
1.24027,36.11288,0,-0.9263713640393854,-0.46812226441058047,-0.7418036882777376,-0.5465091430012853
7.43451,36.88206,1,-1.1210378551728795,-0.47942918315937344,-0.712433755627344,-0.4843259609933648
5.75964,34.85579,1,-0.9552108442073105,-0.7193212183300857,-1.4115958945059226,-0.70943289892215
7.77293,34.50336,1,0.11905979204789752,-0.5492865862435623,-0.5732531177056743,-0.5718113451192988
6.66623,33.63876,0,-1.077778634920992,-0.6389595144324103,-0.4764748808489796,-0.7220649159396132
9.56047,37.2586,1,-0.7845772532137539,-0.34208011673908373,1.4370384034143078,-0.018776762968093986
9.45122,34.69609,0,-0.5538614118703535,-0.7652329869453198,0.28923776492075,-0.7946910163662753
4.07221,33.07125,0,0.15510914225780384,-0.5219579597566975,1.3170629127633082,-0.6242115351465283
9.55491,37.23936,1,-0.33035544056893446,1.6489893021457382,-1.4839742674057885,1.7318845586766847
2.47181,36.48978,1,-0.9311779440673729,-0.5523737716011262,0.13954349738719665,-0.632531163947564
7.99599,36.28519,1,0.24883745280356023,1.7555275997637736,1.228834910171968,1.4736046307233237
4.11987,33.875,0,0.35217892340529167,-0.6310956797310073,-0.21493757231925506,-0.6875563807776375
10.5919,35.66973,1,-1.036922704683098,-0.5876257974236746,-0.6410096743812312,-0.7173608404369042
9.55971,33.93807,0,-1.1114246951169044,-0.7090964369722593,0.38267786723356617,-0.608323563905575
5.1992,36.50336,1,1.2341863585409993,2.239737741246075,1.341516923025892,2.320252694868422
10.03592,33.9169,1,-1.0633588948370294,-0.7356646061165195,1.5092893993489955,-0.720580371725649
3.35041,33.17414,1,0.5997177948466483,-0.7610612909183923,-0.1027109210202884,-0.7816073507358372
1.25028,35.62464,0,0.14549598220182883,2.239737741246075,-0.9171855698185181,2.320252694868422
6.74402,36.9488,1,-1.1883299755647045,-0.6111476853615682,-0.8099261023689572,0.43598874124026843
7.16919,36.31319,1,0.3617920834612667,0.58597315152712,-0.6827762262053985,0.10880866790185247
5.4812,36.33085,1,1.2149600384290493,-0.602539540917635,0.24659030004297866,-0.332588155582179
4.78053,35.8836,0,2.24597145443237,2.239737741246075,0.39338892374443957,1.1172791164050784
7.53073,36.135,1,0.7174790055323422,-0.7090964369722593,0.11050273285239116,-0.6839009705429897
6.55612,36.23168,1,0.6093309549026233,-0.4233143649708512,-0.7780195040583698,-0.4589940350584339
2.75646,36.47301,1,-0.9840503243752355,-0.6857291223626484,-0.4842436921990369,-0.7393950833996897
9.63268,36.31504,0,-0.05638037897364651,1.729883039218202,0.19779367888456958,1.498330567970363
6.81438,34.40185,0,-1.214766165718636,-0.8247899895070685,-0.6259996083104143,-0.8516921457402836
-0.35773,35.82357,1,-0.988856904403223,-0.28344801024077526,-0.1393422283301922,-0.3933926704001264
10.31003,34.70529,0,-0.832643053493629,-0.450411992360397,-0.3997656911330571,-0.6065756008084469
7.12406,34.5172,1,-0.9648240042632855,-0.7282680125385013,1.4458204607974718,-0.761441922392845
3.0483,34.86632,0,0.9505981368897364,-0.8384060150665126,0.4253253321113375,-0.8278054067020777
5.1043,36.65759,0,0.1575124322717976,2.239737741246075,0.21031331077210116,2.320252694868422
2.76717,33.24657,0,0.7703513858402048,-0.6569200975511835,1.5981224795101134,-0.7587152547728717
7.87914,36.39481,1,0.5756848947067108,1.5863186203734698,0.08260910070781943,1.1966317996354199
10.1477,34.34736,1,-1.1234411451868733,-0.7624323943437369,-1.756149438772145,-0.7091563914264232
5.28016,36.26537,0,1.4264495596604996,1.3297072266856749,-0.8501857299569985,0.8263797763696731
7.07104,35.34105,0,1.880671372305319,0.12771735322351896,-0.5130866599830373,-0.12435046891837413
1.55148,33.80243,0,2.195502364138501,0.13691189908264506,-1.4985895166638075,0.010961746972387339
6.38047,36.73173,1,-0.9576141342213043,-0.5802217582663715,-0.6113843220672139,-0.5366253546300819
9.78773,36.80732,1,-1.084988504962973,0.027448047224025888,-0.4472645762420555,-0.20705074073392393
5.95115,35.58314,0,2.147436563858626,2.239737741246075,0.2417388798117516,2.320252694868422
4.16528,36.6295,1,-0.5562647018843473,2.239737741246075,-1.6459141436169418,2.320252694868422
10.28042,36.16068,1,-0.9023384638994478,-0.6229163696306468,1.1882603907484082,-0.3157407749665782
7.28786,33.71309,0,-1.075375344906998,-0.5797351276135985,-0.49345019152540204,-0.6742338057465931
9.6222,36.02024,1,0.719882295546336,2.239737741246075,-0.8968361010314101,2.320252694868422
6.31221,35.10012,0,1.9455602026831504,0.6312993563548308,-1.4380287229357323,1.1359305863402818
4.15433,36.8827,1,-0.8494660835915853,1.225556974530336,-0.5155764284330552,1.1524401400139868
8.61503,36.76607,1,-0.500989031562491,1.5518321862409081,-0.9746795522943951,1.6508069933434124
-0.86551,35.55917,1,-1.0008733544731918,-0.7506998056225674,1.119180356337098,-0.8020090566831459
8.12782,34.36898,0,0.24883745280356023,-0.07896367554616325,0.11942059982212155,0.22107372295521896
0.74646,34.7531,0,1.3207047990447744,-0.6263870023213914,0.36995851536579016,-0.49786406184461385
2.8772,33.75214,0,0.6309605650285671,-0.7773588418573524,0.7519654365717116,-0.672398937076802
8.81928,34.54562,1,-0.2582567401491218,-0.7252205989836185,0.7255327190974465,-0.7679139035346195
1.27408,36.22279,0,-0.6451864324021163,0.4448994030462298,-0.7918180835230966,0.03095563004814199
9.21865,37.0168,1,-0.48176271145054095,0.012577301950436822,0.27481221265878186,0.6003137105417794
5.98657,33.10751,0,-0.988856904403223,-0.6365106323823055,-1.0493780796017973,-0.6377753628620411
2.07279,34.15728,0,2.185889204082526,-0.4376151511501686,-0.5087355752875041,-0.24301988061527274
6.14009,34.94528,0,1.3399311191567245,0.8730344826310668,-1.47496512100805,0.7610848822782179
1.11104,34.51768,0,1.1741041081911554,-0.8618359966351061,-0.883559530418752,-0.8843220392677109
3.32158,33.18429,1,0.5852980547626858,-0.8121336448267868,0.861620286288034,-0.8414379566704349
9.24663,36.77758,1,-0.6235568222761724,-0.27498505459290074,1.5753064689669865,-0.4359509837639082
2.05159,34.43614,1,1.4961449700663185,-0.14920595303289597,1.4362158529771527,-0.4694776759507788
2.91518,33.7045,1,0.6958493954063985,-0.7557539501551984,0.36385433306588894,-0.7899565415053553
-1.20275,33.76641,0,1.4096265295625434,-0.7652329869453198,1.434002955596044,-0.8261179714011652
8.83048,36.19199,0,0.09743018192195374,-0.4805064033656872,1.194952933316037,-0.5300072173146869
1.43264,33.60183,0,2.793921577622945,1.9650442153576784,1.5676821957063356,1.4606590077340946
9.28102,36.03737,0,0.16952888234176636,1.0631745986005319,-1.6894280973275217,0.8941500789412221
5.63488,35.14953,1,-0.1717382996453467,-0.580709319616555,-0.4472645762420555,-0.41280237914226114
5.30466,35.25268,0,-0.1621251395893717,-0.7046686130179255,0.16776541000299983,-0.7839908433786738
0.99165,33.55057,0,2.2003089441664883,-0.3418164811858984,-1.6673164325813903,0.5050720709060981
6.61484,35.97473,0,0.6622033352104859,-0.8287010282125248,-0.010969622065359003,-0.850241227297896
8.2075,36.6699,1,-0.5033923215764847,1.8910761079502054,-0.07390064813675765,1.7804363869872888
9.23967,35.29507,0,-0.06599353902962153,-0.5682968874601652,1.5753064689669865,-0.6557009918248509
-1.29905,34.72727,0,1.9743996828510755,-0.3203899343750571,0.634468692786635,-0.33991727196150895
9.61087,37.27918,1,-0.9455976841513355,0.7178686103303231,1.1139888203765507,0.14008848159873533
-1.50527,33.57556,0,1.4576923298424185,-0.4070487834879464,-0.7818399993397203,-0.47630008006481894
5.25513,35.82481,0,1.3086883489748058,0.34483764256930793,0.9533618811244157,-0.22596516511765186
2.58694,35.74393,0,0.6165408249446046,-0.5572883813244681,1.5172249398973754,-0.5285079097087027
10.43899,34.56129,0,-1.1138279851308983,-0.7652329869453198,1.434002955596044,-0.701584037960075
5.91344,33.74136,0,-1.0705687648790105,-0.7212601712689046,-0.4472645762420555,-0.7185243477248734
6.83622,36.6056,1,-0.21499751989723426,-0.5268351864673789,1.6515006770153304,1.0137528635254116
3.2241,33.01942,1,0.6573967551824984,-0.5050290081827404,-1.5447751319471539,-0.650055183611343
2.85555,33.08194,0,0.6429770150985359,-0.8452684910953331,-1.756149438772145,-0.8602232647059838
9.58629,35.13164,0,-0.31112912045698443,-0.5492865862435623,1.1719265510603856,-0.6803110596662649
4.58294,36.53394,1,0.11905979204789752,1.246960781301111,1.4027605371753142,1.8452120150044151
7.10461,34.51709,1,-0.9840503243752355,-0.7789992891133342,-1.3986794486057905,-0.7738875814928314
8.96693,36.3761,0,-0.6956555226959851,-0.6111476853615682,0.06266373201407274,-0.6749260244658544
5.97344,33.39748,0,-1.065762184851023,-0.7789992891133342,-0.010969622065359003,-0.8236747918702857
5.51775,36.12505,1,1.1909271382891118,-0.8094451392166911,1.5554753105137944,-0.793617553103229
4.84912,36.04828,0,1.1020054077713428,-0.010862312336356776,0.992467349137733,-0.18234827854683644
-0.65429,33.52156,0,1.4480791697864435,-0.7681172259766834,-0.4472645762420555,-0.8295447953505992
4.43343,36.89797,1,-0.5658778619403223,2.05917470328313,-0.3678175954487967,1.4985742131969126
9.17015,35.15525,1,0.022928191488147367,-0.6857291223626484,0.4623044480683189,-0.7056007501965703
7.38592,35.26564,0,1.8878812423473004,-0.5050290081827404,-1.5447751319471539,-0.6658766984775408
4.41336,36.26618,0,0.2752736429574915,-0.2803776394830968,-1.5624043406329693,1.8051666026625206
-1.2549,33.473,0,1.5033548401082997,-0.8384060150665126,0.4253253321113375,-0.70943289892215
2.75639,36.66942,1,-0.8951285938574666,-0.4639651803329998,-0.03410252164380726,0.44297136123110165
10.10552,36.7303,1,-1.0946016650189483,-0.5782800752818147,0.9266751494234249,-0.5632561775872361
7.17641,36.8037,0,-1.036922704683098,0.4733779992536729,0.46424454275048616,0.2766787653218349
-0.27042,35.76939,1,-1.027309544627123,-0.8287010282125248,-0.883559530418752,-0.7549196274984761
4.43165,34.58816,0,0.23682100273359147,0.041165037940900165,0.12264911028795476,-0.3800680124500935
4.38722,36.82338,1,0.16952888234176636,2.239737741246075,0.018938962768790178,2.320252694868422
8.14625,34.4722,0,0.008508451404184844,-0.39544280063786996,0.149047505513763,-0.4066837764659117
0.16728,33.61012,0,1.6691818510738687,-0.6766151128527891,-0.11087961615301291,-0.7075064381119714
4.99804,35.9654,1,1.4000133695065684,-0.1590665059590711,-0.15657924615109792,0.026078053023199543
8.53108,35.38711,0,0.5925079248046671,-0.7652329869453198,0.5614128993019251,-0.7712887741364444
1.49754,33.38098,0,1.424046269646506,-0.615564635667821,1.5436578053123666,-0.6922864083250414
9.77887,35.69826,0,-0.520215351674441,-0.31435113524941155,0.827994246888268,-0.5432300374147132
4.41512,36.66393,1,0.18875520245371638,1.6165595851976877,-1.2807986876809216,1.8932990709050388
8.99408,35.58831,0,0.6429770150985359,-0.5096713578902251,0.38834621615435616,-0.43930960619024484
10.25039,36.72771,1,-1.173910235480742,-0.8247899895070685,0.6040603641796963,-0.7730145710348769
9.68314,37.31699,1,-1.0249062546131293,0.14303948674126504,-1.560060515709256,-0.060604478422873254
7.18935,36.39767,1,1.032309997365524,2.239737741246075,-1.221756024698975,1.561832125107805
6.11698,36.59847,1,0.06138083171204743,1.0332302160178357,-0.006139209417239116,1.0221484907219747
3.71218,36.3363,0,0.43389078388107927,-0.21082860747429763,1.6633776543886531,-0.31226162471444596
2.04406,35.81311,0,1.414433109590531,0.37906881742537996,-0.4786749073869169,0.4222079240317483
10.59867,33.28221,0,-0.9431943941373417,-0.8021013006702323,-1.4295092973265895,-0.7217669177864845
2.3765,34.62676,0,1.2894620288628555,0.026987165866280395,1.0960474567586496,0.1444726320038283
9.49805,34.52828,0,-0.4048574310027408,0.18855791160751864,0.6079722128594178,0.14060797285349533
7.6688,36.60707,1,-0.6259601122901661,-0.16316740693629653,1.6013150403795027,-0.014203911361662132
9.47517,36.86462,1,-0.03715405886169648,1.618106776573124,1.7158226417935871,1.1953523244253867
8.27622,36.37285,1,0.3617920834612667,0.8830264500316233,0.057459325210354344,2.320252694868422
3.13547,36.60116,1,-1.056149024795048,-0.8452684910953331,-0.883559530418752,-0.7825540444530108
9.73424,36.1227,0,0.12146308206189127,-0.1287651078496561,-1.5098103029464824,1.192348192292854
4.16439,36.62809,1,-0.6139436622201974,2.239737741246075,-0.15829432298885643,2.320252694868422
6.73063,33.86231,0,-1.1907332655786984,-0.7446884232914767,0.7827953962480552,-0.7920307628997267
8.11558,35.94226,1,0.41466446376912924,0.7194083561264745,1.215611080428167,0.013229257619383138
5.02707,35.9559,1,1.3519475692266933,-0.5758714614063434,0.9586522414900022,-0.5637087058112704
2.7218,36.45515,1,-0.8903220138294791,-0.5453616801466876,0.4047603876566547,-0.6139929316216963
-0.36881,34.56039,1,1.7581035815916377,-0.40374545916838644,-0.4046171113642842,-0.42025115077321573
0.3017,35.53842,1,0.23682100273359147,-0.08598181653377097,0.5349801818276599,-0.046853553916593835
-0.76182,35.73644,1,-1.1306510152288545,-0.43600240765377657,0.11987744078434,-0.5538962996367549
-0.71189,35.52224,1,-1.0008733544731918,-0.7624323943437369,-0.010969622065359003,-0.8244781019478978
4.41226,36.6566,1,-0.3279521505549407,0.6442112317650135,-1.388934666947485,0.37236220896351496
-0.20558,35.80082,1,-1.195539845606686,-0.5921658634857307,0.44946260127932625,-0.499118401289015
0.98023,35.26807,0,1.0923922477153678,0.645379194968864,-1.3413750521704195,0.6277359582719119
8.94401,36.84016,0,-0.48176271145054095,1.2307378567828602,1.2453152111788364,1.647865461370751
1.35454,35.33901,1,1.1428613380092367,-0.7458657555159275,0.861620286288034,-0.590488232295673
-0.16954,34.81194,0,0.8977257565818738,-0.565506346390617,0.24659030004297866,-0.6415336242586358
3.0777,33.5496,0,0.8400467962460236,-0.654259094049572,0.26642145849617077,-0.7144869329624852
9.61974,35.83271,0,-0.04196063888968399,-0.4863039657224966,0.39065128060782944,-0.4849313585826245
10.92253,33.01442,0,-1.0441325747250794,-0.8121336448267868,-0.010969622065359003,-0.7351170914941269
6.58289,34.44867,0,-1.233992485830586,-0.8094451392166911,-1.5774144067037863,-0.8532106570149154
4.64477,33.43349,0,-0.12367249936547162,-0.678851051335341,1.6838479167786276,-0.6599746630808903
1.35496,35.34033,1,1.1428613380092367,-0.7458657555159275,0.861620286288034,-0.590488232295673
1.19953,36.32183,0,0.251240742817554,1.1710749408557815,1.462564392178263,2.320252694868422
6.26273,36.69604,0,-0.9143549139694166,2.239737741246075,0.4563703976034407,1.1740432750412553
10.12217,36.74592,1,-1.1594904953967795,-0.7282680125385013,0.7925402518767237,-0.7904707973150902
0.94632,36.00463,1,-1.065762184851023,-0.8149761459571895,-0.4472645762420555,-0.8244781019478978
9.79875,37.28947,0,-0.9576141342213043,1.6407130443984368,-0.17357408500336644,1.3106516857890658
0.53202,34.42789,0,1.303881768946818,-0.7877444399719243,1.119180356337098,-0.7670853662118254
5.56189,33.281,0,-0.7220917128499164,-0.6569200975511835,1.5981224795101134,-0.6663202476318812
6.22567,33.92139,0,-1.221976035760617,-0.7935268707399993,-0.1470571892559465,-0.82209927476212
9.35912,36.90934,1,-0.6283634023041599,-0.04294512733621747,-0.1470571892559465,0.1793051173636276
0.68573,35.96244,0,-1.1018115350609294,-0.8287010282125248,-0.010969622065359003,-0.8623229701919665
-0.02833,35.42282,0,-0.383227820876797,2.239737741246075,-0.45643053980946735,1.6899264637522453
8.82562,34.36517,0,-0.5923140520942536,-0.615564635667821,1.5436578053123666,-0.7142022204547969
9.08194,36.22705,1,-0.3015159604010094,-0.5139813865756198,-1.756149438772145,-0.6264539100278923
8.69204,33.97707,0,-1.1594904953967795,-0.6961677004273207,-0.010969622065359003,-0.7217669177864845
5.97969,36.59901,1,0.7174790055323422,2.239737741246075,-0.5802953921498201,2.320252694868422
3.74511,36.18373,1,0.8929191765538863,-0.2418514201699413,-0.34172454988167333,-0.03184741739174233
4.47892,35.70771,1,-0.06359024901562778,-0.7935268707399993,-1.6200618715815576,-0.6756205372107583
6.2013,35.59812,1,1.2389929385689868,0.5431067179092183,0.8420222824191866,0.5625747087663692
4.66208,34.84195,0,0.8064007360501111,0.25056109719688113,0.3961150275044134,0.015544787993330632
10.77998,34.75671,0,-1.193136555592692,-0.8384060150665126,1.2979152404647305,-0.8672816332828035
-0.26488,35.76077,1,-0.9672272942772793,-0.37249859658275636,-1.1158865343415525,-0.3131082468406201
-0.21552,34.33034,0,1.3904002094505934,-0.8094451392166911,1.0403551704156668,-0.7941526873610684
8.00817,36.32782,0,1.0587461875194553,2.239737741246075,1.4758186977116419,2.320252694868422
9.64465,37.24517,1,-0.813416733381679,0.7070467090254581,-0.0285062198566314,0.48496762423862816
9.79432,37.26718,1,-1.075375344906998,-0.3193788247081453,-1.4530336850514984,-0.021128322211032207
-1.0018,35.17342,0,-0.09723630921154032,-0.6172415662622998,-0.6091711288046532,-0.07369286580547796
-0.22509,35.80391,1,-1.185926685550711,-0.6408140220928377,-0.13695816352897777,-0.6411352800758571
5.4753,34.31163,0,-0.8759022737455165,-0.7046686130179255,1.0403551704156668,-0.7864323551669847
8.56135,35.8623,0,0.2920966730554478,-0.29880836439885133,-1.756149438772145,-0.5313757795328102
3.31527,33.89297,0,0.42427762382510426,-0.6766151128527891,-1.1411194895122712,-0.777450928115564
1.91373,33.278,0,0.9385816868197676,-0.5901387114556309,1.3699659246562694,-0.6667646975079465
4.48443,33.2363,0,-0.07560669908559654,-0.6834069392533778,0.20040468475963216,-0.7102650391318431
2.9239,36.71894,0,-0.9191614939974041,-0.11270691677308736,-0.4472645762420555,-0.3226775707396638
7.36093,35.7683,1,1.0779725076314053,-0.5402030105390307,-0.9988253280541349,-0.6207000996500739
-0.28085,35.52923,1,-0.861482533661554,-0.16473600435217747,0.02864224705342266,-0.33425730552838984
3.32476,33.06975,1,0.6165408249446046,-0.7282680125385013,1.4458204607974718,-0.6188706493844083
4.07678,36.31859,1,-0.217400809911228,-0.22917221911241692,1.675950249056131,-0.43692348175111867
0.13687,33.05086,0,1.4745153599403746,-0.7935268707399993,-1.0196470976093395,-0.7968774690949304
3.26641,36.62906,1,-0.9768404543332543,0.05720399460431585,0.12026652489400141,-0.3067050723943518
10.02298,36.50511,1,-0.8686924037035353,-0.6365106323823055,-1.0493780796017973,-0.6342670235965155
6.92876,36.87129,0,-1.183523395536717,1.1084258512634397,1.5098995069034609,0.9615821605051207
1.94073,33.12986,0,0.8736928564419363,-0.5720593868588844,1.434002955596044,-0.42192272140906184
5.78305,36.17554,1,1.3231080890587683,-0.0030304315793855396,-1.5129528598504476,0.01624369175664285
7.86623,33.31576,0,-1.084988504962973,-0.8452684910953331,-0.010969622065359003,-0.8672816332828035
-1.00374,34.68656,0,1.4649021998843996,-0.09502372801755328,0.12220957839069085,-0.43218897874264484
5.06823,35.97731,1,1.2918653188768494,-0.40976949122844997,0.5858535948991592,-0.40124330465809704
4.54457,36.71331,1,0.9145487866798301,2.239737741246075,0.214709517389097,2.320252694868422
4.24311,33.4162,0,0.21038481257966016,-0.8021013006702323,1.407570090181053,-0.7930855572976494
4.52062,36.32136,0,0.19596507249569764,2.1780076377886157,0.8765495767223965,2.320252694868422
8.78475,36.65831,0,-0.676429202584035,-0.8384060150665126,-0.4472645762420555,-0.8646454723631704
2.94584,35.03769,0,0.8809027264839175,-0.6389595144324103,-1.2906441799885244,-0.7397293918973482
8.61766,35.68898,0,0.33295260329334164,-0.6596161418103054,-0.35023276898081346,-0.7173608404369042
6.58603,35.97941,1,0.6598000451964922,-0.8121336448267868,-0.883559530418752,-0.8488496051962409
0.84127,34.33904,0,1.188523848275118,-0.7789992891133342,-0.3684396862020767,-0.7199903145532642
6.08775,35.30013,0,2.5391728361396075,2.239737741246075,-0.1598897157791944,2.320252694868422
1.99507,36.50289,0,0.010911741418178597,0.3358971150567906,1.0573304810920892,2.255338989025644
4.59982,36.65344,1,0.9986639371696114,2.239737741246075,1.4753523885429527,2.320252694868422
7.24237,34.56846,1,-0.8302397634796352,-0.6365106323823055,-0.7177409812357068,-0.7501457460620976
5.62067,35.65539,0,0.8448533762740111,-0.13457321811045278,0.3895356595922565,-0.10071035171054277
1.79063,35.72314,0,0.6213474049725921,-0.2509738059564963,0.30731774899901343,-0.03269944384826511
0.99393,35.51865,0,0.5324256744548231,0.6603036104597995,0.4679727969891089,0.2308811188651404
4.94503,33.85148,0,-0.41206730104472206,-0.5268351864673789,-0.09367913969145562,-0.6676563275728052
8.97815,33.09348,0,-0.9023384638994478,-0.7356646061165195,-1.1084801777704574,-0.7153439837573791
9.37177,35.1948,0,-0.37601795083481576,-0.7955663855340371,0.861620286288034,-0.8183248285220333
4.30395,36.67652,1,0.013315031432172351,2.239737741246075,0.7024977562796811,2.002623269527038
7.63664,36.95288,0,-0.10204288923952784,2.079046954394967,-0.9986662917735699,2.320252694868422
0.41015,35.9458,0,-0.6620094625000725,-0.5305402928591091,-1.3986794486057905,-0.5271503531841538
-1.22225,33.87768,0,1.4889351000243372,-0.7412253214939464,-1.601551749842138,-0.8190622522128563
7.13439,36.37279,1,0.25364403283154774,-0.49855399118073107,-1.3377678874161154,0.5530440596063827
2.78585,35.45693,0,0.41947104379711675,-0.678851051335341,0.039392655797440536,-0.7658534181465508
0.85002,34.29643,0,1.2413962285829805,-0.5682968874601652,0.14793425154980777,-0.6746950315647822
10.91502,33.69085,0,-1.193136555592692,-0.8618359966351061,-0.883559530418752,-0.8843220392677109
3.49611,36.05442,0,1.2245731984850243,-0.29662296278569683,0.03791916616541475,0.5781776860240951
9.61743,33.18818,0,-0.6860423626400101,-0.5572883813244681,-0.22795487680941062,-0.5818848198562275
9.93397,33.42005,0,-0.18135145970132172,-0.5921658634857307,-0.47140184541004426,-0.24151235392355
9.53801,36.92314,0,-0.24624029007915307,2.239737741246075,0.07248744004975632,1.7008821672710304
5.10458,34.66615,1,-0.7485279030038476,-0.7292993803857178,-1.756149438772145,-0.7695889292827067
9.80857,36.81678,1,-1.1234411451868733,-0.7356646061165195,-0.23589026941706437,-0.7541737876890373
10.58193,34.60331,1,-1.1594904953967795,-0.7292993803857178,-1.756149438772145,-0.7915078587540565
8.0486,35.39196,1,1.392803499464587,0.9118176364760511,-1.2979379166818705,1.3921300722898597
5.37575,36.21682,1,1.2726389987648994,-0.23068888361278456,0.9053852954108177,-0.3108252550389799
5.26571,35.17158,0,-0.02513760879172771,-0.5305402928591091,-0.5260895402523974,-0.4278214635419062
8.68388,35.02823,0,0.7078658454763672,-0.7506998056225674,-0.2685295441736967,-0.719696074098581
10.92824,33.7207,0,-1.1691036554527545,-0.6729474049853428,1.5863049743086857,-0.761441922392845
4.60551,34.71048,0,0.5204092243848544,1.3498078088955874,-0.17010650232414432,0.45277988304317907
2.59389,33.78314,0,0.8712895664279425,-0.6111476853615682,0.06266373201407274,-0.7272172553119408
10.82495,36.53227,1,-1.1570872053827859,-0.7773588418573524,0.7519654365717116,-0.7743266903705444
-0.67464,33.5575,0,1.4264495596604996,-0.7955663855340371,-0.010969622065359003,-0.8322627372288638
5.65615,33.67999,0,-0.8566759536335665,-0.6458371821575064,0.818973117291715,-0.7602660020336064
3.69579,34.1022,0,0.3449690533633104,-0.6206304526971439,-0.16556738496572912,-0.16896315965102846
5.20444,33.16802,0,-0.7917871232557352,-0.5432020898750547,0.2595068568986553,-0.5357912300178389
6.43967,36.39861,1,-0.15972184957537794,0.3213803450317123,1.5849433278655969,0.21563144970395473
9.07316,36.7169,1,-0.568281151954316,-0.21124922065740973,-0.7406141708694742,-0.1900430879464222
3.12228,35.50086,0,0.45552039400702304,-0.5537063441536707,0.3405274831955144,-0.6836596474896367
7.80171,36.74402,1,-1.164297075424767,-0.4343957447138007,-0.5390060231377111,-0.4517731178762917
8.13393,36.58268,1,-0.18375474971531547,0.9495916661419329,-0.407907313112904,0.6061373268532673
7.03896,35.87269,0,0.9674211669876926,-0.7252205989836185,0.9977080014193477,-0.5295976985530103
0.67907,35.9952,1,-1.0921983750049544,-0.6569200975511835,-1.6200618715815576,-0.7075064381119714
5.13619,36.33711,1,1.4673054898983935,0.03311301622306719,-0.556919425958378,2.320252694868422
8.16425,35.23309,1,1.3014784789328244,-0.8121336448267868,-1.756149438772145,-0.7512322134950451
3.2812,35.51732,0,0.5468454145387857,-0.6275552912693356,0.4253253321113375,-0.7229622036628056
7.79795,33.75858,0,-1.1474740453268109,-0.8452684910953331,-1.756149438772145,-0.820562678684108
10.3026,35.51255,1,-1.097004955032942,-0.7090964369722593,0.38267786723356617,-0.777450928115564
10.58413,34.59663,1,-1.1691036554527545,-0.7356646061165195,-1.5312287914204397,-0.7802034351900167
4.34354,36.8509,0,-0.9431943941373417,2.239737741246075,0.23974670999399464,2.320252694868422
8.27676,36.3736,1,0.3617920834612667,0.8830264500316233,0.057459325210354344,2.320252694868422
5.11868,36.54004,1,2.82276105779087,2.239737741246075,0.31675547968028384,2.320252694868422
9.01413,33.92381,0,-1.1378608852708358,-0.8452684910953331,-0.883559530418752,-0.6938045044232533
4.20074,36.48468,0,1.2990751889188306,2.239737741246075,-0.010969622065359003,2.320252694868422
3.8522,33.93046,0,0.35217892340529167,-0.6766151128527891,-1.1411194895122712,-0.7444937594605089
8.56819,33.92759,0,-1.1570872053827859,-0.8452684910953331,-0.883559530418752,-0.8646454723631704
10.64369,34.68673,1,-1.1090214051029108,-0.6569200975511835,0.7255327190974465,-0.7367477918817117
6.06705,33.12347,1,-1.0345194146691044,-0.7935268707399993,0.12511809306595462,-0.8002637113085306
10.6664,34.86233,0,-0.9624207142492918,-0.6623486383846771,1.330554515221363,-0.6197837841804458
7.36769,36.84068,1,-1.008083224515173,-0.5284768126067476,-1.1411194895122712,-0.5480887274309895
3.04652,36.18711,1,0.417067753783123,-0.44676263474356365,1.4568189661391713,-0.3016165576004902
6.12299,36.59896,1,0.06138083171204743,0.7512259223643047,-0.14292195007980343,0.6849997922849038
10.51272,36.5696,0,-1.068165474865017,-0.7789992891133342,0.34650044207135866,-0.7930855572976494
9.77703,37.07567,1,-0.9311779440673729,-0.48703493546880783,0.4253253321113375,-0.6086744794600338
5.31152,36.5244,0,1.6211160507939937,2.239737741246075,-0.9863097645365713,2.320252694868422
6.63018,34.96127,0,0.06378412172604118,-0.2227131790826235,0.5070285569184543,1.2995331768185288
5.11035,34.38988,1,-0.6235568222761724,-0.8247899895070685,1.119180356337098,-0.6130993030805107
-0.87894,34.07017,0,1.5754535405281123,-0.7935268707399993,0.7255327190974465,-0.8437577584356865
5.89249,34.4395,1,-1.1474740453268109,-0.6275552912693356,0.9404451763280128,-0.7275256117649044
3.25761,36.63265,1,-0.9936634844312106,0.5118605998815168,-0.04439357443326288,0.10181557702096883
6.47488,35.06932,1,1.2149600384290493,1.9921955129645708,0.3439523110048916,0.8092062781945984
7.09922,34.76576,0,-0.383227820876797,-0.6127948336389066,-1.7191702488448006,-0.726909504031386
5.75481,35.35257,1,0.8833060164979113,-0.10688701767842267,-0.5163447585940919,-0.38946518590949086
7.13139,35.44196,1,1.4000133695065684,-0.27498505459290074,0.14793425154980777,-0.3346973643860468
6.63832,36.24752,1,0.3593887934472729,0.11145043774099221,-0.3192742488134828,-0.1283730358460805
2.85074,36.6364,1,-1.1618937854107734,-0.3744629575608855,-1.6613047132353058,-0.6156089952812536
9.58644,34.62771,0,-0.6499930124301038,-0.6686380898346296,-0.311177009051468,-0.6805484139145183
10.32046,36.59227,1,-0.9071450439274353,1.004224224611034,-0.7141338164814027,2.320252694868422
4.00278,35.70224,0,0.020524901474153614,-0.8121336448267868,-0.883559530418752,-0.7670853662118254
8.32763,34.22704,0,-0.9335812340813666,-0.6834069392533778,1.522836035757162,-0.651505767801528
2.90275,36.11514,0,0.7799645458961798,0.32597203377681155,1.198983134576644,-0.013425575201246931
5.24852,36.49268,1,2.4430412355798574,1.1054293778801654,1.106698893156902,2.320252694868422
10.03553,33.91871,1,-1.0633588948370294,-0.7356646061165195,1.5092893993489955,-0.720580371725649
9.75606,35.55662,1,-0.7413180329618664,-0.6928871161478273,0.9712751360043564,0.23044708358401778
9.35619,33.07214,0,-0.7893838332417414,-0.6275552912693356,0.4253253321113375,-0.6690006969683524
4.93773,36.47688,1,0.6814296553224359,2.239737741246075,0.5014002999344394,2.320252694868422
7.41053,35.90685,1,0.9818409070716552,-0.8247899895070685,-0.6259996083104143,-0.6767832282196644
5.0436,36.51235,1,1.6932147512138063,1.9603673988227532,1.5707605463351704,2.320252694868422
5.25691,33.82777,0,-0.5538614118703535,-0.7681172259766834,0.4253253321113375,-0.8183248285220333
7.06394,36.36164,1,0.38822827361519796,1.59193506901417,-1.2566421492333575,0.6951437203492417
7.26021,34.5661,1,-0.8086101533536915,-0.5492865862435623,1.4239039298690754,-0.6760848311123223
8.43705,36.4502,1,-0.7220917128499164,-0.7789992891133342,0.861620286288034,-0.8140626414679847
7.96436,34.1346,0,-1.241202355872567,-0.8618359966351061,-0.883559530418752,-0.8843220392677109
5.08655,35.82071,1,1.549017350374181,0.9890351187765143,-1.483101269181031,0.9497989189017049
7.48178,36.74759,1,-1.154683915368792,-0.5967837048280689,-0.010969622065359003,-0.7150578216506648
2.90838,36.56358,1,-1.0585523148090419,-0.7282680125385013,-0.08004980441739538,-0.6810239668376419
6.81718,36.44555,1,1.4192396896185184,0.15370651999700075,1.6156821560546586,0.636830545526895
8.42881,34.30962,1,-0.7437213229758601,-0.5618260896197507,1.6727390476552524,-0.6817393932150928
5.7135,35.57927,1,0.866482986399955,-0.20580141438751612,-1.6574933902789741,-0.04006205581673485
7.91676,33.51094,0,-1.1114246951169044,-0.8618359966351061,-0.883559530418752,-0.8244781019478978
8.89179,36.06872,0,0.3954381436571792,0.3629639053387974,-0.6763618861732139,1.1402378376281226
4.06984,35.52436,0,0.1406894021738413,-0.7773588418573524,-0.12062447178168145,-0.15602322246768707
9.81787,34.87574,1,-0.7653509331018039,-0.7557539501551984,1.2364440934785559,-0.7297012769435277
6.40396,36.51588,1,-0.06118695900163402,1.8733928571481773,0.8016190783564585,1.3445866019501336
4.59336,34.11059,0,-0.1453021094914154,-0.5797351276135985,0.8942595610446663,-0.6955910437429998
4.48543,35.88175,0,0.6646066252244797,-0.21759279216179062,-1.5049743425211335,-0.5032869695787955
6.03911,34.57779,0,-1.212362875704642,-0.8287010282125248,0.861620286288034,-0.846218533706197
1.26651,35.15815,0,1.3110916389887994,-0.3625184180160679,0.8062537654239389,-0.40922358654932645
10.52798,34.84557,0,-0.8783055637595103,-0.7090964369722593,0.38267786723356617,-0.730958388921988
9.16058,34.16874,0,-0.7893838332417414,-0.7136565285402676,1.119180356337098,-0.761441922392845
10.50874,34.74164,0,-0.9431943941373417,-0.6729474049853428,-1.6082443663801298,-0.33232508854343895
9.74524,34.91922,1,-0.5875074720662661,-0.7046686130179255,1.5554753105137944,-0.7465860797320373
-1.4125,33.58,0,1.4745153599403746,-0.6766151128527891,-0.7836494623607351,-0.722363462970043
4.75885,36.63696,1,-1.0489391547530669,-0.8094451392166911,1.0403551704156668,-0.8002637113085306
6.19732,34.82148,0,-0.8374496335216165,-0.009899412795315813,-1.116982183359101,-0.19332706305981875
9.24625,36.56491,1,-0.32554886054094695,1.347396433951131,-0.29628189292483625,1.4650097188451556
7.54691,36.1129,0,0.748721775714261,-0.4161826168526522,-0.4180542716351314,-0.4221321110625165
4.56508,36.71351,1,0.8688862764139488,2.239737741246075,0.1392215783671878,2.0973271782930323
-0.16799,35.02346,1,0.3281460232653541,-0.40614551062767995,0.17415023586032605,-0.2927965215862379
2.6455,36.13566,1,0.27287035294349776,-0.5453616801466876,-1.2992895031555842,0.5532123819786987
1.10247,34.72903,0,1.3519475692266933,-0.7570555770188393,0.6828852542196752,-0.5301438455413127
-0.30526,35.24058,0,0.5949112148186608,-0.09022350100597816,1.391041856378926,0.5784754871443465
9.8302,37.28733,0,-0.9576141342213043,0.32172532353858696,1.6169461616185168,0.15458390890564336
3.741,33.9755,0,0.2848868030134665,-0.5471000367702681,0.861620286288034,-0.44203676639241135
4.38274,35.98397,0,1.315898219016787,1.7800560679745137,1.4008775476134243,1.281240194129783
8.13874,33.00767,0,-0.979243744347248,-0.7118158727596351,-0.9450305294642006,-0.7618363962869626
8.11491,35.9446,1,0.41466446376912924,0.7194083561264745,1.215611080428167,0.013229257619383138
4.12242,34.25762,0,0.03254135154412238,-0.2169556367144712,-0.6004769482127965,-0.2987995504062781
2.79506,36.66048,0,-0.9744371643192605,1.6384411499725875,1.009205658770932,1.6289115741164568
6.949,33.94959,0,-1.1979431356206796,-0.6395759773739665,0.24659030004297866,-0.712503811126308
7.30669,34.62629,1,-0.6355732723461411,-0.2908363206118388,-0.5971679579919611,-0.4943733992429369
2.06181,33.31927,0,0.9025323366098613,-0.7292993803857178,0.861620286288034,-0.7797396549813113
10.03213,35.92032,0,-1.036922704683098,-0.7136565285402676,1.4766501245923633,-0.6878024889151535
6.37876,35.10622,0,2.7915182876089517,0.42171573054736033,-0.7682937327833691,1.4094331618030855
5.57122,36.18074,1,1.383190339408612,0.25215184521113515,-1.6983211102552662,-0.20476797411271488
7.04762,33.17365,0,-0.950404264179323,-0.7506998056225674,-0.2685295441736967,-0.6619246130247975
5.53337,35.70751,1,3.3659046009534586,2.239737741246075,0.2000404546919567,2.320252694868422
3.15406,36.70856,1,-1.1667003654387609,-0.6310956797310073,-1.087527480672648,-0.5279642678526973
4.54998,36.7113,1,1.1909271382891118,2.239737741246075,0.26197657938028573,2.320252694868422
-0.89728,33.33108,0,1.9936260029630255,2.239737741246075,-0.4148066768156304,1.4146177160508504
9.39666,33.68474,0,-0.5754910219962973,-0.5720593868588844,1.161827525333417,1.3561295760334675
9.79247,37.2749,1,-1.0032766444871855,0.9853995665046054,-1.7363183542893161,0.3565893330704546
2.38814,34.94313,0,0.8232237661480674,-0.3804043126676378,-0.2685295441736967,-0.5664373859813474
-0.00898,35.7704,1,-1.125844435200867,-0.32777830679261466,1.4458204607974718,-0.2834614416307418
1.53057,34.63216,0,1.2582192586809369,-0.8247899895070685,-0.6259996083104143,-0.8322627372288638
8.73068,34.63381,1,-0.10684946926751535,-0.7252205989836185,0.7255327190974465,-0.7235631680123262
2.57094,33.20178,0,0.8256270561620611,-0.7652329869453198,-1.4559420887712176,-0.8014231934962921
8.27852,33.26688,0,-1.084988504962973,-0.7935268707399993,0.12511809306595462,-0.6763173721288589
-0.26485,35.80545,1,-1.084988504962973,-0.09877828546503511,-0.047147195168292605,-0.24908579107072326
-0.46906,33.76704,0,1.363964019296662,-0.7282680125385013,1.1500100201319892,-0.8037922182964247
8.90991,34.99966,0,0.426680913839098,-0.7282680125385013,0.7925402518767237,-0.7133509117608985
3.23435,36.62903,1,-1.0441325747250794,-0.6826395947499344,-0.33760972652573307,-0.6777180929273119
3.47993,36.62017,1,0.34256576334931665,2.2093788415483067,-0.5995667428954232,2.320252694868422
8.32733,35.77654,0,0.2969032530834353,-0.6395759773739665,0.24659030004297866,-0.6979131887921136
5.36558,36.51237,1,1.226976488499018,2.239737741246075,-1.1745559798567127,2.320252694868422
-1.6341,34.91937,1,-0.64758972241611,0.6474436059186361,-0.7858236732419667,0.059794375280687824
7.24161,34.57048,1,-0.8302397634796352,-0.6365106323823055,-0.7177409812357068,-0.7501457460620976
-0.31394,35.15357,0,0.12626966208987878,0.8538911537312376,1.723528578335049,0.9782341408015546
-0.8894,33.15718,0,1.7532970015636502,-0.5901387114556309,0.4973761642436026,-0.7105433058496886
4.60192,36.05454,0,1.1212317278832928,-0.13570271248799706,0.40741192929067055,0.15173841638688546
-0.55956,35.31805,0,-0.12126920935147786,0.06386555439066303,1.4544418545520839,0.031167074473031294
6.46262,33.21749,0,-0.960017424235298,-0.6133463028779537,-0.3684396862020767,-0.6971359363125235
6.35885,35.0093,0,1.7220542313817313,2.239737741246075,0.771563440440559,1.2684643571856729
6.29338,36.62877,1,-0.373614660820822,2.239737741246075,-0.6407441207778692,2.320252694868422
7.60518,34.86447,0,0.7655448058122173,-0.12652920039035126,-1.4537972811092996,-0.42423107415676514
5.17932,33.91153,0,-0.6283634023041599,-0.7557539501551984,0.36385433306588894,-0.7505069213999526
0.96448,33.16989,0,1.344737699184712,-0.5124079495332036,-1.1882831039507296,-0.6591134464480195
7.13414,35.5021,0,1.0996021177573492,-0.18627110150434564,-1.2328608994227452,-0.24098560059988405
5.57559,36.17767,1,1.3399311191567245,-0.17025448157878514,-1.649102636116363,-0.4178587494295701
5.13195,36.33073,1,1.0539396074914678,2.239737741246075,1.728843200979717,1.9189845019693874
5.7594,35.8984,1,0.9361783968057739,-0.6961677004273207,-0.010969622065359003,-0.6976537387140496
9.64227,35.78973,0,0.05657425168405992,0.2833788529186717,-1.0546853052101601,0.03232934326862888
4.16261,36.62767,1,-0.6139436622201974,2.239737741246075,-0.15829432298885643,2.320252694868422
1.63915,34.02411,0,2.1498398538726193,-0.4161826168526522,-1.3490647892023726,-0.49811460322186885
2.37422,34.6354,0,1.450482459800437,0.842377434017802,-0.2613155105465407,0.6275119037428758
7.72795,36.88504,1,-1.0946016650189483,0.6574554281972862,0.8736946165899835,0.2038205109075023
9.92224,36.79758,1,-1.145070755312817,-0.8247899895070685,1.4766501245923633,-0.8106990721090502
5.26382,33.45932,0,-0.7076719727659538,-0.6766151128527891,-0.983469598476769,-0.7322258732740601
-0.27103,35.82032,1,-1.195539845606686,-0.8094451392166911,0.6828852542196752,-0.7072329424045117
6.26969,33.88423,0,-1.1979431356206796,-0.8287010282125248,-1.756149438772145,-0.8062330897278844
10.11906,34.9653,1,-0.8350463435076227,-0.7136565285402676,1.4766501245923633,-0.7683303888158861
5.07951,36.53057,1,0.9986639371696114,2.239737741246075,0.1362892452350208,2.320252694868422
3.0265,36.10129,0,0.9842441970856489,-0.5108415547678611,0.6745948038693647,-0.27244724749495447
-0.1399,35.21195,0,-0.25104687010714055,-0.7212601712689046,1.2979152404647305,-0.5197741459471509
3.2259,34.11962,0,0.7871744159381611,-0.7292993803857178,-1.756149438772145,-0.4519969472248966
-1.38854,35.15381,1,-0.3135324104709782,0.02928933898122233,1.5881145852704266,0.49110367839839497
8.40839,36.89926,0,-0.6980588127099788,0.24994857420769648,0.2096111840859973,1.1459907472842163
4.83214,36.69655,1,-0.9095483339414291,1.0306058975058268,0.6997136597550734,1.582832226940341
7.30652,34.62601,1,-0.6355732723461411,-0.2908363206118388,-0.5971679579919611,-0.4943733992429369
3.39033,34.41061,0,1.041923157421499,-0.5687645318857613,1.2757066745429988,0.37724355776067986
9.66128,34.13653,0,-0.9407911041233479,-0.428344908568311,0.7978054623188722,-0.6150692377876863
8.13351,36.57284,1,-0.15251197953339665,0.9619530650569731,0.11050273285239116,0.5151023954428996
7.35481,37.0092,0,-1.1330543052428483,0.16426118705202603,0.8795335411679749,-0.17208196491814567
5.41141,34.78473,1,-0.7485279030038476,0.40229753567892407,0.09868522765096345,0.23374158588257257
1.90231,35.28961,0,0.9241619467358051,-0.7557539501551984,0.4867963311567861,-0.6548558192977025
5.27619,34.74362,1,-0.7389147429478726,-0.4643099106538983,-1.756149438772145,-0.6756205372107583
11.1078,33.48001,1,-1.195539845606686,-0.7624323943437369,-0.883559530418752,-0.7738875814928314
3.18695,36.61208,1,-1.0633588948370294,-0.7652329869453198,0.5614128993019251,-0.7708614238993728
3.15963,33.68341,0,0.7367053256442923,-0.4245665252671169,-0.3726480080969166,-0.592305607260716
-0.61302,35.10721,0,0.18875520245371638,-0.4841194327602587,0.13693559826738233,-0.6029402597797291
5.70837,34.98248,1,-0.6523963024440975,-0.6046645247572159,-1.6113827069734008,-0.7056007501965703
8.18691,35.40232,0,0.8039974460361173,-0.7356646061165195,-0.6586388830670467,-0.7734502177634602
7.24632,34.16596,0,-1.164297075424767,-0.7624323943437369,-0.883559530418752,-0.7779047370533008
9.50844,37.22924,1,-0.49137587150651596,2.239737741246075,-0.5207738080522835,1.9069083006249907
6.01424,34.71278,1,-1.135457595256842,-0.7557539501551984,-1.2583835225351816,-0.7874261890000507
6.12497,36.56396,1,0.6573967551824984,2.239737741246075,0.8785340536223959,1.8426044256112115
-0.2139,35.8032,1,-1.193136555592692,-0.5402030105390307,-0.5489841073210873,-0.49338178906662894
-0.24102,35.80457,1,-1.1907332655786984,-0.7127333697786606,-0.010969622065359003,-0.6490245327777772
6.51165,36.28977,1,0.29449996306944154,-0.4094663630818068,1.5039481473736283,-0.47879856953910993
3.5368,36.47206,0,-0.6163469522341911,0.45401502576493424,1.3920895726012157,0.4622294672479364
0.23618,36.08542,1,-0.4336969111706659,-0.18769066324153721,-0.2502227669623112,0.13852820639100585
6.25185,36.06062,1,0.719882295546336,-0.6766151128527891,0.08894037202229489,-0.7287651174484008
4.60697,36.64694,1,0.7343020356302985,1.1792890280160526,1.097131862281014,1.3582239792239845
6.007,36.11454,1,0.8328369262040424,-0.7127333697786606,0.861620286288034,-0.7844743690964393
8.54582,33.36327,1,-1.1186345651588858,-0.7652329869453198,0.28923776492075,-0.7319080170216555
3.93323,36.89944,1,-1.1618937854107734,1.0837669613222227,0.2318644281070133,0.994197631929619
8.0406,35.65835,0,0.9169520766938238,0.9051230679548734,-1.5380362099618905,0.633964448998683
-0.27795,35.82053,1,-1.1883299755647045,-0.5797351276135985,0.021669652691273314,-0.6853550731774122
2.88447,36.47778,1,-0.2630633201771093,1.5847500850040828,-0.003513557410291956,1.53929268984764
5.25402,34.68085,1,-0.8278364734656415,-0.8384060150665126,0.4253253321113375,-0.7946910163662753
4.74106,33.76916,0,-0.2967093803730219,-0.6316910468645893,0.2823799725620597,-0.7179415807689484
4.27084,35.5157,1,-0.21019093986924675,-0.8149761459571895,-1.3198544845954485,-0.8236747918702857
6.6792,35.22137,0,2.154646433900607,0.5402076575215904,1.19552132158574,1.4510426774200398
10.68563,35.32135,1,-0.9528075541933168,-0.7789992891133342,1.3767401305047093,-0.817595553548064
8.9788,36.09686,0,0.05897754169805367,-0.3381407538090972,-1.4197645526534655,-0.550689617706365
-0.75452,33.35822,0,1.558630510430156,-0.6953414738010312,-1.7007826959969607,-0.7220649159396132
10.88242,35.62698,1,-1.195539845606686,-0.8452684910953331,-1.756149438772145,-0.7734502177634602
5.95638,36.49448,0,-0.4697462613805722,1.1687686726722328,-0.4090142056256366,0.7979955578374883
6.40602,36.49457,1,-0.7413180329618664,-0.39339024056845984,-1.6773244747618032,-0.2130078890411087
7.68277,36.79126,1,-1.1378608852708358,-0.5466645324285858,1.704999890034503,-0.44456067310787317
-0.61726,35.65807,1,-0.9840503243752355,-0.8618359966351061,-0.883559530418752,-0.8646454723631704
8.19946,35.9048,0,0.06618741174003494,-0.22917221911241692,1.3184801849194134,-0.36252189695650383
10.98771,35.6078,1,-1.202749715648667,-0.7681172259766834,-0.4472645762420555,-0.8213262866369455
-0.28115,35.52833,1,-0.803803573325704,0.08572900158930252,-0.25117565317916646,-0.21923666124341884
2.5782,34.8026,0,0.9241619467358051,-0.7570555770188393,0.6828852542196752,-0.7996899304591879
4.13223,36.32972,1,-0.28469293030305315,-0.6766151128527891,0.6040603641796963,-0.7654456163856621
3.79999,36.54456,1,0.2079815225656664,2.239737741246075,0.45101464743691483,2.320252694868422
3.3136,36.73441,1,-1.1210378551728795,-0.6623486383846771,0.03521599321798752,-0.5746113793385098
4.17108,34.48108,0,0.4411006539230605,0.06076285740958858,-1.1991462435280411,0.20413182285362527
10.19659,33.57675,0,-0.8927253038434728,0.594838106409894,0.026847282223566343,0.16860409291252063
-0.7026,33.20458,0,1.666778561059875,-0.8094451392166911,-0.18970465413371784,-0.7879269410208024
11.00849,35.49346,1,-1.195539845606686,-0.8618359966351061,-0.883559530418752,-0.8843220392677109
6.26172,36.18565,1,0.6357671450565546,-0.2509738059564963,0.30731774899901343,-0.2549794384963119
5.81699,34.89854,0,-0.6115403722062036,-0.2988083023523573,-0.28314475644653403,-0.2902656624249631
5.46838,36.18034,1,1.414433109590531,-0.14308841690631083,1.4537557054643995,-0.39784904742852417
8.18876,33.98958,0,-0.8975318838714603,-0.5595487040791787,-0.7918180835230966,-0.6317635238576305
5.60835,35.22127,0,0.29449996306944154,2.239737741246075,1.1252843906962728,1.841361879991894
6.11982,36.64837,1,1.5153712901782685,1.4578118928888757,0.6604778559620557,1.221254379064542
6.98269,35.42858,0,1.8277989919974564,0.6265757567633978,0.3773302538069762,1.5794362808575342
4.91123,36.58775,0,-0.40726072101673455,2.239737741246075,1.1825123017762464,2.320252694868422
7.63627,36.24232,0,0.9073389166378488,1.6869878160270648,0.7021110392216374,2.320252694868422
9.77483,33.3294,0,-0.6139436622201974,-0.6986714470897822,-0.24329662598815946,-0.691280977699769
5.88808,34.4387,1,-1.1210378551728795,-0.6111476853615682,0.935253936248918,-0.6106125792837496
8.51914,35.17611,0,1.2389929385689868,-0.413422881867396,-1.715075693368337,-0.24596985685410375
5.39194,34.77643,0,-0.7365114529338789,1.4743026100754126,-0.5840222409515448,0.5623739604119614
7.65598,36.82627,1,-1.1474740453268109,-0.5947214655055881,-0.08004980441739538,-0.3847929734377955
6.70554,36.55822,1,0.1527058522438101,1.134176014941871,1.6281508963324094,1.3307123348626688
8.58261,36.50858,0,-0.7413180329618664,-0.6686380898346296,-1.4559420887712176,-0.5685759808314859
0.10008,35.34839,0,-0.09723630921154032,-0.7789992891133342,-1.3986794486057905,-0.7925566436492217
6.87249,34.64914,1,-1.0032766444871855,-0.7789992891133342,-1.3986794486057905,-0.7400644885265157
5.78996,35.7481,0,2.060918123354851,2.239737741246075,0.019028614848811024,2.320252694868422
5.46023,34.365,0,-0.8638858236755478,-0.7681172259766834,1.2979152404647305,-0.7844743690964393
8.45213,34.6467,0,0.2079815225656664,-0.7136565285402676,1.119180356337098,-0.761048701064876
7.01844,33.96982,0,-1.1787168155087295,-0.8452684910953331,-0.883559530418752,-0.6927911080402275
5.83665,33.87827,0,-1.1210378551728795,-0.8021013006702323,0.5349801818276599,-0.7670853662118254
9.45808,37.05396,0,-0.4240837511146909,0.2472495517168606,-0.03582647492513221,0.9714139884918265
6.13259,35.8063,1,0.7751579658681923,-0.6953414738010312,1.6788433778958798,-0.7704356780728735
8.264,35.04348,0,1.0635527675474428,-0.6172415662622998,-1.4817610741432277,-0.632531163947564
10.63215,36.59377,0,-0.960017424235298,-0.3476459664638926,-1.6113827069734008,-0.4914060841109041
3.32129,33.12142,1,0.6117342449166171,-0.7955663855340371,-0.010969622065359003,-0.6315719797533478
7.09714,36.52495,1,0.7246888755743235,2.239737741246075,1.035270743540821,1.3631389924956125
9.786,36.80788,1,-1.1210378551728795,-0.5330336001989481,-0.4868764453608372,-0.45672441334489566
8.05758,34.93224,0,1.3327212491147433,-0.13325764629727593,1.7215873001270727,-0.0789036535734768
3.49461,36.46296,1,-0.008314578693771434,2.239737741246075,-1.7341606387990454,1.8430480310606598
10.10521,36.73087,1,-1.0946016650189483,-0.5782800752818147,0.9266751494234249,-0.5632561775872361
4.12902,34.75502,0,1.1092152778133242,-0.5841459818518117,1.0298753452596987,-0.7182326968451489
8.23491,34.4463,0,-0.1765448796733342,-0.24739763217938582,-1.6200618715815576,-0.5113745499454879
4.99777,36.77604,1,-0.41687388107270956,2.239737741246075,-1.0803806861055079,2.320252694868422
6.30948,36.42339,1,0.4411006539230605,0.6371826049199126,0.4686364590864249,0.3150208002919774
1.31448,36.30625,0,0.1983683625096914,2.239737741246075,-0.05276302513131459,2.320252694868422
5.10824,34.39061,1,-0.6235568222761724,-0.8247899895070685,1.119180356337098,-0.6130993030805107
8.73121,34.14135,0,-0.7701575131297914,-0.7446884232914767,-0.4472645762420555,-0.7730145710348769
3.26659,34.50569,0,1.7797331917175814,-0.2908363206118388,1.148011932685188,-0.514109647757854
4.01421,36.75654,0,-1.0921983750049544,-0.7726182803056105,-1.5447751319471539,-0.6383649696735634
1.19552,36.13625,1,-1.0225029645991355,-0.8618359966351061,-0.883559530418752,-0.7859392100226742
6.12432,36.60011,1,0.06138083171204743,0.7210319887825709,1.623419456030055,0.7134829776165974
2.84049,36.63234,1,-1.1715069454667484,-0.8287010282125248,-1.756149438772145,-0.8548071897905111
1.78888,35.68376,0,1.0996021177573492,2.086477394335485,0.4275037593032632,0.9671320700024947
9.52136,37.26415,1,-0.3784212408488095,0.11648482822108261,-0.9211635480028094,1.3249805921671072
-0.1646,34.56199,0,1.6427456609199376,-0.5432020898750547,-1.6691558535994417,-0.7113808081683995
-0.56099,34.51759,0,1.5970831506540561,-0.31135658530745264,0.1413326925287348,0.26847960805148685
8.16793,35.23241,1,1.3014784789328244,-0.18303730028136,-1.006501454539286,-0.41167467554285153
3.0889,33.50338,0,0.8064007360501111,-0.7055441200721081,0.5513138735749563,-0.7400644885265157
5.8367,34.5663,0,-1.1210378551728795,-0.8094451392166911,-1.062294562487111,-0.7820796033582661
10.88118,35.6254,1,-1.195539845606686,-0.8452684910953331,-1.756149438772145,-0.7734502177634602
0.38473,33.75126,0,1.8253957019834628,-0.47764047580587776,0.06108106212617998,-0.3784391135059582
9.21434,35.55614,1,0.09502689190795999,-0.6389595144324103,1.3271255450716546,-0.5899945523478385
8.98531,35.85548,0,0.8184171861200799,-0.4464324543255181,1.0894493003742771,-0.30403009775711404
2.42149,36.45006,0,-0.5947173421082473,-0.28772636419096137,-0.3331658829949308,0.0117722276393552
1.23901,36.34252,0,-0.5923140520942536,1.1321609930013563,-1.1000457810936448,0.47585400923720933
6.55672,37.01603,1,-0.9215647840113979,2.239737741246075,1.121029023650531,2.320252694868422
6.50984,36.29269,1,0.3353558933073354,-0.2784962656907491,0.9248326956204882,-0.40993718333577395
3.41409,35.19636,0,0.6477835951265234,-0.6729474049853428,1.366995570757493,-0.756424353508586
4.78997,33.67645,0,-0.23662713002317806,-0.48703493546880783,1.2979152404647305,-0.6546450081927759
5.82246,34.69374,1,-1.1282477252148608,-0.8618359966351061,-0.883559530418752,-0.8213262866369455
9.25044,33.62127,0,-0.8951285938574666,-0.6111476853615682,0.78798663632715,-0.7259898530766209
-0.33727,33.98113,0,1.1596843681071929,-0.7046686130179255,1.0403551704156668,-0.7560465148188227
4.56163,36.71054,1,1.2149600384290493,2.239737741246075,-0.41045411271283616,2.320252694868422
6.0964,36.66662,1,0.6982526854203922,0.5073088690785806,-0.9642804288045183,0.27145638076162965
2.21047,33.07678,0,0.719882295546336,-0.7652329869453198,-1.4559420887712176,-0.8126982591616153
4.06535,35.156,0,0.9337751067917801,0.6140565115675143,-1.2758587988954826,0.18411733576841655
9.6837,33.53078,1,-0.7509311930178414,-0.7557539501551984,-1.2583835225351816,-0.7182326968451489
11.00419,36.99621,0,-1.1570872053827859,-0.8384060150665126,-1.3198544845954485,-0.8646454723631704
5.75439,35.3531,1,0.8833060164979113,-0.10688701767842267,-0.5163447585940919,-0.38946518590949086
6.14287,36.15306,1,0.6622033352104859,-0.6569200975511835,0.7255327190974465,-0.7626292002900819
7.24026,34.57181,1,-0.8374496335216165,-0.7423685203908622,1.1882603907484082,-0.7247718943456342
5.44599,36.44459,1,0.5877013447766796,2.239737741246075,-0.0807402437861368,2.320252694868422
8.23918,34.66473,0,1.303881768946818,0.9542652562591679,-0.913829978268959,0.30992564267539563
7.85865,33.45564,0,-1.1042148250749233,-0.8618359966351061,-0.883559530418752,-0.8744837558154406
4.64672,35.52252,0,-0.24383700006515932,-0.8384060150665126,-0.4472645762420555,-0.8269554842752088
3.327,33.18305,1,0.5828947647486921,-0.8384060150665126,1.2979152404647305,-0.8623229701919665
4.82411,33.82205,0,-0.3231455705269532,-0.6766151128527891,0.24659030004297866,-0.719402354373645
-0.12062,33.6455,0,1.3976100794925745,-0.6912704792339341,-1.4744521735254557,-0.7075064381119714
6.91063,33.68778,0,-1.084988504962973,-0.654259094049572,0.26642145849617077,-0.5447943377226503
6.93677,34.40339,0,-1.1570872053827859,-0.7446884232914767,-0.08979451210533784,-0.7783604881722564
3.21333,35.419,0,0.5612651546227483,-0.7557539501551984,-0.38579357719660695,-0.4345499955636931
7.53261,33.82652,0,-1.1186345651588858,-0.8121336448267868,-1.756149438772145,-0.7899565415053553
8.53028,34.93805,1,0.6117342449166171,0.21508576604227483,1.6312478874927334,-0.07369286580547796
0.08812,34.80659,1,1.0707626375894241,0.6677537811854231,-0.7503803299627022,0.16399768942184118
3.44706,34.15894,0,0.6790263653084422,-0.6928871161478273,1.6245553449251047,-0.7072329424045117
6.38089,36.1677,1,0.5204092243848544,-0.4143408907699974,0.8410553418333512,-0.4523328882806812
9.19023,35.87336,0,0.7871744159381611,-0.0659726908560768,1.0257398102021034,-0.3574454856108188
3.79881,36.34757,1,0.25364403283154774,0.7850349328749137,-1.52099698889179,0.2188386945854226
7.96387,36.57643,0,0.23201442270560396,2.239737741246075,0.30287716016418553,2.320252694868422
2.67283,36.4018,1,0.044557801614091154,0.9915757986145545,-1.6668444276947458,1.5787879863961325
1.47074,33.32288,0,1.2534126786529494,-0.3744629575608855,0.9564650857952363,-0.42381052155396015
9.58518,36.6602,1,-1.0513424447670605,-0.5921658634857307,0.4011880629433488,-0.7050599934648397
6.33889,36.13015,1,0.6117342449166171,-0.7212601712689046,1.2979152404647305,-0.7312742748456196
2.76118,36.67076,1,-1.106618115088917,1.2973318624664052,0.16107286743537105,0.7871150645827214
5.72901,34.65571,0,-1.087391794976967,-0.7090964369722593,1.340562705342502,-0.7879269410208024
5.46872,36.55151,1,1.6139061807520125,2.239737741246075,-0.10829272461630578,2.320252694868422
0.89825,35.41941,0,0.06618741174003494,0.24133751357854324,0.6301389115556613,0.7603493303997292
10.98667,35.60607,1,-1.2075562956766546,-0.7789992891133342,-0.5260895402523974,-0.8133771711247708
7.29382,34.91194,0,1.306285058960812,0.7337056056556315,-1.262870564758007,0.3421137216414915
4.13807,36.61824,1,-0.8206266034236602,2.0583713252782716,-0.8399576259465014,2.320252694868422
5.44261,34.98423,0,-0.7220917128499164,-0.7915465172780308,-1.3198544845954485,-0.8361244901442567
2.4338,35.82807,0,1.226976488499018,1.0802470637152084,0.3248191368974724,0.7337690323018237
-0.26968,35.80933,1,-1.1498773353408045,0.312489826993393,0.5197943621742279,-0.13100246774110966
6.22531,36.64556,0,-0.003507998665783926,1.4894290489509496,-0.2685295441736967,1.3388035181162603
6.48567,35.44476,0,1.5057581301222935,-0.32267200442592936,-1.3439918277338003,-0.4362749058141779
4.59275,36.49107,1,-0.8734989837315228,-0.7557539501551984,0.4867963311567861,-0.7806692912808221
1.19876,36.43317,1,-0.36640479077884075,2.239737741246075,-1.6301608973085262,1.5939295689503459
-1.27802,33.69037,0,1.414433109590531,-0.7046686130179255,0.16776541000299983,-0.7708614238993728
5.24468,36.49199,1,2.447847815607845,2.239737741246075,-0.6267145318693265,2.320252694868422
7.66688,36.75629,1,-1.164297075424767,-0.7624323943437369,-0.010969622065359003,-0.8106990721090502
5.10233,33.1197,0,-0.6259601122901661,-0.7789992891133342,1.2190903504247517,-0.7347930850011954
2.65874,33.87235,1,0.9097422066518426,-0.7446884232914767,-0.9623844944290939,-0.562052560034961
0.38503,33.29515,0,1.8950911123892815,-0.5288884910947176,-0.9389262731939364,-0.609201711292116
3.36824,33.1403,1,0.5877013447766796,-0.7127333697786606,-0.010969622065359003,-0.7925566436492217
7.25332,36.47762,1,-0.26546661019110307,0.8600095585087393,-1.6652829133306863,0.5502467556998999
3.54109,36.41188,0,0.5035861942868981,2.239737741246075,0.37047749143297354,2.320252694868422
7.12898,36.09021,1,0.6718164952664609,-0.09877828546503511,0.0252079510375746,-0.2625612073194392
5.49462,33.65139,0,-0.7869805432277477,-0.6961677004273207,-0.3684396862020767,-0.6492302913967789
-0.65885,35.61737,0,-0.9864536143892293,-0.8094451392166911,-0.18970465413371784,-0.8425817395600093
2.65591,36.48745,1,-0.9912601944172168,-0.7610612909183923,0.0807718248302965,-0.6705798169634173
10.10462,36.73183,1,-1.0946016650189483,-0.5782800752818147,0.9266751494234249,-0.5632561775872361
6.7108,33.76442,0,-1.1402641752848295,-0.6275552912693356,0.9404451763280128,-0.6915318427738939
3.32925,36.75786,1,-1.183523395536717,-0.7292993803857178,-0.010969622065359003,-0.723864501650592
5.56803,33.41924,0,-0.8014002833117102,-0.7624323943437369,-0.010969622065359003,-0.816874166926075
-1.36429,34.32073,0,1.5562272204161622,-0.7423685203908622,-0.556919425958378,-0.8008414398523076
4.56903,36.40924,0,-0.7389147429478726,0.16386235218832274,0.8526612917964459,0.4871571661613237
1.43637,34.70439,0,1.287058738848862,-0.8247899895070685,1.119180356337098,-0.8381764010837188
4.50003,36.87349,1,-1.1090214051029108,1.5667697555885807,1.3564530187336554,1.1724203996736544
7.2389,34.57153,1,-0.8374496335216165,-0.7423685203908622,1.1882603907484082,-0.7247718943456342
8.18789,35.24387,1,1.3207047990447744,-0.7557539501551984,1.2364440934785559,-0.8062330897278844
9.1248,33.70712,0,-0.8975318838714603,-0.5523737716011262,-1.0340726498713078,-0.5479448089879039
5.48454,36.23097,1,1.6691818510738687,0.20555145358177362,-1.3625018755028568,-0.010263816766879841
-0.51532,34.16632,0,1.404819949534556,-0.8121336448267868,-1.756149438772145,-0.7526947885431912
6.24782,36.74946,1,-1.125844435200867,-0.8287010282125248,0.861620286288034,-0.8704086057386067
6.98837,36.63443,1,0.23922429274758522,0.8392090918460308,0.8346749541978082,1.7722148242640372
6.93328,36.88264,1,-1.1282477252148608,-0.7282680125385013,0.05811056028667739,-0.06650088430874397
8.45171,34.46069,0,-0.27988635027506564,-0.8384060150665126,1.2979152404647305,-0.850241227297896
5.07927,35.21569,0,-0.18135145970132172,-0.7570555770188393,1.0403551704156668,-0.8190622522128563
7.71195,34.26827,0,-1.145070755312817,-0.8094451392166911,1.0403551704156668,-0.816160415328081
7.71067,36.80101,1,-1.1618937854107734,-0.6623486383846771,1.6880245793580806,-0.6175974792264486
8.07321,36.3433,1,1.2005402983450868,2.239737741246075,1.2398573819112968,2.034018600785122
8.68512,34.1481,0,-0.8278364734656415,-0.8094451392166911,-0.18970465413371784,-0.8252923403133112
8.75422,33.36648,0,-1.0489391547530669,-0.6246453262103798,-0.25117565317916646,-0.7579470095105294
5.30812,36.02153,1,0.9650178769736989,-0.5239815751366369,-0.12062447178168145,-0.6692255818502284
3.56631,35.83629,0,0.4435039439370543,-0.6206304526971439,1.579612431741057,-0.6979131887921136
-0.26597,35.76377,1,-0.9960667744452043,-0.4094663630818068,-0.24123152139243173,-0.5412493784895022
10.00556,36.75191,1,-1.1138279851308983,-0.8452684910953331,-0.883559530418752,-0.8548071897905111
8.42764,33.17706,0,-1.056149024795048,-0.8247899895070685,-1.4985895166638075,-0.82209927476212
6.79642,35.24065,1,1.5610338004441497,1.468154795259735,-1.5091026284831497,1.2093376054654292
8.19458,36.45554,1,0.4795532941469606,1.7531616428529562,-0.9816002194616809,1.5774319498394942
9.84108,36.54309,1,-0.6379765623601349,-0.14308841690631083,0.5811657971110065,-0.42888285150432975
5.69821,34.53839,0,-1.0537457347810544,-0.7935268707399993,-0.1470571892559465,-0.8087527531995959
10.52195,34.94074,0,-0.8158200233956727,-0.4643099106538983,-0.010969622065359003,-0.6641114527823188
9.98905,33.87271,1,-1.0297128346411168,-0.4049439182240586,1.28367446616967,-0.5007551534006881
3.61349,33.07421,0,0.5131993543428731,-0.05015474380443944,-1.3760182210473528,-0.2883136858571751
-1.18154,34.00054,0,1.6259226308219812,-0.5782800752818147,0.9266751494234249,-0.6612727297502736
10.19762,36.77877,1,-1.183523395536717,0.054227686331605365,0.6987526367982823,-0.3109940277721583
5.76177,34.06842,0,-1.1282477252148608,-0.8247899895070685,0.24659030004297866,-0.7077803560327396
9.5048,37.23319,1,-0.5178120616604472,2.239737741246075,-0.31514477932565793,1.4263345294270646
-0.05142,35.40227,0,-0.5802976020242848,1.7720741587949485,-0.35391530953506906,1.0624652454834556
-0.6686,34.90803,0,0.9169520766938238,-0.2590979877469004,-1.0864318316550996,-0.4367071959469587
-1.22451,34.97228,0,-0.12847907939345912,0.11425053397062283,-0.010969622065359003,-0.1212998933219081
7.3904,36.35533,1,1.7869430617595627,2.239737741246075,-1.083125282456245,1.9924129132354982
7.30691,34.62653,1,-0.6355732723461411,-0.2908363206118388,-0.5971679579919611,-0.4943733992429369
2.99323,34.60891,0,1.6715851410878626,-0.35624567258463613,0.2954792362144785,-0.3898565494989026
10.33535,35.78899,0,-1.0321161246551105,-0.20267898662133627,-0.9959508397458758,-0.338053622417856
5.05765,34.70511,0,-0.6499930124301038,-0.8021013006702323,1.1882603907484082,-0.779277922507152
1.39436,36.19622,1,-0.9287746540533791,-0.7202873598004403,-0.21026959858840066,-0.6694506919125357
10.10792,33.84632,0,-1.0609556048230355,-0.6616620163699825,-1.1205545080724069,-0.5220380255596937
-0.55418,33.34622,0,1.5177745801922622,-0.6623486383846771,-1.2872151728536347,-0.7217669177864845
2.87194,35.16034,0,0.8424500862600174,-0.39514901048858014,-1.149936349951252,-0.5556585898388176
6.8257,35.24307,0,1.5922765706260686,0.6649201178025157,-1.5470060780968475,0.5904034071748032
7.9212,33.44144,0,-1.1090214051029108,-0.8121336448267868,0.861620286288034,-0.8183248285220333
2.95237,35.56853,0,0.38822827361519796,-0.679602434378192,0.861620286288034,-0.7113808081683995
4.39607,36.66831,1,-0.22701396996720302,1.379957441280575,-1.6329094140885054,0.7922611129767525
3.24137,36.64048,1,-1.0633588948370294,-0.6458371821575064,-0.05361708694313034,-0.6922864083250414
2.94003,35.81444,0,0.729495455602311,-0.09502379006404732,0.5449583399813993,0.2755527505756592
7.90826,34.41912,0,-0.18135145970132172,0.596046772113836,0.8175250734645795,0.2890762991415425
9.22396,33.97911,0,-1.0345194146691044,-0.5363877405971286,1.5912648350921492,-0.6915318427738939
5.68763,35.18562,1,-0.03475076884770273,-0.05353007308033534,-0.7805972972404214,-0.35735361199489246
3.45995,34.22835,0,0.7727546758541985,-0.6623486383846771,-0.9297451457020985,-0.726909504031386
8.6925,33.22456,0,-1.075375344906998,-0.6766151128527891,-0.7836494623607351,-0.6920345580865301
2.39534,36.44725,0,-0.5562647018843473,0.09860575868385728,0.09493182348890257,0.8670857555064694
4.6034,33.20787,0,-0.198174489799278,-0.541913322147304,0.19506343278426477,-0.6013965634812461
5.70108,36.13556,0,1.0611494775334491,-0.7935268707399993,-1.6200618715815576,-0.8198080990591836
6.96409,35.75784,0,0.7919809959661486,-0.8618359966351061,-0.883559530418752,-0.8843220392677109
8.13869,36.58329,1,-0.38082453086280327,1.4081012346061665,-0.12851474246787256,1.014313787979511
7.258,36.69032,0,-0.6620094625000725,1.8415366979910528,0.2857729931153239,1.631298261506661
7.85841,34.95189,0,1.1452646280232304,0.13349108972661625,-0.21891481079991584,0.5108075290787744
5.71985,36.47996,0,0.42427762382510426,-0.21589507599180782,0.0032711522297014925,0.033120965074484414
11.02705,33.05653,0,-1.1402641752848295,-0.7624323943437369,-1.756149438772145,-0.759876510256529
5.08493,36.53351,1,0.6958493954063985,0.7545728343459294,-0.3990807255711817,2.320252694868422
5.29434,35.37057,0,-0.1140593393094966,-0.7055441200721081,-0.5732531177056743,-0.796325762964733
4.55649,36.70796,1,1.404819949534556,2.239737741246075,-0.012796985914232752,2.138113209073117
7.44616,36.87881,1,-1.1570872053827859,0.23078886503344007,-0.036202540250896226,-0.06596844517919045
0.75309,34.35697,0,1.178910688219143,-0.8121336448267868,0.861620286288034,-0.8351306246451926
4.66707,33.197,0,-0.28469293030305315,-0.6127948336389066,-1.7191702488448006,-0.6905303387323904
9.57974,36.66186,1,-1.036922704683098,-0.3295770346548982,0.8096930914244745,-0.6044924847870434
6.51229,36.90304,0,-0.6956555226959851,-0.6458371821575064,1.1764428855469804,0.6899262897585227
9.02899,36.66283,1,-0.6547995924580913,-0.3744629575608855,-0.1058144215725612,0.04241084005841881
1.78199,34.79094,0,1.4192396896185184,-0.6084262175515126,0.7519654365717116,-0.6371871915757675
4.04507,35.12718,0,0.8232237661480674,-0.5782800752818147,0.7965654231526432,-0.5739869540028143
3.2772,36.66705,1,-1.1042148250749233,-0.7935268707399993,0.12511809306595462,-0.778818209619985
4.51377,34.66709,0,0.6742197852804547,1.2186277461686907,-1.7121537900573607,0.5963968095314098
5.53959,33.92611,0,-0.8014002833117102,-0.6953414738010312,0.8062537654239389,-0.7253797126245292
-0.45284,35.51456,1,-0.8014002833117102,-0.39514901048858014,-0.277346367627496,-0.1373896543767634
3.96516,36.47682,1,0.4122611737551355,2.239737741246075,-0.6303735498481311,1.9692040165533995
1.56053,36.47839,0,0.6525901751545109,-0.5595487040791787,0.9533618811244157,1.6929139325328697
3.31249,36.73679,1,-1.1210378551728795,-0.6623486383846771,0.03521599321798752,-0.5746113793385098
3.18381,36.52022,1,-0.7076719727659538,2.239737741246075,0.815149145403301,2.320252694868422
8.16848,35.23117,1,1.3014784789328244,-0.18303730028136,-1.006501454539286,-0.41167467554285153
9.26851,34.86751,0,-0.21980409992522176,-0.6679291776169504,-1.5624043406329693,-0.6950788849260305
5.3729,34.65677,0,-0.9407911041233479,-0.8618359966351061,-0.883559530418752,-0.8351306246451926
6.05069,36.6124,1,1.2486060986249619,2.239737741246075,1.6765526636928387,1.9138870925484937
10.45948,35.04069,0,-0.9071450439274353,-0.7423685203908622,0.31567048239501505,-0.6989545779174919
9.09599,35.00198,0,0.015718321446166104,-0.6686380898346296,1.434002955596044,-0.6348483268796377
6.50923,36.29177,1,0.3353558933073354,-0.2784962656907491,0.9248326956204882,-0.40993718333577395
-0.53108,35.72882,1,-0.7629476430878102,-0.3744629575608855,1.6393653951342249,-0.3892696167050006
3.58733,34.98427,0,1.2678324187369119,-0.6395759773739665,-0.6259996083104143,-0.6979131887921136
8.85997,35.0712,0,1.0371165773935116,0.18959570126686853,-1.5691239563534756,1.0705278308222856
2.37729,36.4636,1,-0.46013310132459717,1.1373954834247328,1.2200055117564497,1.2495424455526076
6.26307,34.7667,0,-1.0537457347810544,-0.7118158727596351,1.6727390476552524,-0.7662626413589115
9.62209,34.15013,0,-0.9143549139694166,-0.6293187456997561,-0.05058149118414067,-0.44456067310787317
8.2639,36.36058,1,0.6069276648886296,2.239737741246075,-0.7179200634846593,1.870572961067416
6.50407,33.04171,0,-0.9383878141093541,-0.4970471920729162,0.371733508197622,-0.5721212215401729
8.70693,36.87598,0,-0.823029893437654,1.1181994150049677,0.7546839953546539,1.3025006045407772
3.91894,33.62112,0,0.46032697403501055,-0.4896048392055419,-1.5539562594389917,-0.5707291842620977
7.01479,34.70105,0,-0.7773673831717727,-0.6912704792339341,-1.1652567956654416,-0.7253797126245292
10.68957,35.46263,1,-1.0417292847110855,-0.7955663855340371,-0.010969622065359003,-0.7835096327972164
8.17535,33.92738,1,-1.1330543052428483,-0.8094451392166911,-0.18970465413371784,-0.8056157716495485
0.43345,33.24426,0,1.8013628018435253,-0.5537063441536707,1.3827130893805537,-0.6791283698203137
-0.2137,35.80345,1,-1.193136555592692,-0.5402030105390307,-0.5489841073210873,-0.49338178906662894
3.74853,36.18369,1,0.9217586567218113,-0.18303736232785406,-0.010969622065359003,-0.147632324060179
9.56519,37.2592,1,-0.7845772532137539,-0.13325764629727593,-0.023592664520439375,-0.060663250515414366
1.91594,35.08441,0,1.6956180412278001,0.7554919911086705,-0.0905960549593856,1.3948284093968337
4.15916,36.86851,1,-0.64758972241611,0.5457106851711815,-0.05011710524489077,0.7179292778206994
3.05262,34.85201,0,0.9722277470156802,-0.5073425978525861,0.35169197803190577,-0.6242115351465283
5.40349,34.78436,1,-0.7172851328219289,1.5614188659423809,0.5433329152236616,0.7007716548660238
-0.27609,35.80564,1,-1.056149024795048,-0.6766151128527891,1.6343002005537732,-0.7638281734959638
5.25693,34.71563,0,-0.7869805432277477,-0.7202873598004403,-1.5568494622491034,-0.7512322134950451
3.95619,36.69233,1,-0.9648240042632855,-0.6961677004273207,-0.010969622065359003,0.1457889242143612
7.84587,35.06218,0,1.246202808610968,-0.4004658676327977,1.06558823654193,-0.5949694636141637
9.61378,37.27743,1,-0.9624207142492918,0.3910637697466069,-0.5304865605433868,0.029526860212228653
1.74697,34.51049,0,1.3807870493946184,-0.5962666713932151,-0.9182336558926232,-0.7026464814557698
9.78877,36.81306,1,-1.1282477252148608,-0.8287010282125248,-0.010969622065359003,-0.7738875814928314
5.11226,34.39034,1,-0.6235568222761724,-0.8247899895070685,1.119180356337098,-0.6130993030805107
1.15033,35.68705,0,-0.5827008920382786,1.6186932400348109,-1.7340879259321638,1.610822604898371
8.77615,34.64204,1,-0.12126920935147786,-0.6744058543626753,-1.3198544845954485,-0.7618363962869626
3.74372,36.18412,1,0.8929191765538863,-0.2418514201699413,-0.34172454988167333,-0.03184741739174233
-0.94247,35.56726,1,-0.7845772532137539,0.35739870710217597,-1.6346771578247579,-0.002436432388429786
6.24671,36.74991,1,-1.125844435200867,-0.8287010282125248,-1.756149438772145,-0.5488091640730344
6.54221,33.57158,0,-1.046535864739073,-0.8121336448267868,-0.010969622065359003,-0.7344697681233345
3.27172,36.62288,1,-0.9215647840113979,1.3764505734373098,-0.13022878372054836,0.7858985273032065
8.91139,36.59696,1,-0.8855154338014916,-0.8618359966351061,-0.883559530418752,-0.8843220392677109
4.43809,35.87929,1,0.4867631641889419,-0.19217221945971158,-1.6734398471756853,-0.46773142985443866
5.95089,35.62184,1,1.9719963928370818,1.0837669613222227,1.1044543364604062,1.81389774870156
10.63512,34.73907,1,-1.097004955032942,-0.8094451392166911,1.5554753105137944,-0.8113593785390785
9.15817,35.92022,0,1.013083677253574,0.59232423065728,-0.9024899517610416,1.0961319717509739
3.72505,34.31428,0,1.5562272204161622,-0.14061809779251452,0.5526654600486699,-0.05207075932688164
6.0367,36.24384,0,1.0659560575614366,-0.7610612909183923,-1.6644080658468525,-0.4373563629825314
9.32437,33.15842,0,-0.8927253038434728,-0.6395759773739665,-1.1411194895122712,-0.6938045044232533
-1.42908,34.86952,0,0.37861511355922295,0.18283114430041128,-0.23704524266578175,0.22339173031390955
10.08126,36.4661,0,-0.7845772532137539,0.07003955282682658,-1.596132311193023,-0.36298588123497494
6.45553,36.36584,1,0.3161295731953853,0.8574238329160244,0.02636410781210086,0.7414077154789348
3.04825,36.63224,1,-1.1306510152288545,-0.7915465172780308,0.4253253321113375,-0.7899565415053553
-0.76398,35.6147,1,-0.7845772532137539,-0.40976949122844997,-1.4803826734129073,0.25164827154160846
4.44194,35.88263,1,0.48916645420293564,-0.1812251703763634,-0.842984937024829,-0.18055809411885992
6.9456,36.88155,1,-1.195539845606686,-0.471971970156676,-0.7646471418255575,-0.6425323557660801
2.61867,36.51438,1,-1.046535864739073,-0.8149761459571895,-0.4472645762420555,-0.7996899304591879
10.82329,36.53064,1,-1.1474740453268109,-0.7458657555159275,0.861620286288034,-0.7476442447995394
9.6816,33.52986,1,-0.7557377730458289,-0.7412253214939464,-1.601551749842138,-0.8014231934962921
8.22479,35.98722,0,-0.06599353902962153,-0.10039304547248348,-1.756149438772145,-0.1563555887841265
6.27269,36.68075,1,-1.0825852149489794,1.8109393381050565,-0.8665247475704346,1.4814321276919893
-0.25678,35.77304,1,-1.027309544627123,-0.7127333697786606,-0.883559530418752,-0.7583305340061802
4.15711,36.62263,1,-0.5610712819123348,2.239737741246075,-0.6173542481581731,2.320252694868422
6.99147,33.0166,0,-0.9311779440673729,-0.6389595144324103,-0.4764748808489796,-0.6405390022940606
11.10846,33.47989,1,-1.1787168155087295,-0.732442841913378,-0.4976268541048551,-0.7410744790555198
2.47095,36.49013,1,-0.9311779440673729,-0.5523737716011262,0.13954349738719665,-0.632531163947564
6.53026,33.81207,0,-1.1883299755647045,-0.7955663855340371,-0.883559530418752,-0.8313412637199836
-0.27513,35.8067,1,-1.0537457347810544,-0.6522855191670776,1.0403551704156668,-0.42888285150432975
9.787,33.25966,0,-0.5971206321222411,-0.7282680125385013,-0.2993595038500403,-0.7472906130061293
0.24556,33.55723,0,1.7100377813117627,-0.8247899895070685,1.4766501245923633,-0.8332008213129886
8.79491,35.27224,0,0.7871744159381611,0.3944229669340518,1.4177058052080962,1.4903143698003585
0.22935,34.18772,0,1.169297528163168,-0.8452684910953331,-0.883559530418752,-0.8646454723631704
4.18441,36.6338,1,-0.07560669908559654,0.6333841185546489,-0.9450305294642006,2.320252694868422
5.17199,36.42817,1,0.6862362353504234,-0.29541255977992154,-0.3781843938900191,1.3565400799595306
7.241,34.57212,1,-0.8374496335216165,-0.7423685203908622,1.1882603907484082,-0.7247718943456342
9.77634,37.27153,1,-0.9864536143892293,0.5541634031475391,-1.5917601449440197,0.19744182483312608
2.0531,34.4383,1,1.5442107703461936,-0.17581750818811512,1.5427559586460182,-0.28823250831173036
3.21675,33.03736,0,0.6790263653084422,-0.5288884910947176,0.04439719468018837,-0.6044924847870434
10.61835,36.71911,1,-1.106618115088917,-0.6522855191670776,-0.18970465413371784,-0.5021455862681911
3.22942,33.0164,1,0.6525901751545109,-0.5475361305536437,1.0403551704156668,-0.6281485616579355
5.10936,34.39155,1,-0.6403798523741286,-0.34737963188821647,0.31071076955227767,-0.5478009749874799
3.38539,36.68784,1,-1.068165474865017,0.048695372736826295,1.549090188775016,0.24485401498146733
2.66734,35.08754,0,0.7655448058122173,-0.6496826377187601,-0.38579357719660695,-0.7534321981602372
9.68231,33.532,1,-0.7557377730458289,-0.7412253214939464,-1.601551749842138,-0.8014231934962921
6.43535,36.39573,1,-0.13809223944943413,0.5746954566770209,1.0504541961426355,0.33391805466782687
4.86977,36.65783,1,-1.1306510152288545,-0.8452684910953331,0.861620286288034,-0.7465860797320373
7.09374,36.52311,1,0.7823678359101736,2.239737741246075,1.006813753111234,1.5687073340329596
5.76744,35.34651,1,0.8136106060920923,-0.19442438310045548,0.21576048830736116,-0.32353989920091364
10.50775,33.45261,0,-1.0729720548930044,-0.5999075596636116,-0.18970465413371784,-0.726909504031386
2.94334,36.71991,1,-0.7172851328219289,0.0684265301212114,-1.7066816845097514,-0.14311334687190982
5.96303,33.46397,1,-1.0705687648790105,-0.7877444399719243,-1.1411194895122712,-0.7930855572976494
3.60802,34.02405,0,0.4026480136991605,-0.6522855191670776,-1.5774144067037863,-0.6157891677737611
8.41971,35.97424,0,-0.12607578937946537,-0.08228930558033133,0.8262103776128696,0.12686971474647046
9.26165,35.88458,1,0.7270921655883172,-0.5886281585349264,-1.6200618715815576,-0.6610558669212587
9.39628,36.9078,1,-0.18375474971531547,1.7596497206419615,1.4471131668621948,0.9770644410517277
1.02836,34.96156,0,1.412029819576537,0.49666119432898614,1.6046768454395584,0.7094494331428705
5.27398,34.7452,1,-0.7365114529338789,-0.6365106323823055,1.568391719428745,-0.6708063625509734
8.94854,33.67308,1,-1.1378608852708358,-0.7789992891133342,-0.3684396862020767,-0.7941526873610684
7.5583,34.6871,0,-0.1669317196173592,-0.5034949706640409,-0.556919425958378,-0.39824711013576386
7.24957,34.26663,1,-1.0994082450469358,-0.6953414738010312,-0.9389262731939364,-0.7247718943456342
6.28938,36.54766,1,-0.4433100712266409,0.4858267596323246,-1.2764683886574064,0.931794167164885
6.32489,36.97708,1,0.03975122158610364,2.239737741246075,1.4646234312042203,2.320252694868422
9.79203,33.92417,1,-1.1042148250749233,-0.7726182803056105,-0.22234392889035015,-0.7769990402483811
7.23871,34.57427,1,-0.8374496335216165,-0.7423685203908622,1.1882603907484082,-0.7247718943456342
6.51398,33.12003,0,-0.9480009741653292,-0.8121336448267868,-0.883559530418752,-0.8548071897905111
5.94525,34.52585,0,-1.183523395536717,-0.7136565285402676,0.6040603641796963,-0.7050599934648397
6.63371,36.32096,1,0.4627302640490043,0.27717916723397473,-0.49865948037308194,1.2715867090445814
-0.05278,33.723,0,1.3567541492546809,-0.8452684910953331,0.861620286288034,-0.8449689054586297
6.02967,35.86686,1,0.8640796963859613,-0.541913322147304,1.5281772877325295,-0.6753887702519539
6.25776,33.69644,0,-1.0705687648790105,-0.8094451392166911,-0.7048244983503932,-0.846218533706197
0.50241,34.0562,0,1.2101534584010618,-0.6729474049853428,-0.5163447585940919,-0.7306431503920962
-0.66704,35.03614,1,0.280080222985479,-0.7412253214939464,-0.728961841488745,-0.5492421860422166
1.88856,34.24278,0,1.6163094707660062,-0.350317812590338,-0.6018622651720625,-0.5115043383165163
7.24247,34.57192,1,-0.8278364734656415,-0.7136565285402676,-1.1411194895122712,-0.7188165052605681
-0.4854,34.78556,0,1.0923922477153678,-0.33553095417669404,-1.522047737898965,-0.4211906598272566
5.39063,36.00427,0,1.0299067073515302,-0.32445366950235127,-1.4295092973265895,-0.33162415815624596
10.82531,36.53284,1,-1.1570872053827859,-0.7773588418573524,0.7519654365717116,-0.7743266903705444
9.83686,35.03073,0,-0.500989031562491,-0.615564635667821,0.17958291520442757,-0.5589142203654378
7.24247,34.56878,1,-0.8302397634796352,-0.6365106323823055,-0.7177409812357068,-0.7501457460620976
6.5584,36.04232,1,0.7439151956862735,-0.7506998056225674,1.4766501245923633,-0.6136351199165322
5.00819,36.7881,1,-1.1426674652988233,2.239737741246075,-0.00220842432457594,2.320252694868422
4.23128,33.23263,0,0.1575124322717976,-0.8149761459571895,1.2979152404647305,-0.691280977699769
-0.25323,35.75919,1,-1.0249062546131293,-0.7090964369722593,-0.48991204111982684,-0.33991727196150895
6.60039,36.57254,1,0.7126724255043547,2.1455369701544975,-1.4512827695728405,1.6787158559853508
4.1623,36.62308,1,0.03254135154412238,2.239737741246075,-0.5866985626571836,2.320252694868422
3.18751,36.70917,1,-1.1667003654387609,-0.8287010282125248,-1.756149438772145,-0.8646454723631704
1.73281,36.55008,1,-1.1811201055227234,0.8211909140691629,-0.8944504828525716,0.3026088549246735
7.44416,34.05965,0,-1.1979431356206796,-0.7773588418573524,0.09868522765096345,-0.8351306246451926
10.03238,35.67206,0,-1.017696384571148,-0.7877444399719243,-0.6259996083104143,-0.817595553548064
2.88155,36.59886,1,-1.1594904953967795,-0.7412253214939464,-1.601551749842138,-0.7670853662118254
5.26629,36.58822,1,1.277445578792887,2.239737741246075,-0.6507716911341282,2.320252694868422
5.27621,36.02362,1,0.9385816868197676,-0.8384060150665126,-1.3198544845954485,-0.8126982591616153
9.8056,36.82566,1,-1.1282477252148608,-0.8149761459571895,1.2979152404647305,-0.8147548742610229
-0.20396,35.50445,1,-0.6956555226959851,1.7665711311453574,-0.8488854049448809,2.320252694868422
5.20237,35.43045,0,-0.12126920935147786,-0.7136565285402676,-1.4985895166638075,-0.728144140188058
10.94087,35.37612,0,-1.0537457347810544,-0.8618359966351061,-0.883559530418752,-0.6846266989251677
8.54851,33.27402,0,-1.0801819249349855,-0.5301265668368357,0.8893724870984475,-0.6740035728294762
1.79085,34.04834,0,2.027272063158938,-0.49145140491473194,-0.7836494623607351,-0.4453317190518285
7.30941,34.62613,1,-0.6115403722062036,-0.39514901048858014,0.25540712349677797,-0.36783559218155737
5.98816,36.0955,1,0.8544665363299861,-0.7557539501551984,1.2364440934785559,-0.7825540444530108
9.35973,34.59247,0,-0.37601795083481576,-0.36776057118145855,1.6026388139967083,-0.3823767311159974
8.09998,36.54105,0,-0.40245414098874704,1.3809077453833254,-1.3978648869678452,0.624050767925239
3.3722,33.77996,0,0.4411006539230605,-0.7506998056225674,-0.2685295441736967,-0.7530629726219671
3.97698,33.57676,0,0.4723434241049793,-0.4321565487903116,1.4670733296285523,-0.5525807392626234
4.24137,35.97628,0,1.3855936294226059,1.751600056690902,-1.7177792361675794,0.6547955529176096
4.53719,33.55002,0,0.03734793157210989,-0.7193212183300857,1.206173645628349,-0.7328635983289727
2.11227,36.25484,1,-0.5995239221362348,-0.7446884232914767,-0.4472645762420555,-0.8031934776036621
6.47347,36.50846,1,-0.6547995924580913,-0.013435504537275059,1.5349103660591115,0.15807184119459208
3.56768,33.44223,0,0.6670099152384734,-0.8384060150665126,1.2979152404647305,-0.6955910437429998
5.8891,35.84543,1,1.0251001273235427,0.1374582805091807,-0.07548716448352918,0.03164271183881663
6.45534,35.05968,1,1.5730502505141186,1.0189283750481197,0.9397566601887108,0.16256565446967555
4.3774,35.03827,0,2.3156668648381884,2.239737741246075,-0.38310031627782887,2.320252694868422
8.54642,33.36292,1,-1.1186345651588858,-0.7652329869453198,0.28923776492075,-0.7319080170216555
2.96607,35.32923,0,0.5780881847207046,-0.5947214655055881,-0.08004980441739538,-0.5172604567937543
6.81975,36.45337,1,1.2149600384290493,1.2685139960295393,0.03628501290483675,0.9852624724199198
9.51282,37.22858,1,-0.18615803972930922,2.239737741246075,1.7038974357435535,2.320252694868422
9.08772,35.12286,0,0.020524901474153614,-0.26000746525657104,0.9382837623195895,-0.39566530390193183
8.0404,35.38777,0,1.412029819576537,0.6151574645577992,0.7617099963189279,0.4690767537996232
1.19392,36.13834,1,-1.0225029645991355,-0.5207495732619785,1.4525127074836484,-0.64984869315594
-0.77652,34.27122,0,1.609099600724025,-0.6206304526971439,-1.0381572193487592,-0.7116608763296947
7.05158,36.53592,0,0.3113229931673978,1.0837669613222227,-1.0905667749497905,1.3392387918897544
4.76246,35.71823,1,0.2656604829015165,-0.49145140491473194,1.4766501245923633,-0.23514442021476317
-0.74757,34.81994,0,0.7823678359101736,0.11145043774099221,-0.5752549776409912,-0.14363587806249092
9.67628,37.05584,1,-1.176313525494736,-0.8452684910953331,-0.883559530418752,-0.850241227297896
2.92563,34.22118,0,1.3759804693666309,-0.3589633090236847,0.15619393022908806,-0.40617740197126867
7.31006,34.62602,1,-0.6115403722062036,-0.39514901048858014,0.25540712349677797,-0.36783559218155737
9.67702,37.05253,1,-1.176313525494736,-0.8452684910953331,-0.883559530418752,-0.822881980830278
7.84308,34.45925,0,-0.013121158721758942,-0.636510616870682,0.33833174693863416,-0.5708835454476798
9.73274,34.12355,0,-1.056149024795048,-0.7557539501551984,1.2364440934785559,-0.7743266903705444
10.41811,34.92995,0,-0.9455976841513355,-0.7506998056225674,-0.2685295441736967,-0.7874261890000507
7.96203,33.21456,0,-1.065762184851023,-0.6857291223626484,0.38834621615435616,-0.7494262945844391
1.16772,35.70128,0,-0.549054831842366,-0.23133999952126344,-1.1084801777704574,0.2328755419442081
3.32905,36.75671,1,-1.183523395536717,-0.7292993803857178,-0.010969622065359003,-0.723864501650592
2.36281,33.33967,0,1.022696837309549,-0.7652329869453198,1.434002955596044,-0.7253797126245292
10.66909,36.84166,1,-0.9335812340813666,-0.5301265668368357,-0.8558072556379756,-0.678187115617931
10.67078,35.31784,0,-0.9455976841513355,-0.7726182803056105,0.6502459794630429,-0.7839908433786738
-0.9414,34.94708,1,0.4771500041329668,-0.5921658634857307,-0.47140184541004426,-0.48287667159065906
4.47905,35.7066,1,-0.058783668987640265,-0.4805064033656872,1.7100727775327123,-0.6758525574975478
6.82859,36.77584,1,-0.9023384638994478,0.8549909898846296,-0.09130409927453373,0.8009847154713468
3.3882,36.69094,1,-1.087391794976967,0.054227686331605365,1.5713425451516752,-0.015595526426428788
3.44405,36.55865,0,0.15030256222981633,1.1875987908701369,0.038180725369171935,2.320252694868422
1.05929,33.56323,0,2.1594530139285943,-0.31036210410094417,-1.2844445759202843,0.23689703926486627
1.55818,34.27085,0,1.4889351000243372,-0.8021013006702323,-0.33760972652573307,-0.588682031909528
6.1371,35.49632,0,2.41900833543992,2.239737741246075,-0.507970869674257,2.123989442067892
1.81209,33.65314,0,1.549017350374181,-0.5104510961808535,0.06785526797461983,-0.49936973079777924
7.44492,36.4073,0,-0.26066003016311556,-0.24717476117278622,0.8166773731039864,0.3786621944771896
4.7137,35.16886,0,0.015718321446166104,-0.09377628325483477,1.2214846231360674,-0.42202740216201223
3.25479,36.6321,1,-0.9936634844312106,0.5118605998815168,-0.04439357443326288,0.10181557702096883
4.14801,36.48429,1,1.275042288778893,2.239737741246075,-0.03594098104713904,2.320252694868422
7.30995,34.62704,1,-0.6115403722062036,-0.39514901048858014,0.25540712349677797,-0.36783559218155737
6.57036,33.0663,0,-0.9480009741653292,-0.8121336448267868,0.861620286288034,-0.7487106711741108
4.16005,36.61996,1,-0.3327587305829282,2.239737741246075,-0.6995508552868567,2.320252694868422
2.25152,35.38388,1,0.6814296553224359,-0.8021013006702323,0.31567048239501505,-0.8081150281446833
5.53757,35.75074,0,1.265429128722918,-0.4612177926000581,0.5732305524440788,-0.42570606227618063
9.19985,34.99983,0,-0.16933500963135295,-0.7282680125385013,1.4458204607974718,-0.7670853662118254
5.40372,35.31813,0,0.05897754169805367,-0.03878273828339622,1.5872849336784185,-0.14024595555621852
2.98119,33.41534,0,0.8160138961060861,-0.7127333697786606,-0.010969622065359003,-0.7244688577803575
5.40151,34.786,1,-0.7172851328219289,1.5614188659423809,0.5433329152236616,0.7007716548660238
2.06771,36.19749,0,-0.46013310132459717,0.151689822801147,0.24253568856256394,-0.15921988386888894
1.7675,34.25213,0,1.7268608114097188,-0.07547827578983649,1.1558116636470015,-0.14076651641802665
4.14787,36.89001,0,-1.173910235480742,0.7842968277817876,0.44501594687472795,0.6033096235885735
5.56491,36.74763,1,-1.195539845606686,-0.24118913589253482,-0.10027463314275821,0.19080024060533318
10.19501,36.72633,1,-1.1594904953967795,-0.6686380898346296,-1.183766917404861,-0.7462351501038015
3.7839,35.676,0,0.27287035294349776,-0.7624323943437369,-0.010969622065359003,-0.7297012769435277
8.17119,35.29479,0,1.472112069926381,-0.34817925608018535,-1.5547532161305302,-0.6338802480583894
7.36317,36.843,1,-0.988856904403223,-0.30640186252571244,-0.7836494623607351,-0.2517578946574633
4.60068,36.64987,1,0.9602112969457114,2.239737741246075,1.582551718087351,1.9337063481998589
10.51692,36.68749,1,-1.1667003654387609,-0.8452684910953331,-1.756149438772145,-0.8623229701919665
1.67823,35.47419,0,1.0539396074914678,-0.6596161418103054,-0.35023276898081346,-0.534543758576589
7.20808,35.7756,0,0.87609614645593,-0.615564635667821,-1.3462873130252582,-0.6264539100278923
2.882,34.47745,0,2.053708253312869,0.35315174867797516,-0.7383059996607527,0.1725953034651835
5.71769,34.8933,0,-0.8350463435076227,-0.6316910468645893,-1.4627998811299079,-0.42265593704057697
-1.30241,34.96914,0,-0.3904376909187783,0.6910167491036786,-0.43473636379240976,0.8111198614988682
6.25181,35.36722,0,3.137592049624052,2.239737741246075,-0.4318852501188755,1.6316445890098343
4.59334,36.64766,1,1.402416659520562,2.239737741246075,0.75049786456873,2.320252694868422
6.94992,36.8633,1,-1.183523395536717,-0.679602434378192,0.861620286288034,-0.7560465148188227
5.89139,36.62701,1,0.30891970315340406,2.239737741246075,-1.7054517792832609,2.320252694868422
10.98962,33.75647,1,-1.183523395536717,-0.7356646061165195,1.5092893993489955,-0.772580620196416
6.29937,34.4865,0,-1.2508155159285421,-0.8618359966351061,-0.883559530418752,-0.8704086057386067
10.00736,34.01818,0,-1.1594904953967795,-0.7877444399719243,1.119180356337098,-0.8244781019478978
3.91522,36.69894,1,-0.6043305021642223,0.010230579452772585,1.4104936948103797,0.4239847102240689
7.43344,36.75616,0,-1.154683915368792,-0.7789992891133342,0.5041502221513163,-0.8213262866369455
6.35369,36.12764,1,0.6021210848606421,-0.602539540917635,1.4766501245923633,-0.6447441905514637
7.63472,34.0149,0,-1.1667003654387609,-0.7446884232914767,-0.08979451210533784,-0.8074825948299035
4.14455,36.71239,1,-1.0200996745851418,0.39701725494294443,1.6977161763253505,0.015114468189322692
-0.24432,35.80213,1,-1.1378608852708358,0.06312769748351314,0.08894037202229489,-0.28297837331072706
-1.25146,35.01376,0,-0.22701396996720302,0.7924781543932045,-0.38838949311760657,0.01892666029918792
5.40483,34.73481,1,-0.8182233134096665,-0.4970471920729162,1.7089771285151638,-0.5870495582260475
3.62239,36.43053,1,-0.3495817606808845,1.7247416185358888,-0.13167786313276647,1.0475670829753605
10.58315,34.60141,1,-1.1594904953967795,-0.7292993803857178,-1.756149438772145,-0.7915078587540565
1.53496,33.98185,0,1.861445052193369,1.1373284732111673,-0.12152188022624656,0.7078696798278429
3.25186,36.55001,1,0.3065164131394103,0.5885917617616772,0.9377618274378839,2.320252694868422
0.74487,35.78522,1,-0.5851041820522723,0.2291665974002126,0.7255327190974465,0.8161363185547483
6.11912,33.56328,0,-1.084988504962973,-0.8247899895070685,-1.1411194895122712,-0.6979131887921136
9.74045,34.10171,0,-0.9528075541933168,-0.39809525723492717,-0.010969622065359003,-0.4928869269215306
3.11955,36.67937,1,-1.1474740453268109,-0.6630376336777687,-0.010969622065359003,-0.7247718943456342
7.30627,36.76706,1,-1.1378608852708358,-0.7412253214939464,0.1436281408350111,-0.7864323551669847
7.6198,35.7529,0,0.9457915568617489,-0.6679291776169504,1.5404652444429774,-0.5433719292339181
2.21013,35.89519,0,1.5418074803321997,2.239737741246075,0.21032914042979461,2.320252694868422
7.62818,33.46892,0,-1.087391794976967,-0.8121336448267868,-1.756149438772145,-0.8532106570149154
5.41807,35.6322,0,0.767948095826211,-0.7570555770188393,1.5554753105137944,-0.6922864083250414
3.25712,34.56605,1,1.7917496417875503,-0.7252205989836185,-1.0196470976093395,-0.5482327021691829
5.30885,36.01536,1,1.0058738072115927,-0.6953414738010312,-0.06633643881090638,-0.7050599934648397
4.60764,36.64335,1,0.7415119056722798,1.9682803123009436,0.3889507019612294,1.841876642457599
8.82632,36.61878,1,-0.7557377730458289,-0.5876257974236746,-1.5135995827346242,0.3015073848454977
5.3002,34.98119,0,-0.6139436622201974,-0.6263870023213914,1.2425484237191833,-0.6945681053392023
4.08155,36.60469,1,0.7967875759941361,2.239737741246075,-0.16749623615271228,1.9325041098777247
4.08936,33.16815,0,0.13107624211786628,-0.7681172259766834,0.4253253321113375,-0.7783604881722564
4.81501,33.09767,0,-0.33996860062490947,-0.7136565285402676,0.6040603641796963,-0.7594882147504922
3.69257,34.01579,0,0.2872900930274603,-0.7935268707399993,1.5981224795101134,-0.650055183611343
2.26663,33.38597,0,0.9818409070716552,-0.7681172259766834,-0.4472645762420555,-0.7244688577803575
6.40742,36.73718,0,-0.7485279030038476,1.4222969760710704,-0.5524843109304161,0.971257488092148
10.17584,35.8341,0,-1.087391794976967,-0.6408140220928377,-0.7575709889551333,-0.7050599934648397
7.58121,33.95999,0,-1.145070755312817,-0.7935268707399993,0.7255327190974465,-0.7717177428578652
0.74145,36.32162,1,-1.173910235480742,-0.19135519122616382,0.665531363225145,-0.21452352222835436
4.60423,35.00261,0,0.45071381397903554,-0.46087566823190934,0.4903801952467283,-0.46357006733845635
1.92315,35.56631,0,0.7439151956862735,-0.8452684910953331,0.861620286288034,-0.8744837558154406
10.5474,35.35406,1,-1.0921983750049544,-0.8247899895070685,-0.6259996083104143,-0.7941526873610684
5.20456,36.53535,1,0.9722277470156802,2.239737741246075,0.36544735880460916,2.320252694868422
10.63377,34.7396,1,-1.097004955032942,-0.8094451392166911,1.5554753105137944,-0.8113593785390785
1.92583,35.79578,0,1.5922765706260686,2.239737741246075,1.5902768869232067,1.4880100984479705
8.41272,33.02835,0,-0.9816470343612418,-0.5967837048280689,-0.010969622065359003,-0.7357672155465321
2.93251,36.14124,1,0.9866474870996427,-0.6229163696306468,0.31567048239501505,-0.610082645286493
8.57611,36.30338,0,-0.08762314915556531,-0.31560360577814744,1.5981224795101134,-0.3100662281005394
4.5449,36.56259,1,1.0347132873795177,2.239737741246075,1.6446252797102334,2.102289704635642
5.82781,35.54188,0,2.5463827061815887,1.6409768660911042,-0.6227415096993597,0.7712596600616292
7.7875,33.74069,0,-1.145070755312817,-0.8121336448267868,0.861620286288034,-0.8425817395600093
3.32435,33.12502,1,0.6069276648886296,-0.4233143649708512,-0.7780195040583698,-0.5339907435851353
5.62358,36.58165,0,0.6045243748746358,2.0640786099862494,-0.06695423928312924,2.320252694868422
4.63238,35.425,0,-0.2582567401491218,-0.8287010282125248,-1.756149438772145,-0.8602232647059838
9.28323,33.36431,0,-0.9816470343612418,-0.8287010282125248,-1.756149438772145,-0.8475105556883806
6.17199,33.86917,0,-1.1594904953967795,-0.6766151128527891,1.6343002005537732,-0.5611527953270254
7.24045,34.57104,1,-0.8374496335216165,-0.7423685203908622,1.1882603907484082,-0.7247718943456342
10.45932,35.97696,0,-1.193136555592692,-0.8452684910953331,0.861620286288034,-0.8564951722095024
9.9579,35.63388,1,-0.9431943941373417,-0.8149761459571895,1.2979152404647305,-0.6892856679727536
6.33494,34.90741,0,-0.1621251395893717,0.5010499910385674,-1.6954221377568364,0.06281387597764936
3.32726,33.06485,1,0.6477835951265234,-0.7570555770188393,-0.7048244983503932,-0.6051851397933901
7.3326,36.64104,1,-0.9528075541933168,-0.2682558641280476,0.5693861647354621,-0.17760727345341196
2.7913,36.28705,1,0.3449690533633104,2.239737741246075,1.0182205748569886,1.4805318563280836
-1.09328,33.63991,0,1.4000133695065684,-0.8247899895070685,-1.4985895166638075,-0.8056157716495485
4.17858,36.62199,1,0.3017098331114228,2.239737741246075,-0.5544789217701537,2.320252694868422
5.10364,35.63159,0,0.46032697403501055,1.4971498664835852,-0.74278024501077,0.7458669635578303
5.79417,36.75546,1,-1.068165474865017,0.8538911537312376,-0.3791211545677287,0.626038660771802
-1.12461,34.31762,0,1.7773299017035877,-0.5999075596636116,-1.5774144067037863,-0.7259898530766209
3.06245,36.57798,1,-1.046535864739073,-0.7557539501551984,-0.38579357719660695,-0.7946910163662753
5.0787,36.52343,1,1.440869299744462,1.8065092184304432,-0.5247246391133341,2.2475914311100516
9.01321,36.91583,1,-0.7845772532137539,0.5167905661121341,-1.310439980608177,0.8356057564062568
10.8223,36.53502,1,-1.154683915368792,-0.6888738558434364,0.6997136597550734,-0.7683303888158861
0.78925,35.9303,1,-1.0825852149489794,-0.8618359966351061,-0.883559530418752,-0.8516921457402836
7.13933,34.78027,0,-0.12126920935147786,0.2029943934693063,0.9221383991166274,0.06851961033340824
10.07511,36.93084,1,-1.1811201055227234,-0.8452684910953331,-0.010969622065359003,-0.8475105556883806
6.04853,36.58998,1,0.40985788374114174,2.239737741246075,0.7737662778522924,1.5055304870772965
9.8052,36.84838,0,-1.087391794976967,-0.4520815704453316,1.5981224795101134,-0.5865615640841005
6.25193,36.72839,1,-1.116231275144892,-0.7877444399719243,-0.6259996083104143,-0.49798931845946437
2.09369,36.52507,1,-0.6499930124301038,0.3235636370640694,-0.9612887714411824,1.0001908091057945
6.44815,35.6796,0,0.9842441970856489,1.113319085969584,1.574522087237167,0.7554573981222983
5.17462,36.03603,1,1.1140218578413117,-0.2841588148765227,-0.2756511148470358,-0.2997922020420803
5.42461,36.60367,1,1.4384660097304685,2.239737741246075,-1.6756436462021385,2.320252694868422
5.98604,33.77226,0,-1.145070755312817,-0.8287010282125248,0.861620286288034,-0.7594882147504922
6.47771,36.58746,1,0.7871744159381611,2.239737741246075,-0.09356921973195811,1.4299968639599716
3.74503,36.21812,0,0.6718164952664609,0.14453170492298006,0.23433858881042688,-0.20313192568988928
0.47935,34.44022,0,1.3231080890587683,-0.7446884232914767,1.2979152404647305,-0.766673286022744
7.7207,35.84905,0,0.719882295546336,-0.44249070260551093,0.07716458610562936,-0.45367935466899384
4.49026,35.86809,0,0.6237506949865859,-0.44775469613680446,-0.3684396862020767,-0.12875724995680188
5.64338,36.46576,1,0.5588618646087545,2.0666163115925755,1.6312478874927334,1.2942078848012688
0.84255,34.14484,0,1.306285058960812,-0.5632008848114909,1.7033802349650835,-0.5893375602922818
3.42187,36.49968,1,0.5756848947067108,2.239737741246075,0.2549641889628136,2.320252694868422
1.9423,36.54192,1,-0.9239680740253916,0.5810972898393074,0.538507088738051,1.5167028141708883
6.42488,33.77197,0,-1.154683915368792,-0.7570555770188393,0.16776541000299983,-0.7111011903679668
7.71341,33.36146,0,-1.075375344906998,-0.8384060150665126,0.4253253321113375,-0.840323901116222
6.95238,36.88267,1,-1.1570872053827859,-0.7193212183300857,0.517066779006993,-0.5463659282470471
2.29066,34.32539,0,1.7388772614796877,-0.1497821788230659,-0.02388603098030957,-0.15476176169214942
6.41974,36.79742,1,-0.4481166512546284,0.3575102666984638,-1.0360883422645157,2.320252694868422
5.24523,36.3436,0,1.0491330274634802,1.3915670848738,0.3302858426085785,1.0464895946121069
4.37687,36.84357,1,-0.12367249936547162,2.239737741246075,-0.8302646975126964,1.6135558449721796
7.12783,36.37542,1,0.4122611737551355,-0.5042611517957211,-0.14081571796221798,-0.2512225844774121
2.71122,36.57147,1,-1.1234411451868733,-0.8247899895070685,0.6040603641796963,-0.8351306246451926
6.4018,36.5197,1,-0.2870962203170469,-0.16316734488980247,1.2138248441011512,1.622336530706081
4.23857,34.78918,0,0.885709306511905,-0.5999075906868587,0.3254153380236836,-0.682697226326722
3.46206,36.48532,1,0.5252158044128419,2.239737741246075,1.1916760462327667,2.320252694868422
2.53583,34.95834,0,1.0154869672675677,-0.8247899895070685,-1.4985895166638075,-0.7479987913884512
6.20995,34.06302,0,-1.241202355872567,-0.7557539501551984,-1.2583835225351816,-0.8043954485240342
11.37028,33.13334,0,-1.1691036554527545,-0.732442841913378,0.374963054248538,-0.772580620196416
-0.3574,35.82631,1,-1.0056799345011793,-0.4343957447138007,1.206173645628349,-0.43530384335221617
1.29574,34.26453,0,1.392803499464587,-0.580709319616555,1.2979152404647305,-0.711941394851852
4.56589,36.53578,1,0.2199979726356352,2.239737741246075,0.6850524379164168,1.9536773754618475
9.67383,33.38045,0,-0.7677542231157977,-0.8021013006702323,0.5349801818276599,-0.7630275444728606
1.35522,35.33986,1,1.1428613380092367,-0.7458657555159275,0.861620286288034,-0.590488232295673
4.15226,36.62677,1,-0.7869805432277477,0.11759992781200909,-0.37406957053407885,2.320252694868422
10.51023,33.54722,0,-1.1691036554527545,-0.6084262175515126,0.9712751360043564,-0.651505767801528
3.04423,36.70697,1,-0.9215647840113979,-0.7282680125385013,0.7925402518767237,-0.5211041460164326
9.6766,37.31543,1,-1.065762184851023,0.6056801107788287,0.3677595244129356,0.46997038234080873
-0.31597,34.22584,0,1.354350859240687,-0.8384060150665126,1.2979152404647305,-0.8582923882482874
5.99216,36.12506,1,0.8160138961060861,-0.7557539501551984,1.2364440934785559,-0.6902807684457449
9.21883,36.07437,0,0.8424500862600174,1.5088771502295142,-1.0842110934155074,1.5689442238465736
0.03459,34.30906,0,1.287058738848862,-0.3872857962521176,0.5780399575090915,-0.5211041460164326
10.58804,34.60437,1,-1.1522806253547984,-0.7446884232914767,0.7827953962480552,-0.7909878889908802
5.53074,35.79001,1,1.4384660097304685,1.4845114920191407,-0.21800970943759318,0.7874914536734589
6.2895,34.10821,0,-1.2460089359005546,-0.8452684910953331,-0.010969622065359003,-0.8672816332828035
5.92788,34.76452,1,-1.0585523148090419,-0.732442841913378,-1.3702167624582482,-0.7761009221723486
4.15661,36.62209,1,-0.5610712819123348,2.239737741246075,-0.6173542481581731,2.320252694868422
4.95804,35.4391,1,-0.25104687010714055,-0.6953414738010312,0.9169868071521292,-0.6968775699152846
3.82654,35.93372,0,0.6117342449166171,0.03722409282531554,1.6727390476552524,-0.2937791526928521
5.63584,33.05776,0,-0.9455976841513355,-0.7506998056225674,-1.1411194895122712,-0.705871740771733
5.99092,35.02061,0,0.09743018192195374,0.30679656479306844,1.4907107070830254,-0.20697930224212827
10.13714,36.46439,0,-0.6427831423881225,1.0040800285588798,0.6238131140480517,0.7229957249323041
2.02241,34.22192,1,1.7244575213957252,-0.20517573754159454,-0.33760972652573307,-0.3402730007476845
8.82207,36.61814,1,-0.7437213229758601,0.3235636370640694,0.06675961895707133,0.25814787950753476
3.25353,36.6328,1,-0.960017424235298,0.24614351091406428,-0.010969622065359003,0.022242498443598144
4.40641,36.66276,1,-0.19096461975729673,1.2794545302310132,-1.1449373588457332,0.6502293441338979
4.13361,36.61782,1,-0.8206266034236602,2.239737741246075,1.1105938765938472,2.320252694868422
6.83511,33.39867,1,-1.0297128346411168,-0.7458657555159275,-0.010969622065359003,-0.8037922182964247
3.95577,36.77264,1,-0.13328565942144663,1.7270338642117842,-1.5918833055985038,2.320252694868422
8.27792,36.37984,1,-0.4433100712266409,-0.2707992740118256,0.09868522765096345,1.02539491699847
8.4401,36.75772,0,-0.8158200233956727,1.3267240312521258,-1.2962300889396914,0.7591424758787556
-0.82356,34.9109,0,0.8736928564419363,0.33031752203355136,1.7033802349650835,0.19538187424858153
2.25752,35.41907,1,0.6862362353504234,-0.7292993803857178,0.861620286288034,-0.8031934776036621
7.89029,34.5046,0,0.11665650203390376,-0.49855399118073107,0.40741192929067055,-0.48023319406623427
8.44447,36.88497,0,-0.9624207142492918,-0.07547827578983649,-1.1777507598369934,-0.2410608108639022
10.55161,35.68078,0,-1.077778634920992,-0.8149761459571895,1.2979152404647305,-0.8516921457402836
10.05993,36.8096,1,-1.097004955032942,-0.7193212183300857,0.517066779006993,-0.7483542668466417
5.9484,36.59603,1,1.2630258387089244,2.239737741246075,-0.3800110180352623,2.320252694868422
10.0219,35.42989,1,-0.9095483339414291,-0.7955663855340371,0.861620286288034,-0.840323901116222
7.67984,36.79305,1,-1.125844435200867,-0.24583958266749203,-1.4046524074816347,-0.27585783030578875
3.2548,36.54366,1,0.5300223844408294,0.847355548327796,1.0759810725509473,2.320252694868422
9.89072,35.21225,0,-0.7196884228359226,-0.6229163696306468,0.31567048239501505,-0.5888457943781124
9.96316,34.42362,0,-1.0321161246551105,-0.6229163696306468,0.5349801818276599,-0.6595436395880349
0.08491,35.64884,0,-1.1234411451868733,-0.7877444399719243,-1.1411194895122712,-0.8140626414679847
5.11195,35.79101,0,1.9023009824312629,1.366610992226121,0.754377166288708,1.616711973895767
9.67329,37.31914,1,-1.0825852149489794,-0.5436327856134486,-0.38579357719660695,0.5922400913618209
-0.88269,33.70891,0,1.3855936294226059,-0.7726182803056105,-1.5447751319471539,-0.8322627372288638
9.40752,36.27049,0,-0.28949951033104065,-0.261602494478914,-1.5191544611184902,-0.3347854662297507
5.99658,35.41381,0,1.363964019296662,0.615615988148771,-1.5124742716014914,0.43488862224367986
7.73015,36.3072,1,1.414433109590531,1.2889712214872064,-0.7505637764630748,1.8615461531222215
8.25636,33.10713,0,-1.0225029645991355,-0.6299095369044024,-0.010969622065359003,-0.7272172553119408
7.38161,35.00079,0,1.861445052193369,0.28385450134199924,1.5377253821954757,1.4019306001966299
3.4053,35.08954,0,0.6573967551824984,-0.7127333697786606,-0.010969622065359003,-0.7864323551669847
7.72244,34.42036,0,-0.15491526954739043,2.060914238790097,0.21599186760299252,1.1902731546194196
2.92575,35.46942,0,0.41466446376912924,-0.7090964369722593,-0.48991204111982684,-0.6961045958638872
3.81215,35.96942,0,1.2389929385689868,2.239737741246075,-1.756149438772145,2.320252694868422
9.27839,33.84826,0,-1.1426674652988233,-0.8452684910953331,0.861620286288034,-0.8704086057386067
8.88916,36.715,0,0.85686982634398,2.239737741246075,-1.1932490303039636,2.320252694868422
8.83003,34.39149,1,-0.5610712819123348,-0.7252205989836185,-1.6200618715815576,-0.5898301706330683
-0.51414,34.61322,0,1.4096265295625434,-0.8452684910953331,-1.756149438772145,-0.48968545228861204
6.35611,34.64552,0,-1.1715069454667484,-0.7282680125385013,1.6651301602301167,-0.8062330897278844
7.94322,33.32411,0,-1.0897950849909606,-0.8021013006702323,1.1882603907484082,-0.8140626414679847
7.38193,36.54974,1,-0.43129362115667214,0.1281309551528043,0.08229783342009028,0.6971953392578322
7.73276,36.30403,1,1.414433109590531,1.2889712214872064,-0.7505637764630748,1.8615461531222215
-0.26996,35.77235,1,-1.027309544627123,-0.8121336448267868,-0.010969622065359003,-0.8381764010837188
2.91071,36.56339,1,-1.0585523148090419,-0.7282680125385013,-0.08004980441739538,-0.6810239668376419
8.03187,36.62694,0,-0.38082453086280327,2.239737741246075,1.2898648979128917,0.9103760178618407
6.12773,36.64264,1,1.265429128722918,1.8807200517226093,0.6292934303059596,0.670655911408188
6.96935,36.868,1,-1.1715069454667484,-0.7610612909183923,-0.7918180835230966,-0.7646341646280848
5.47724,36.33712,1,1.2486060986249619,-0.5523737716011262,-1.6056363193195895,-0.6279597197188271
1.09067,33.8429,0,1.8638483422073628,-0.6986714470897822,-1.5238225088197077,-0.5263382962541676
3.05886,36.54212,1,-0.988856904403223,-0.7202873598004403,-0.6842595538957104,-0.7312742748456196
0.06453,34.7151,0,1.5033548401082997,-0.0323315161118521,-1.4787583582106154,0.0012327701476285108
8.13762,36.5769,1,-0.23662713002317806,0.3234487269571032,1.153854407840606,0.5599298520118033
10.3332,35.51821,0,-1.1210378551728795,-0.8618359966351061,-0.883559530418752,-0.8564951722095024
8.40452,33.8405,0,-1.1594904953967795,-0.8618359966351061,-0.883559530418752,-0.8548071897905111
-0.05251,33.68544,0,1.4168363996045246,-0.7652329869453198,-0.583352143432643,-0.7630275444728606
3.31522,36.73506,1,-1.1210378551728795,-0.6623486383846771,0.03521599321798752,-0.5746113793385098
2.75749,36.67061,1,-0.8951285938574666,-0.4639651803329998,-0.03410252164380726,0.44297136123110165
10.71102,34.81592,1,-1.0825852149489794,-0.7877444399719243,1.119180356337098,-0.8213262866369455
6.00253,36.48969,1,-0.33996860062490947,-0.10688701767842267,0.4944056624041,0.6864793403080509
-0.5594,33.73066,0,1.392803499464587,-0.8452684910953331,0.861620286288034,-0.8068553195543757
1.04081,33.27655,0,1.5225811602202497,0.11439038676819396,-0.8929740344060236,-0.10498343186795026
6.23223,35.53517,1,1.4072232395485496,-0.5999075596636116,-0.18970465413371784,-0.46449125233490896
-0.96853,33.89017,0,1.4576923298424185,-0.7877444399719243,-1.1411194895122712,-0.7941526873610684
-0.41135,35.73513,1,-0.988856904403223,-0.7955663855340371,0.861620286288034,-0.8392373633143897
3.22631,33.01859,1,0.6742197852804547,-0.6912704792339341,-1.4744521735254557,-0.6084989794614735
6.56199,37.0166,1,-0.8831121437874978,2.239737741246075,1.5399823659129641,2.159827808413826
9.98897,33.87632,1,-1.0537457347810544,-0.6834069392533778,0.20040468475963216,-0.6665423599796984
1.99246,35.91344,0,1.255815968666943,2.239737741246075,1.4278592731222723,2.320252694868422
5.88399,34.4395,1,-1.1114246951169044,-0.7935268707399993,0.9977080014193477,-0.6019101718972413
0.7626,33.78086,0,1.7244575213957252,-0.6961677004273207,-0.883559530418752,-0.6763173721288589
7.62434,36.48231,0,-0.5875074720662661,0.6503111466872906,1.1680688486864192,0.6771780374172335
3.32826,36.75784,1,-1.164297075424767,-0.6826395947499344,0.5349801818276599,-0.701849075327588
7.42772,33.45426,0,-1.0633588948370294,-0.7935268707399993,1.5981224795101134,-0.8198080990591836
8.52843,34.93783,1,0.6141375349306109,0.11425053397062283,-1.756149438772145,-0.09333383485044693
9.27901,36.81894,1,0.2127881025936539,0.29320478390117133,1.0907177441599185,0.5368587657535941
5.84769,34.96017,0,-0.26546661019110307,-0.09967491935043901,-1.4228167547589607,-0.09376224062078974
7.9498,33.24963,0,-1.0729720548930044,-0.7292993803857178,-1.756149438772145,-0.7909878889908802
7.58454,33.13832,0,-1.0152930945571543,-0.7282680125385013,-0.08004980441739538,-0.7884303178009552
6.09136,36.63237,1,1.5850667005840873,2.239737741246075,-0.575402696456009,1.9030912671358549
6.377,36.72776,1,-0.9576141342213043,-0.7282680125385013,0.05811056028667739,-0.7568033181005052
6.30504,35.70168,0,0.8376435062320299,2.131154096463562,0.7299471224237535,0.9346432625705419
5.65949,36.76751,1,-1.1042148250749233,1.4461533566583455,-1.6162242151759787,1.7951249065139439
5.39334,33.02701,0,-0.7581410630598227,-0.6986714470897822,0.22135738185744144,-0.6145305499011673
2.03402,34.60546,0,1.246202808610968,-0.7557539501551984,0.36385433306588894,-0.6569746686387807
-0.26247,35.6243,1,-0.9720338743052668,-0.10381342050305402,1.4277613363615895,-0.14272170180695912
8.7263,34.43158,1,-0.6403798523741286,-0.6389595144324103,-0.4764748808489796,-0.7278345593164998
-1.42253,35.06976,1,-0.6427831423881225,-0.4639651803329998,-0.03410252164380726,0.5532123819786987
1.31698,35.71059,0,1.2149600384290493,2.239737741246075,1.5313378934050794,2.320252694868422
9.32123,35.953,0,0.9530014269037301,0.2167297499484171,1.2071642567303615,-0.09321150558120186
9.81766,36.75975,1,-1.027309544627123,-0.20684553278925832,-0.7270329903017618,-0.44621453893231683
3.99821,36.44531,1,1.2125567484150555,2.239737741246075,-1.33926992960828,1.9636188663185439
9.68332,33.52986,1,-0.7509311930178414,-0.7557539501551984,-1.2583835225351816,-0.7182326968451489
9.46948,33.51026,0,-0.9023384638994478,-0.7055441200721081,1.4239039298690754,-0.6636723509414943
3.99224,35.99387,0,1.558630510430156,0.23016517367532785,0.8447917328119098,0.827341296810863
4.60144,36.64629,1,0.8592731163579738,1.0254883026772257,0.9150564765578849,0.7040961061619271
-1.34722,34.18465,0,1.7749266116895939,-0.39514901048858014,-0.277346367627496,-0.5575784500476068
10.19994,36.78063,1,-1.193136555592692,-0.7292993803857178,-0.010969622065359003,-0.7830307162414019
9.66527,34.70055,0,-0.7100752627799476,-0.4740879107197503,-1.5624043406329693,-0.5878646832394088
7.25639,34.33337,0,-1.0513424447670605,-0.7356646061165195,-1.1084801777704574,-0.7700115155462809
4.07722,36.32055,1,-0.217400809911228,-0.22917221911241692,1.675950249056131,-0.43692348175111867
2.54981,33.26245,0,0.8448533762740111,-0.6030691542791556,0.47568760997413706,-0.6156089952812536
3.45791,36.4842,1,0.9049356266238551,2.2062117403064163,1.1257930109126288,2.320252694868422
3.5468,34.35485,0,0.9433882668477551,-0.47764047580587776,-0.811508698286487,-0.6403405620390726
3.03657,36.28535,1,0.7270921655883172,0.4445875573671737,-1.73506433472447,2.125613893698511
3.95989,33.50953,0,0.5252158044128419,-0.7136565285402676,-1.1411194895122712,-0.7591011436630501
5.14684,34.3632,0,-0.6547995924580913,-0.7506998056225674,0.24659030004297866,-0.815454059499874
10.55455,36.57825,1,-1.087391794976967,-0.6522855191670776,-0.7048244983503932,-0.7695889292827067
2.46901,36.49303,1,-0.960017424235298,-0.6826395947499344,-0.33760972652573307,-0.7214694825844338
5.26779,36.33783,1,0.7751579658681923,-0.04261131719827041,-1.3198544845954485,2.320252694868422
6.08826,36.63704,1,1.3375278291427308,2.239737741246075,-0.3781843938900191,2.032177300399265
2.65728,36.53268,1,-1.065762184851023,-0.7789992891133342,0.861620286288034,-0.7991200058247293
2.7755,34.32963,0,1.5033548401082997,-0.7935268707399993,-0.7474719632281646,-0.7864323551669847
8.5309,34.93727,1,0.5901046347906733,-0.4527513313252702,1.4262881426110159,-0.6643313414733778
4.13034,36.62287,1,-0.6331699823321474,2.239737741246075,-0.14657830512553813,2.2321316686065638
3.75375,36.09572,0,1.2005402983450868,1.2889714696731827,1.3520861043804289,0.8150545517633019
10.5835,34.59719,1,-1.1691036554527545,-0.7356646061165195,-1.5312287914204397,-0.7802034351900167
-0.03596,34.04036,0,1.188523848275118,-0.6961677004273207,-0.010969622065359003,-0.6882956340594639
7.24035,34.5722,1,-0.8374496335216165,-0.7423685203908622,1.1882603907484082,-0.7247718943456342
4.50854,35.75366,1,0.044557801614091154,-0.32854848992316055,-1.1334045655716984,-0.5799706454533259
7.92389,36.79803,0,-1.183523395536717,-0.7915465172780308,1.2979152404647305,-0.8056157716495485
4.58063,36.6487,1,1.8277989919974564,1.3574462286841351,0.47779591326188803,1.321165585301852
4.08093,35.46652,0,0.15510914225780384,0.7747533324401681,0.02265641733440705,0.084686439390839
7.89738,35.64162,1,1.0034705171975988,-0.015209041522977416,0.03251074910039479,0.2244398326308928
9.66363,34.6877,0,-0.7461246129898539,-0.6596161418103054,-1.4168862918566907,-0.711941394851852
7.3095,36.22455,0,0.7174790055323422,2.239737741246075,0.47510679468344097,2.320252694868422
11.10786,33.47848,1,-1.193136555592692,-0.7789992891133342,-0.883559530418752,-0.8050032668029292
4.16671,36.62729,1,-0.5226186416884347,0.7373437638802901,-1.3076920186059209,2.1950291393199177
-0.28654,35.17631,0,0.2969032530834353,-0.10237133588852511,-1.5582665864644825,0.7282562775755964
6.09372,36.60629,1,0.46994013409098556,0.9767899949913091,-1.7012782974294192,2.092421172238652
3.61612,35.58903,0,0.49877961425891065,-0.5901387114556309,0.4973761642436026,-0.6279597197188271
2.57595,35.17979,0,0.6237506949865859,-0.7212601712689046,-0.4472645762420555,-0.6940587049825151
2.50008,33.95804,0,1.0443264474354927,-0.6986714470897822,1.5018831907186265,-0.749785541814852
9.7762,36.87666,0,-0.9840503243752355,0.011952121476467575,1.4954738067007667,0.29208324602946506
4.34958,34.84718,0,0.8112073160780986,-0.6439399244626839,0.07382822685046413,-0.749785541814852
10.47221,35.96389,0,-1.1138279851308983,-0.4245665252671169,-0.2497060100060194,-0.44942986216175373
10.12032,35.75025,1,-1.1138279851308983,-0.8618359966351061,-0.883559530418752,-0.8646454723631704
7.44433,36.30998,0,0.8064007360501111,2.239737741246075,-0.10385820135124825,2.320252694868422
10.91046,36.75103,1,-1.1594904953967795,-0.6826395947499344,-1.4295092973265895,-0.5239130748626757
2.42458,36.22272,0,-0.3495817606808845,-0.4805064033656872,-0.03510703917407384,-0.11617951549703286
1.74796,33.6051,0,1.7316673914377063,-0.3272654925193559,-0.16793118188746686,-0.5616023680579003
10.15692,36.55285,0,-0.6620094625000725,-0.5073425978525861,0.35169197803190577,-0.28547843904803644
9.81775,36.04493,0,-0.6547995924580913,-0.27638699512578435,0.9404451763280128,-0.5241817432646416
1.90957,35.87613,0,1.647552240947925,1.4174585904656594,-0.43026455946437325,1.1556692273972804
6.94104,34.56748,1,-1.0633588948370294,-0.7423685203908622,1.407570090181053,-0.7462351501038015
4.19494,34.49225,0,0.6189441149585984,1.6335729820500362,1.305666150986929,0.9366641443502746
10.15861,36.67339,1,-1.0585523148090419,-0.5506059428928758,0.23336647029917773,-0.608323563905575
7.21694,35.55935,0,0.8712895664279425,-0.7935268707399993,-0.1470571892559465,-0.8037922182964247
-1.64428,34.86662,0,-0.3856311108907908,-0.028386537974154736,-0.07731334480659409,0.23901001984095657
10.69036,34.88039,1,-1.0417292847110855,-0.7789992891133342,0.861620286288034,-0.7642304864838422
4.61098,34.27605,0,-0.44090678121264715,-0.8247899895070685,1.119180356337098,-0.7133509117608985
6.48131,36.6314,0,0.9025323366098613,2.239737741246075,-1.6130304707807808,2.320252694868422
7.24132,34.57076,1,-0.8374496335216165,-0.7423685203908622,1.1882603907484082,-0.7247718943456342
2.05275,34.514,0,1.3303179591007495,-0.5901387114556309,-0.3752137441097904,-0.6484082983802663
-0.45678,35.59367,1,-0.9455976841513355,-0.44775469613680446,-0.010969622065359003,-0.5810857952436965
6.25042,36.7286,1,-1.116231275144892,-0.7877444399719243,-0.6259996083104143,-0.49798931845946437
3.01376,36.52438,1,-0.9672272942772793,-0.5402030105390307,0.10429617557002391,-0.6038015467814847
10.57882,35.09479,0,-0.9383878141093541,-0.7624323943437369,-0.883559530418752,-0.7235631680123262
4.54952,34.93198,0,0.5492487045527794,-0.33189887650845146,-1.756149438772145,-0.45593287598170185
-0.5012,34.34971,0,1.5273877402482372,-0.7193212183300857,-1.2281130746849747,-0.6902807684457449
4.75331,36.16654,0,1.275042288778893,0.7999685312469674,1.0945070979184235,1.9554502209966222
5.27466,34.75051,1,-0.7076719727659538,-0.5124079495332036,1.1663438598200115,-0.6344606224722329
2.58854,36.20491,0,0.010911741418178597,2.239737741246075,-0.6873405674576148,1.6626343703113418
6.27928,34.93108,0,-0.05638037897364651,0.18946590000133223,1.095721987161214,1.293808189535903
5.10825,34.38792,1,-0.6235568222761724,-0.8247899895070685,1.119180356337098,-0.6130993030805107
7.43859,33.57934,0,-1.0825852149489794,-0.7610612909183923,1.6424685998050454,-0.7894450723034566
5.98204,36.81536,1,-1.0104865145291668,0.8132348162311192,0.5942727536811829,1.5149686996702787
3.32932,36.75874,1,-1.193136555592692,-0.5921658634857307,1.6312478874927334,-0.5376010614384369
5.70494,36.41942,1,0.3209361532233728,2.239737741246075,0.16445878683378212,2.225633862084087
7.30624,34.62689,1,-0.6355732723461411,-0.2908363206118388,-0.5971679579919611,-0.4943733992429369
2.54539,34.58617,0,1.1861205582611243,-0.6623486383846771,0.9078059015713805,-0.5941343819850881
8.2134,36.66752,1,-0.8951285938574666,1.4369776729334083,0.6627851395264206,0.700588470585249
0.72765,33.88797,0,1.4456758797724496,-0.7282680125385013,0.05811056028667739,-0.8113593785390785
1.28873,36.39092,0,-0.6812357826120226,-0.6046645247572159,0.13379718370374827,-0.46901129913022627
6.91005,36.77867,1,-1.097004955032942,0.27610266056234245,0.333583885215682,0.12715681979624027
6.72594,36.7411,0,-0.35679163072286574,2.239737741246075,1.2527699443673685,2.320252694868422
10.19444,36.00372,0,-1.0801819249349855,-0.7915465172780308,-1.3198544845954485,-0.7662626413589115
7.00663,35.86576,0,1.0154869672675677,-0.6293187456997561,0.8220082692285262,-0.6058795118005246
5.50147,34.7569,1,-0.823029893437654,0.3314584329659994,0.96221879651499,0.2810058324876207
7.137,33.22774,0,-0.9552108442073105,-0.6316910468645893,1.1549698809154527,-0.6329158847142556
6.47547,33.5735,0,-1.027309544627123,-0.7118158727596351,0.9230911373927565,-0.7899565415053553
7.01748,33.48207,1,-1.0537457347810544,-0.7955663855340371,-0.010969622065359003,-0.8449689054586297
-0.77677,34.41082,0,1.61871276078,-0.7282680125385013,-1.1719493382330703,-0.5601061848303989
10.87355,33.75274,0,-1.084988504962973,-0.7773588418573524,-0.9932143801350745,-0.7946910163662753
0.49537,34.3259,0,1.275042288778893,-0.32854848992316055,1.1114655433520697,-0.2474119123354574
10.19478,36.72689,1,-1.1594904953967795,-0.6686380898346296,-1.183766917404861,-0.7462351501038015
-0.50872,34.42737,0,1.63793908089195,-0.6246453262103798,1.4940041635276196,-0.6855984650759769
3.73184,36.56766,1,0.8208204761340736,2.239737741246075,-0.03172659358252873,2.320252694868422
6.00725,36.11528,1,0.8328369262040424,-0.7127333697786606,0.861620286288034,-0.7844743690964393
7.67437,33.03196,0,-1.0032766444871855,-0.6316910468645893,-1.4627998811299079,-0.7674988959999326
-1.71831,34.40404,0,1.9647865227951005,2.239737741246075,-1.6066247852810733,1.5808305980874753
7.12505,36.08308,0,0.9313718167777864,0.9274631563207452,0.14995645333496443,0.6002810593792566
5.40923,33.85738,0,-0.7004621027239726,-0.8287010282125248,-0.010969622065359003,-0.6612727297502736
3.13732,36.60074,1,-1.056149024795048,-0.8452684910953331,-0.883559530418752,-0.7825540444530108
2.77232,36.48654,1,-0.8903220138294791,-0.576832468529316,-0.5390060231377111,-0.6730851462933057
10.83193,33.48905,0,-1.176313525494736,-0.7136565285402676,-0.2685295441736967,-0.7765490453041977
6.17294,35.98675,0,1.2317830685270055,0.0488453391129263,-1.7359580446508824,0.13411849800697262
6.37805,36.15214,1,0.5011829042729044,-0.39076430884760566,0.7634571762942517,-0.3983466961814585
2.97966,33.82478,0,0.5925079248046671,-0.5124079495332036,1.4294866211094495,-0.5392801193236202
9.69364,36.74506,1,-1.0537457347810544,-0.6602957991060436,0.9533618811244157,-0.7390615348859866
2.3697,35.74409,0,0.8208204761340736,-0.4837565538398529,-1.4768160074323748,-0.5752370713141307
3.68012,36.8196,1,-1.193136555592692,-0.7877444399719243,0.24659030004297866,-0.5176562114015744
10.36444,34.44252,0,-1.1883299755647045,-0.7955663855340371,-1.756149438772145,-0.8392373633143897
7.26363,36.00751,0,0.777561255882186,-0.4428177496756074,0.6828852542196752,-0.5650701185507034
9.26513,35.35032,0,0.0998334719359475,-0.11033711297963943,-1.6825160107223502,-0.19965953085069282
8.44077,35.17909,0,1.5538239304021686,-0.22917221911241692,0.44589042450674643,-0.45311781096870873
8.59327,35.85038,1,0.31853286320937907,-0.1546023848057226,-1.4403294971081484,-0.5227065862599027
-0.28101,35.52908,1,-0.861482533661554,-0.16473600435217747,0.02864224705342266,-0.33425730552838984
2.27214,35.52657,0,0.7150757155183485,-0.7681172259766834,-0.4472645762420555,-0.820562678684108
5.51822,36.21532,1,1.5658403804721372,-0.6978326095135787,-0.4472645762420555,-0.31268479503976354
4.60051,33.52853,0,-0.03715405886169648,-0.654259094049572,-1.4787583582106154,-0.7441480793510752
3.32498,33.18111,1,0.5828947647486921,-0.8384060150665126,1.2979152404647305,-0.8623229701919665
6.24514,36.75007,1,-1.125844435200867,-0.2229274256265512,1.4315341207587704,-0.39725248817118874
-0.99675,34.60557,0,1.5778568305421061,-0.2068454707427643,-0.2119130721147234,-0.15165061255969273
-0.99391,33.41874,0,1.4889351000243372,-0.8384060150665126,1.2979152404647305,-0.828668305151294
10.9678,33.08594,0,-1.1186345651588858,-0.7570555770188393,1.0403551704156668,-0.7156306243725096
6.64584,34.74716,0,-0.9576141342213043,-0.7423685203908622,-1.4295092973265895,-0.7874261890000507
5.79887,35.05578,1,-0.18375474971531547,2.239737741246075,-0.3384929326605919,2.320252694868422
3.32844,36.76022,1,-1.185926685550711,-0.6458371821575064,1.4193875953824808,-0.5839722987484853
9.33409,36.64497,0,-0.8278364734656415,0.2684173336242989,-1.5568494622491034,0.06475358021193738
3.16145,35.74297,0,0.6069276648886296,-0.4428177496756074,1.5554753105137944,-0.41362420327345034
3.09681,34.73457,0,1.277445578792887,-0.39047346590678284,-0.18970465413371784,-0.3436638239756817
10.8921,36.85205,0,-1.0128898045431605,-0.42425315944895675,1.147402121012175,-0.5658289766038205
1.67352,35.21886,0,1.188523848275118,-0.7557539501551984,-0.5087355752875041,-0.6981729907146014
10.65634,35.0731,0,-0.9239680740253916,-0.6522855191670776,0.16776541000299983,-0.7153439837573791
-1.54577,34.7301,1,0.2824835129994728,2.239737741246075,-1.3671611947012339,1.8802354533698653
6.95095,36.87393,1,-1.185926685550711,-0.8618359966351061,-0.883559530418752,-0.8564951722095024
4.41492,34.28427,0,-0.28949951033104065,-0.636510616870682,-1.2328608994227452,-0.6902807684457449
11.08694,36.88496,0,-1.075375344906998,-0.5453616801466876,1.3184801849194134,-0.62272728648188
4.91184,34.04998,0,-0.29430609035902816,-0.5797351276135985,1.3441008557480771,-0.6687760513406844
10.07667,37.13901,1,-1.1618937854107734,-0.7136565285402676,1.4766501245923633,-0.761048701064876
10.2402,36.75821,0,-1.183523395536717,-0.8452684910953331,-0.010969622065359003,-0.8672816332828035
9.06317,34.75762,0,-0.039557348875690235,-0.06459953989642878,-1.7099638234887986,-0.3835350592540491
2.9476,35.54236,0,0.426680913839098,-0.6299095369044024,0.861620286288034,-0.6692255818502284
5.12766,36.53889,1,1.7845397717455689,2.239737741246075,0.701923746262386,2.320252694868422
9.03783,34.12439,0,-0.6403798523741286,-0.4428177496756074,-0.18970465413371784,-0.15868614995185606
4.66585,33.84975,0,-0.15731855956138419,-0.7652329869453198,-0.311177009051468,-0.7494262945844391
4.88327,34.5614,0,-0.5154087716464535,-0.7282680125385013,1.4458204607974718,-0.7455359789387271
3.56016,36.09189,0,1.7220542313817313,1.1192146197404862,0.44492333598018496,1.6541646587529166
2.58805,34.4693,0,1.4649021998843996,-0.7726182803056105,-0.22234392889035015,-0.7704356780728735
7.24293,34.5713,1,-0.8278364734656415,-0.7136565285402676,-1.1411194895122712,-0.7188165052605681
-0.26833,35.76367,1,-1.027309544627123,-0.6464733293492977,-0.883559530418752,-0.6064014237449199
7.95789,35.43519,0,1.0539396074914678,0.5586570584320516,-0.010969622065359003,0.16593480408117048
5.48162,36.33083,1,1.2149600384290493,-0.602539540917635,0.24659030004297866,-0.332588155582179
6.61973,36.43576,1,0.010911741418178597,-0.5432020898750547,-1.4856730337784938,-0.4692444171716178
0.89062,34.15668,0,1.2293797785130118,-0.8149761459571895,0.4253253321113375,-0.5764922270375951
10.43858,35.66841,0,-1.0417292847110855,-0.6729474049853428,-1.0314646767811304,-0.6542239630077777
10.10192,36.26517,0,-0.6740259125700413,-0.15074358924824985,0.9788843193109443,-0.3004549643461862
7.13165,36.37347,1,0.3714052435172417,0.5282568823041215,1.3025830662548588,0.11507510153127946
9.55647,37.09486,1,-1.1667003654387609,-0.7681172259766834,0.4253253321113375,-0.816874166926075
6.218,35.67912,1,0.9409849768337614,-0.1492058909864019,0.014849289336288075,-0.396160757145662
10.20635,33.3365,0,-0.14770539950540915,0.278135179614177,1.0939469943293822,1.6691814913482497
5.27803,34.55205,1,-0.8374496335216165,-0.7726182803056105,0.6502459794630429,-0.7287651174484008
8.02497,34.35192,0,-0.20057777981327174,2.239737741246075,-1.410496953807218,1.3537955808641622
10.86989,35.30537,0,-1.0200996745851418,-0.7282680125385013,0.7925402518767237,-0.7626292002900819
7.65267,36.76869,1,-1.1594904953967795,-0.26549367830627674,-0.026396289220893265,-0.4222368199630208
7.2866,36.88903,1,-1.1426674652988233,-0.43600240765377657,-0.141816684915058,-0.37805658824847077
8.73467,36.57606,1,-0.5610712819123348,1.757790807680457,1.5719707014747255,1.6205017605527285
-0.82728,34.91687,0,1.1116185678273178,0.5759216194922829,-0.8644116362090851,0.24416811538805647
4.54905,36.73322,1,0.18154533241173512,1.6112171338746777,0.4383630524216958,1.3609844661299675
1.35625,35.33767,1,1.1428613380092367,-0.7458657555159275,0.861620286288034,-0.590488232295673
3.16374,36.66903,1,-1.135457595256842,-0.6395759773739665,-0.2685295441736967,-0.7400644885265157
-0.51056,33.59525,0,1.4072232395485496,-0.8021013006702323,0.5349801818276599,-0.8183248285220333
5.70537,35.12279,0,0.09022031187997248,1.5239914279922189,-1.6832742069436486,0.7196801682634328
8.57735,33.43827,0,-1.1522806253547984,-0.8287010282125248,-1.756149438772145,-0.8488496051962409
-1.2942,34.00802,0,1.6571654010039,-0.8247899895070685,1.4766501245923633,-0.7712887741364444
9.46708,34.19354,0,-0.9840503243752355,-0.732442841913378,-0.396902298379256,-0.7417517654974376
3.91038,36.34425,1,0.26806377291551026,0.08587307354846853,-0.7262975769522839,0.473182806372194
5.10813,34.38993,1,-0.6283634023041599,-0.6826395947499344,-1.4295092973265895,-0.6763173721288589
4.1675,36.63056,1,-0.2726764802330844,2.239737741246075,-1.2444138126355306,2.320252694868422
2.92544,36.65136,1,-0.7797706731857664,0.7118659843107041,1.6108418313778894,0.6601943663456538
1.19397,36.13676,1,-1.0225029645991355,-0.8618359966351061,-0.883559530418752,-0.7859392100226742
4.88941,35.33645,0,-0.21980409992522176,-0.5432020898750547,1.1320967652520484,-0.5799706454533259
0.41047,36.17744,1,-0.9407911041233479,-0.6496826377187601,-0.38579357719660695,-0.7476442447995394
6.63475,35.48531,1,1.2582192586809369,-0.6888738558434364,0.1509370044676017,-0.682697226326722
4.87248,33.50939,0,-0.3375653106109157,-0.7423685203908622,-0.556919425958378,-0.665213063599264
5.78235,36.17888,1,1.3231080890587683,-0.0030304315793855396,-1.5129528598504476,0.01624369175664285
8.6533,35.98349,0,0.35698550343327917,-0.19135519122616382,-0.2070585451282481,-0.4324030971851546
9.76576,33.99366,0,-1.1306510152288545,-0.6522855191670776,0.6828852542196752,-0.7306431503920962
3.07912,36.75291,1,-1.195539845606686,-0.8452684910953331,-0.010969622065359003,-0.6216196239408465
7.43664,36.84708,1,-1.106618115088917,0.5294273273677336,-1.2965275237695295,0.13928503782024224
4.22352,35.53737,1,-0.14289881947742164,-0.7458657555159275,-1.756149438772145,-0.677250139843741
-0.66712,35.04086,1,0.2848868030134665,-0.35624567258463613,1.4277613363615895,-0.4562719132684153
3.80482,33.02745,0,0.18875520245371638,-0.8618359966351061,-0.883559530418752,-0.6116755435091915
6.39128,36.10106,1,0.6477835951265234,-0.5073425978525861,-0.3736312221626238,-0.656336943583868
8.5093,35.26663,1,1.3591574392686745,0.29285111888513077,0.2715002636234243,0.3358630506422479
6.87744,35.04674,0,0.9914540671276302,0.7607457159452001,-0.056216997263734886,1.022833714774092
9.17376,35.99094,0,0.31853286320937907,-0.1895204143508418,-1.387734867658757,-0.3408069598451486
3.99288,36.70546,1,-0.9984700644591981,-0.3872857962521176,0.5780399575090915,-0.15982083414463263
10.67667,33.5574,0,-1.1498773353408045,-0.8618359966351061,-0.883559530418752,-0.7899565415053553
10.1047,36.72918,1,-1.0946016650189483,-0.5782800752818147,0.9266751494234249,-0.5632561775872361
10.64255,36.64596,1,-0.9311779440673729,-0.5330336001989481,-0.40765270712327384,-0.46276566654313067
0.52665,33.57657,0,1.8277989919974564,-0.5967837048280689,-0.010969622065359003,-0.6758525574975478
5.95582,35.62622,1,1.6259226308219812,0.596046772113836,0.8175250734645795,1.4725372754794734
3.46078,36.65466,1,-0.5827008920382786,1.6006563242167422,0.861620286288034,0.757669458088113
6.22294,35.2601,0,1.979206262879063,1.5981292946073913,-0.5394369744728608,2.320252694868422
5.73341,35.87447,0,1.0731659276034178,-0.34737963188821647,0.5399398946703974,-0.2472599718395106
1.03715,34.53187,0,1.1717008181771618,-0.8287010282125248,-0.883559530418752,-0.8602232647059838
5.42323,34.13635,0,-0.8446595035635978,-0.7789992891133342,0.34650044207135866,-0.7256844943381475
3.72547,34.25322,0,1.0779725076314053,2.188447829062133,-1.526541141573013,1.3378453753815382
10.87948,36.70428,0,-1.135457595256842,-0.8149761459571895,-1.3198544845954485,-0.7797396549813113
9.29938,36.86958,1,-0.41927717108670337,-0.6127948336389066,-0.8465804144617707,-0.18497303794791836
11.01088,35.49272,1,-1.195539845606686,-0.8618359966351061,-0.883559530418752,-0.8843220392677109
2.83047,36.49393,1,-0.7485279030038476,-0.42992898658445544,0.031677842812412337,-0.6277709903699343
0.4569,35.7998,1,-1.075375344906998,-0.8452684910953331,0.861620286288034,-0.8602232647059838
10.79811,36.5225,1,-1.084988504962973,-0.6365106323823055,1.568391719428745,-0.6255172157292412
9.22424,34.72711,0,0.1406894021738413,0.042374137970300596,1.1967193455857545,0.2704090665761556
2.2894,35.39061,1,0.6501868851405171,-0.8247899895070685,1.119180356337098,-0.8381764010837188
8.27213,36.3796,1,-0.4288903311426784,0.709372335715148,1.0458917041494955,2.320252694868422
2.35521,35.22077,0,0.767948095826211,-0.4970471920729162,-0.3936726043876139,0.3565113080510466
4.16608,33.35273,0,0.30411312312541655,-0.7423685203908622,-0.33760972652573307,-0.6205165775986524
0.06162,33.7581,0,1.4480791697864435,-0.7136565285402676,0.6040603641796963,-0.5599569746471802
2.69232,34.71342,0,0.9674211669876926,-0.7136565285402676,0.24659030004297866,-0.6669872602166259
9.18449,36.81498,1,-0.6596061724860788,-0.4527513313252702,-1.0907571746642901,-0.09400718063481886
4.07046,36.86985,0,-0.344775180652897,0.4515353996770316,-0.21845027691993985,0.35052950248664627
1.3402,34.53845,0,1.198137008331093,-0.8384060150665126,-1.3198544845954485,-0.8449689054586297
3.18269,36.67037,0,-1.1306510152288545,-0.7118158727596351,0.050501376980089586,-0.733183467131481
9.5931,37.01593,1,-0.8831121437874978,-0.0836938520659647,-0.24209682669943164,-0.27904767999894703
1.3834,35.25747,0,1.1933304283031054,-0.7136565285402676,-1.1411194895122712,-0.5777525619109767
5.89184,35.58544,0,2.4598642656778136,2.239737741246075,0.6015878308242699,2.320252694868422
5.74371,33.08361,0,-0.9624207142492918,-0.8384060150665126,0.4253253321113375,-0.8371392903865331
9.68211,33.53313,1,-0.7557377730458289,-0.7412253214939464,-1.601551749842138,-0.8014231934962921
3.13897,36.55046,1,-0.9624207142492918,-0.6133463028779537,-0.3684396862020767,-0.5601061848303989
4.76316,35.71424,1,0.22240126264962895,-0.4985540222039781,1.4993113891359824,-0.5266087660995831
10.74759,35.137,1,-1.0946016650189483,-0.7955663855340371,-0.010969622065359003,-0.840323901116222
1.05206,35.78251,0,0.00610516139019109,1.2086406183946696,-0.0729283816847824,1.1406920265578369
3.26812,36.63007,1,-0.979243744347248,-0.09164269046420549,0.07292061049579765,-0.3112472994621415
0.80693,33.831,0,1.6836015911578313,-0.6095112711276991,0.21395102528634635,-0.5362080389959754
5.89243,34.43966,1,-1.1474740453268109,-0.6275552912693356,0.9404451763280128,-0.7275256117649044
6.85593,33.39993,0,-1.0297128346411168,-0.8384060150665126,-1.3198544845954485,-0.5888457943781124
-0.25155,35.81344,1,-1.195539845606686,-0.6458371821575064,0.818973117291715,-0.6654340641187021
4.56706,36.71379,1,0.7318987456163047,2.239737741246075,0.606620330504252,2.320252694868422
-0.70434,35.522,1,-1.0008733544731918,-0.7789992891133342,-0.010969622065359003,-0.8126982591616153
3.82317,36.10538,0,0.8472566662880049,1.41652441845136,1.3035837373262467,1.3624497151957338
6.41828,36.71908,1,-0.6235568222761724,1.72769552802425,-0.5070872197172198,0.9979295472157642
6.84158,33.34656,1,-1.0008733544731918,-0.6299095369044024,-0.883559530418752,-0.7253797126245292
10.02342,36.50377,1,-0.880708853773504,-0.6596161418103054,-1.2228226773342066,-0.7360933612535598
0.25762,33.85955,0,1.5442107703461936,-0.5523737716011262,0.7111071668354784,-0.6527563495474837
4.75884,36.05834,1,0.9241619467358051,-0.5668982974379598,1.3642589632059656,-0.40617740197126867
9.49753,35.28911,0,-0.22461067995320927,-0.5687645318857613,-1.3420629765468173,0.21505937881851142
4.49894,36.87672,1,-0.7004621027239726,2.239737741246075,1.4407321874637475,2.320252694868422
3.93093,36.7604,0,-1.0585523148090419,1.2111582169369262,-1.6586066442429295,1.7205573074464329
7.30713,36.28407,0,0.27287035294349776,2.239737741246075,0.26664514487404456,1.4903958851164498
10.2231,36.01048,1,-1.0946016650189483,-0.7652329869453198,1.434002955596044,-0.7920307628997267
5.83445,34.6614,1,-1.1378608852708358,-0.8384060150665126,1.2979152404647305,-0.8602232647059838
2.83143,35.05776,0,1.0755692176174116,-0.5284768126067476,-1.4985895166638075,-0.5877014837219023
6.87591,36.70863,0,-0.9648240042632855,0.5161016018422895,-0.5180971164948294,0.11303924525287246
9.33119,34.00993,0,-1.017696384571148,-0.7624323943437369,-1.756149438772145,-0.7996899304591879
6.84932,36.65797,1,-0.9552108442073105,-0.24118913589253482,0.9509252973654332,-0.2569048437732192
9.91407,33.08641,0,-0.5226186416884347,-0.8287010282125248,0.861620286288034,-0.8093959036955227
-0.03616,34.53067,0,1.4673054898983935,-0.5264260208624176,1.538121271578538,-0.45099061587789946
1.05651,33.18879,0,1.2678324187369119,-0.5687645318857613,0.4475338980330692,-0.5256629801410228
3.65851,34.50859,0,1.5057581301222935,-0.6263870023213914,1.353282057210278,-0.3171895858608676
7.41846,36.90378,1,-1.0585523148090419,-0.14232735461038915,-1.5329071049877607,-0.339029047750672
4.39313,34.55279,0,0.5276190944268356,1.3778778909862566,-0.5693624985201492,0.8007263209265539
7.45918,35.23771,0,1.3711738893386434,-0.7136565285402676,1.119180356337098,-0.7864323551669847
4.7939,33.29232,0,-0.26546661019110307,-0.732442841913378,-0.4976268541048551,-0.671942693375653
6.55323,35.39903,0,1.6403423709059437,2.239737741246075,-0.1429651487718267,2.320252694868422
11.10878,33.48401,1,-1.193136555592692,-0.7423685203908622,-0.33760972652573307,-0.7968774690949304
-1.10037,33.2835,0,1.5730502505141186,-0.7557539501551984,0.36385433306588894,-0.7431161055824761
6.7057,34.18902,0,-1.205153005662661,-0.7624323943437369,-0.883559530418752,-0.7515963443260596
9.43227,36.85765,1,0.10223676194994125,1.8330211889627246,-0.15443070298584585,1.3777342873237544
10.13296,36.15396,0,-0.8975318838714603,-0.6458371821575064,0.9042674552843531,-0.719402354373645
5.89681,34.7103,1,-1.125844435200867,-0.7412253214939464,-1.601551749842138,-0.7083294866617552
-0.34966,35.80913,1,-0.969630584291273,-0.6316910468645893,0.2823799725620597,-0.7005277447049071
8.79519,33.80413,1,-1.135457595256842,-0.7955663855340371,-0.010969622065359003,-0.8351306246451926
8.35752,34.29573,1,-0.7244950028639101,-0.6464733293492977,-0.883559530418752,-0.7278345593164998
7.55442,35.35954,0,1.5081614201362872,-0.44775469613680446,-0.7259096023980682,0.013390993464086802
0.98292,34.91165,0,1.1188284378692992,-0.16552163705973988,-0.7090011609298462,-0.3497853539976366
8.59934,35.84424,0,0.2752736429574915,-0.0399460480001935,-1.5135995827346242,0.43290613372746534
2.39827,36.52633,1,-1.0585523148090419,-0.6744058543626753,0.4253253321113375,-0.7370761049503896
5.11222,34.56602,0,-0.7509311930178414,-0.7557539501551984,1.2364440934785559,-0.7864323551669847
2.35973,35.0842,0,0.7847711259241673,-0.5537063441536707,0.3405274831955144,-0.663453123717952
9.8536,33.85726,0,-0.9191614939974041,-0.24739763217938582,1.5981224795101134,-0.4430226626152778
-0.0695,33.93576,0,1.284655448834868,-0.7570555770188393,-1.062294562487111,-0.8002637113085306
10.86159,36.85199,0,-1.0609556048230355,-0.08316689119206427,0.8852446449586098,-0.16653177394523266
8.14176,36.58097,1,-0.10684946926751535,0.972616003244102,0.901587952853103,1.4507733616243341
-1.22162,35.45744,1,-1.1570872053827859,-0.32777830679261466,1.1500100201319892,-0.4247573208244609
5.08444,35.41728,0,-0.22701396996720302,-0.8247899895070685,-1.4985895166638075,-0.7864323551669847
6.12336,36.60723,1,0.2872900930274603,2.239737741246075,1.522836035757162,1.723008621620389
10.58774,34.5992,1,-1.1618937854107734,-0.7252205989836185,1.5981224795101134,-0.7779047370533008
8.5312,34.93937,1,0.6117342449166171,0.21508576604227483,1.6312478874927334,-0.07369286580547796
8.76593,36.91646,0,-1.164297075424767,-0.6766151128527891,-0.11087961615301291,-0.7105433058496886
9.81961,33.57091,0,-0.33035544056893446,-0.13457321811045278,-1.2840648860467305,0.013283132037545827
3.56321,33.9203,0,0.35698550343327917,-0.6089681626537242,0.2954792362144785,-0.449986620777876
10.95971,36.78313,0,-1.0994082450469358,-0.6458371821575064,1.1764428855469804,-0.7560465148188227
9.43361,36.91901,1,-0.4529232312826159,1.2132217592357817,1.7165809859556116,0.6218031294512958
3.21324,35.86863,0,1.7412805514936813,-0.33553095417669404,0.627518585414854,0.817814700898638
-1.01951,35.34276,0,-0.500989031562491,0.6685498377039846,0.40413311897796095,0.1952026306253527
2.91024,33.70524,1,0.7054625554623735,-0.7789992891133342,-0.010969622065359003,-0.7820796033582661
10.2024,36.67238,1,-1.084988504962973,-0.48339404719841134,1.0865410815804655,-0.3093082707691471
-0.26049,35.56989,0,-1.0441325747250794,-0.7282680125385013,0.5732305524440788,-0.7952325964139575
6.59891,36.65083,0,-0.3063225404289969,1.3911533588515266,-0.02313212504006826,1.0935644644745224
9.23435,33.30436,1,-0.960017424235298,-0.7915465172780308,-1.3198544845954485,-0.8062330897278844
10.02982,36.5023,1,-0.861482533661554,-0.7423685203908622,-1.4295092973265895,-0.7968774690949304
2.18577,36.39491,0,1.0683593475754303,2.239737741246075,-1.6971556332149953,2.320252694868422
3.55674,34.14026,0,0.5852980547626858,-0.5947214965288351,-0.2993595038500403,-0.6643313414733778
-0.59442,35.51153,1,-0.960017424235298,-0.7446884232914767,-0.4472645762420555,-0.8008414398523076
10.51398,36.62902,1,-1.1378608852708358,-0.8149761459571895,-1.3198544845954485,-0.850241227297896
5.90639,33.88611,0,-1.1594904953967795,-0.8247899895070685,0.24659030004297866,-0.7721483511743006
9.90355,36.17002,0,0.14549598220182883,1.7419046715318671,-1.5064129921121612,1.493003024148791
5.63467,36.19465,1,1.0659560575614366,-0.16552163705973988,-0.18552799155426483,-0.10709765093641209
4.03662,34.36874,0,0.5468454145387857,0.25934303387062657,1.2223678292709264,0.2505827177412078
7.45755,36.91965,1,-0.8566759536335665,0.6993562942749031,-0.33435162791467843,0.4344483945006995
11.1083,33.48096,1,-1.1787168155087295,-0.732442841913378,-0.4976268541048551,-0.7410744790555198
4.46653,36.86497,1,0.3449690533633104,0.5521511112527623,0.35169197803190577,1.0343701586249214
6.45654,36.36346,1,0.3161295731953853,0.8574238329160244,0.02636410781210086,0.7414077154789348
7.30108,36.12969,0,0.6598000451964922,0.5774292252045204,0.8297295916055032,0.6452383324667424
-1.06326,33.38887,0,1.491338390038331,-0.8094451392166911,1.5554753105137944,-0.8313412637199836
9.82434,36.11203,0,0.0037018713761973357,0.7210319887825709,0.7508292517952098,1.6715305736064447
8.34052,33.37142,0,-1.1282477252148608,-0.7136565285402676,-0.2685295441736967,-0.7915078587540565
6.51084,36.72512,1,-0.013121158721758942,2.239737741246075,0.821131276604164,2.20140332178567
2.25816,36.13135,0,-0.3471784706668907,0.13211942788282524,0.6828852542196752,-0.21880020527266092
9.69246,36.50368,0,-0.880708853773504,-0.7423685203908622,-0.556919425958378,-0.7743266903705444
2.06398,34.50025,0,1.392803499464587,-0.3910553069046636,-0.3918977594965081,-0.07345411825330662
4.11995,36.62127,1,-0.520215351674441,2.239737741246075,-0.34052963263690705,2.320252694868422
4.30696,35.71302,0,-0.08762314915556531,-0.6464733293492977,-1.5368398133098633,-0.7185243477248734
2.40236,33.14742,1,0.7559316457562423,-0.6928871161478273,0.9712751360043564,-0.6375791462638111
3.95744,36.77853,1,-0.2774830602610719,2.239737741246075,-0.1393422283301922,2.320252694868422
8.33473,35.73442,1,0.6862362353504234,-0.0542068762373477,-1.327904790162106,-0.03031596527920543
5.19194,36.163,0,0.9361783968057739,-0.5042611517957211,-0.753713286581167,-0.45188500440304025
-1.59198,34.92482,1,-0.568281151954316,-0.27638699512578435,-0.08979451210533784,0.2502841284894472
7.28993,36.89252,1,-1.154683915368792,-0.7773588418573524,0.7519654365717116,-0.438983488630771
0.58816,33.51142,0,1.8638483422073628,-0.6439399244626839,0.07382822685046413,-0.6106125792837496
9.29567,37.05705,0,-0.6908489426679976,0.2583706412159972,-1.4545357272436628,0.237587442466901
9.13505,36.60856,1,-0.9215647840113979,-0.5264260208624176,-1.2025904515725383,-0.5168651243992429
0.7817,35.21804,0,1.4889351000243372,-0.14690564131277528,0.0405572451933549,0.6272557610023949
3.04135,33.80842,0,0.5756848947067108,-0.6986714470897822,1.0939469943293822,-0.6423322829529661
0.745,35.79099,1,-0.4385034911986534,0.3152682689966029,0.5761337412532027,1.131973940983807
-0.1909,33.5727,1,1.412029819576537,-0.8247899895070685,0.6040603641796963,-0.8564951722095024
6.07247,35.8746,0,0.8112073160780986,-0.7652329869453198,1.434002955596044,-0.7479987913884512
5.71195,34.98633,1,-0.6283634023041599,-0.5050290081827404,-1.5447751319471539,-0.29067312641520504
6.41232,36.7999,1,-0.6331699823321474,1.7363835263060157,-0.1930309534195078,2.1824618194550913
5.12783,36.54249,1,1.424046269646506,2.239737741246075,0.22398037093131867,2.320252694868422
9.62491,37.21214,1,-1.135457595256842,0.946022255432673,-0.8226479692290771,0.27905239224702993
9.39689,36.29445,0,-0.2582567401491218,0.250560973103893,-0.11900481671226194,0.13540067538217995
9.84101,36.80971,1,-1.1282477252148608,-0.7726182803056105,-0.22234392889035015,-0.8068553195543757
3.14271,34.14239,0,0.9241619467358051,1.0629655019156095,-1.4110431509680053,0.6149109194035862
4.32661,36.44144,0,1.8734615022633379,2.239737741246075,-1.1372075298770052,1.999486731300964
6.19611,33.97927,0,-1.2484122259145485,-0.6912704792339341,-1.1652567956654416,-0.7879269410208024
10.10753,36.72887,1,-1.0609556048230355,-0.5475361305536437,0.6828852542196752,-0.5470826775595313
6.29246,36.70115,1,-0.45051994126862216,2.239737741246075,-0.2993595038500403,2.320252694868422
8.53209,34.93867,1,0.6117342449166171,0.21508576604227483,1.6312478874927334,-0.07369286580547796
3.32854,33.12932,1,0.6598000451964922,-0.37249859658275636,-0.6512325264959515,-0.49029909711116415
-0.26775,35.76321,1,-1.027309544627123,-0.6464733293492977,-0.883559530418752,-0.6064014237449199
10.02487,33.43484,0,0.1575124322717976,-0.5000670880076913,1.579612431741057,0.6286639268288542
9.82006,35.7215,1,-0.7172851328219289,-0.541913322147304,1.0676531931969317,-0.5286439468366966
-0.39334,35.65312,0,-0.9071450439274353,-0.07704476362492,1.1296604773745182,-0.2950097074542087
0.81433,35.13954,0,0.6694132052524672,0.8067771412241946,-0.4356121728909632,0.6810165756375482
6.1135,34.09108,0,-1.2460089359005546,-0.7446884232914767,-0.9623844944290939,-0.7820796033582661
7.4542,36.78703,0,-1.1667003654387609,-0.7789992891133342,-1.756149438772145,-0.815454059499874
8.70529,35.11883,0,0.7535283557422485,-0.14308841690631083,0.2694848671116685,-0.36020833691132925
4.18153,36.63559,1,-0.13568894943544038,2.239737741246075,1.60850052144652,2.320252694868422
6.77061,36.72536,1,-0.9576141342213043,-0.6111476853615682,1.6605768405619954,-0.45581991984790515
7.66486,36.75684,1,-1.1618937854107734,-0.7726182803056105,0.6502459794630429,-0.7325444050677581
2.81125,35.26173,0,0.7439151956862735,-0.5572883813244681,1.0786055410320856,-0.6890376880229033
8.12918,36.58208,1,-0.27507977024707814,1.0528968450484169,-0.0444509754349924,0.9485054825049379
-0.20642,33.09658,1,1.6163094707660062,-0.578764255098073,0.18833035445768267,-0.49511877461773635
6.37884,36.11398,1,0.6045243748746358,-0.7681172259766834,0.4253253321113375,-0.8120257155825296
7.23847,34.56985,1,-0.8374496335216165,-0.7090964369722593,-0.4046171113642842,-0.726909504031386
-1.07389,33.54702,0,1.4576923298424185,-0.6961677004273207,-0.010969622065359003,-0.7434592664858357
9.68537,33.52882,1,-0.7581410630598227,-0.5636605562626025,-0.883559530418752,-0.7005277447049071
3.46128,36.48056,1,0.3233394432373666,2.239737741246075,1.0865410815804655,2.15099150311342
8.09775,36.41775,0,0.6261539850005796,2.239737741246075,1.1340972197504673,1.8103979944399735
3.60603,34.4178,0,1.2053468783730743,0.05720405665080989,1.0878542034653913,-0.20355836113145917
2.78486,34.99936,0,0.8809027264839175,-0.8094451392166911,-1.5774144067037863,-0.8147548742610229
8.16812,35.23426,1,1.3134949290027933,-0.6729474049853428,-1.388934666947485,-0.43218897874264484
10.08698,35.65684,1,-1.0104865145291668,-0.8247899895070685,-1.4985895166638075,-0.6273940101805651
5.54301,33.09262,0,-0.9167582039834103,-0.7127333697786606,0.861620286288034,-0.7957774908361114
3.70755,34.78039,0,1.5610338004441497,-0.26457576247341635,-0.43637362380823597,-0.502398914253282
5.85343,36.56877,1,0.4915697442169294,0.8949545162322727,-0.9778727049266887,0.8707019280509819
7.07212,34.84972,0,-0.003507998665783926,1.6592805818335543,1.6835203760110267,0.7894588551007834
4.05463,36.6403,1,0.00610516139019109,-0.12430011804539104,0.4165085086575382,0.7504619954367346
6.76136,36.12369,0,0.6982526854203922,0.7651521338590893,1.2540454893078632,0.5401581094314196
2.50858,33.91511,0,0.9986639371696114,-0.1954505700654195,1.119180356337098,-0.28386428942214426
10.92552,36.81491,0,-1.1018115350609294,-0.7624323943437369,-0.010969622065359003,-0.4455522551366272
3.90402,36.34238,1,0.1671255923277726,0.8948777026726485,0.477023070908705,0.38157107528732803
2.30746,35.83057,0,1.8878812423473004,-0.4143408907699974,-0.3890046306567595,-0.01654308568088479
4.45683,36.68664,1,1.0034705171975988,0.33031752203355136,-0.6950797906624507,0.6200990765382502
-0.6423,34.32851,0,1.5778568305421061,-0.654259094049572,0.26642145849617077,-0.7111011903679668
10.64264,35.55873,0,-1.056149024795048,-0.6522855191670776,-0.7048244983503932,-0.7444937594605089
7.52116,35.33752,0,1.6042930206960373,0.1869990554912023,0.4936371103319741,-0.2038427640160547
3.16457,36.54248,1,-0.9167582039834103,-0.5632008848114909,-1.0720392701750534,1.0477175035033968
9.75434,35.5605,1,-0.7341081629198851,0.05064301218481108,0.901950111750613,-0.18214150661589437
9.21909,36.83299,0,0.07580057179600995,1.670100249464634,-0.42180042670161305,1.787111635689545
9.38001,34.12982,0,-0.8759022737455165,-0.7136565285402676,0.24659030004297866,-0.6963619067278548
8.40065,36.19866,0,0.19596507249569764,-0.09235324691397681,-1.573635556736835,-0.23024269258857538
-0.24088,35.80471,1,-1.1907332655786984,-0.7127333697786606,-0.010969622065359003,-0.6490245327777772
6.76943,36.55998,1,0.3449690533633104,2.239737741246075,0.5250614958458156,1.582753638969855
4.41666,36.65719,1,-0.039557348875690235,1.329402950678892,-1.2310214784046938,0.8981185462703346
7.24055,34.57069,1,-0.8374496335216165,-0.7090964369722593,-0.4046171113642842,-0.726909504031386
11.10787,33.48177,1,-1.195539845606686,-0.7624323943437369,-0.883559530418752,-0.7738875814928314
7.24098,34.56884,1,-0.8374496335216165,-0.7090964369722593,-0.4046171113642842,-0.726909504031386
10.83582,34.88726,0,-1.1402641752848295,-0.7789992891133342,1.2190903504247517,-0.8304355422859543
0.32922,34.79844,1,1.500951550094306,-0.47764047580587776,-0.08302030625689799,-0.056794312936888754
8.99236,35.90998,1,0.9313718167777864,-0.1492058909864019,-1.730330453400135,0.02250939354966848
-1.48228,33.35627,0,1.5466140603601872,-0.8384060150665126,1.2979152404647305,-0.8672816332828035
9.15792,36.91739,1,-0.8759022737455165,-0.4805064033656872,1.4008775476134243,-0.579176631105389
0.81712,34.40685,0,1.1741041081911554,-0.7915465172780308,-1.3198544845954485,-0.7825540444530108
2.22108,33.71665,0,1.2389929385689868,-0.7570555770188393,1.0403551704156668,-0.7490680043708587
3.37093,33.03992,1,0.6958493954063985,-0.6299095369044024,-0.883559530418752,-0.636600399519635
5.78375,36.17219,1,1.2510093886389555,-0.5668982974379598,-0.5136082989832906,-0.28782667687961455
7.28453,36.25943,1,0.6934461053924047,0.5587524859398886,1.727751102539595,0.25602791833807753
10.08213,33.92856,1,-1.1787168155087295,-0.7046686130179255,0.16776541000299983,-0.7626292002900819
9.24381,37.02277,1,-0.6547995924580913,-0.49817671747370745,0.5700921378804448,-0.2708674378848191
9.7659,33.03239,0,-0.6331699823321474,-0.5802217582663715,-0.6113843220672139,-0.6601904844504108
4.58995,36.54113,1,-0.24864358009314683,2.239737741246075,0.7260843900650995,1.8875781368701745
0.45977,33.23392,0,1.7100377813117627,0.2024820135215058,1.1810775726144607,-0.17630736311924824
9.80763,36.82073,1,-1.1282477252148608,-0.8452684910953331,0.861620286288034,-0.8392373633143897
3.63013,36.1508,1,1.647552240947925,0.45885713415998786,0.5542608528390078,0.919977261087006
10.87269,35.66233,1,-1.145070755312817,-0.6133463028779537,-0.010969622065359003,-0.678187115617931
10.78194,34.75991,1,-1.193136555592692,-0.8452684910953331,-1.756149438772145,-0.8414379566704349
4.53138,34.61074,0,0.24162758276157897,-0.5802217582663715,-1.15573473877029,-0.2588362163315531
0.79472,33.34091,0,2.3060537047822134,0.14303948674126504,1.4151792734876407,-0.024836649847010114
3.50317,34.87307,1,1.5153712901782685,-0.8021013006702323,-1.2101996718643075,-0.5976580335199346
9.58254,36.18692,0,0.45552039400702304,1.7495832974485541,0.020440709079502406,1.064403148274294
4.58488,36.65609,1,1.5225811602202497,2.239737741246075,1.438005048118691,2.320252694868422
9.92444,34.88485,1,-0.832643053493629,-0.8384060150665126,1.2979152404647305,-0.7232623973251384
6.22717,33.22065,0,-0.9912601944172168,-0.6095112711276991,0.6366996389363286,-0.6853550731774122
5.84418,34.67263,1,-1.1378608852708358,-0.7652329869453198,1.434002955596044,-0.8313412637199836
5.58089,36.70484,0,0.5035861942868981,2.1203160630702462,-1.6333559731702594,2.320252694868422
8.7023,34.93233,0,0.5204092243848544,-0.46293266462564353,1.2652759657080983,-0.5319246849813947
1.68918,33.58576,0,1.7893463517735564,-0.4527513313252702,-0.6763618861732139,-0.5378803414682228
7.39004,35.10451,0,1.3759804693666309,2.239737741246075,-0.42063702083150756,1.1221331057798534
10.92389,36.91241,1,-0.9263713640393854,-0.4143408907699974,-0.8629945859640692,-0.15118837342956332
6.02538,33.52113,1,-1.1090214051029108,-0.7773588418573524,1.6245553449251047,-0.8236747918702857
8.57728,36.32061,0,0.034944641558116135,0.9231691666540603,0.975300307280276,0.06541628622093548
6.93841,34.58774,1,-1.027309544627123,-0.6766151128527891,-1.656239370714128,-0.714772138052367
2.74962,36.4735,1,-0.979243744347248,-0.7127333697786606,-0.010969622065359003,-0.7424323029818307
9.58527,35.52578,0,-0.20057777981327174,-0.03167264439161794,-1.71180324450685,-0.1418737848933056
1.42753,36.53886,0,-1.195539845606686,2.239737741246075,-0.010969622065359003,2.320252694868422
7.64861,36.76314,1,-1.084988504962973,-0.2229274256265512,-0.5808832346250062,-0.13370553363713863
4.41589,36.66056,1,-0.16933500963135295,1.9896764253064572,-1.5743899064992546,1.5861059000490105
6.02843,34.57175,0,-1.205153005662661,-0.8247899895070685,-0.2685295441736967,-0.8252923403133112
5.97522,35.96517,0,0.9674211669876926,-0.7789992891133342,-0.883559530418752,-0.7512322134950451
7.24102,36.03388,1,0.7150757155183485,-0.7506998056225674,1.119180356337098,-0.8120257155825296
-0.30154,35.82753,1,-1.1570872053827859,-0.033650686621683405,0.8838285563283135,-0.4046615998986996
9.68205,33.52946,1,-0.7557377730458289,-0.7412253214939464,-1.601551749842138,-0.8014231934962921
2.55491,33.07046,0,0.6429770150985359,-0.5682968874601652,-1.5972455651569784,-0.639944160037513
4.16023,36.62909,1,-0.45051994126862216,2.239737741246075,-1.6464946630261856,2.320252694868422
7.43522,33.38033,0,-1.0513424447670605,-0.8618359966351061,-0.883559530418752,-0.8475105556883806
10.60045,34.77076,1,-1.008083224515173,-0.7570555770188393,1.0403551704156668,-0.7530629726219671
5.7924,33.17003,0,-0.988856904403223,-0.15324946100313236,0.4989586861907693,-0.3580888261027344
4.89763,36.30903,0,2.125806953732682,0.6503111466872906,-1.1900083147282265,1.122157200085991
10.00623,36.8666,1,-1.1570872053827859,-0.8287010282125248,-0.883559530418752,-0.828668305151294
8.80522,36.20024,0,0.21038481257966016,-0.17921722173616958,1.240652711254848,0.7663999285858587
6.02508,36.18108,1,0.885709306511905,-0.6458371821575064,0.818973117291715,-0.6935506557084151
6.02444,36.84267,0,-1.1234411451868733,1.4345474358547632,-0.1393422283301922,0.4380032053777122
0.08664,33.61063,0,1.5922765706260686,-0.6616620163699825,0.22602535558829584,-0.5806073712700752
0.33811,35.10338,0,0.42908420385309176,0.3629639053387974,-1.548951794526607,-0.1335765615451734
3.02692,35.36403,1,0.5107960643288794,-0.7423685203908622,1.407570090181053,-0.7721483511743006
4.14142,36.62582,1,-0.8398529235356103,2.239737741246075,1.6236762811305767,2.320252694868422
4.04585,33.05786,0,0.16952888234176636,-0.7773588418573524,0.9712751360043564,-0.5878646832394088
7.71021,33.34928,0,-1.0729720548930044,-0.8618359966351061,-0.883559530418752,-0.8623229701919665
10.28045,34.43452,0,-1.1883299755647045,-0.6602957991060436,-1.6644080658468525,-0.7594882147504922
2.23451,35.57373,0,0.8112073160780986,-0.7915465172780308,0.4253253321113375,-0.7259898530766209
4.39167,36.66772,1,-0.3015159604010094,1.0081092037889925,-1.4172873591651667,0.5861310588537971
4.835,34.25057,0,-0.29911267038701567,-0.3636174165417904,0.19697571460992394,-0.5367645724316664
-0.19149,34.60493,0,1.9023009824312629,-0.39076430884760566,1.6360470846476447,-0.3658715684607006
6.58771,33.03814,0,-0.9287746540533791,-0.6596161418103054,0.32829367279082156,-0.7534321981602372
4.28453,34.63197,0,1.0971988277433553,0.3618527767234896,1.2341004164955687,0.7807619364872854
-1.46838,33.35462,0,1.5538239304021686,-0.7789992891133342,-0.010969622065359003,-0.7630275444728606
8.52834,34.93818,1,0.6141375349306109,0.11425053397062283,-1.756149438772145,-0.09333383485044693
3.44951,34.69081,0,1.6042930206960373,-0.5096713578902251,-0.4102854602850742,-0.5281001079478139
7.12055,36.49151,1,0.4314874938670855,2.239737741246075,0.9589821493092209,1.4110992718134752
-0.43203,33.2144,0,1.6691818510738687,-0.7557539501551984,-1.2583835225351816,-0.7042518912661763
5.83484,34.64427,1,-1.1378608852708358,-0.8384060150665126,0.4253253321113375,-0.8582923882482874
7.67028,36.75709,1,-1.164297075424767,-0.7624323943437369,-0.010969622065359003,-0.8106990721090502
4.57631,36.53067,1,-0.25585345013512806,2.239737741246075,-1.7165375696533633,1.8936127472456894
3.81348,36.54803,1,-0.3039192504150032,0.7594963477411663,0.02864224705342266,0.3838628491257847
6.03916,36.84246,1,-1.1594904953967795,-0.38757465370513106,-0.25117565317916646,0.9749573151668484
4.883,35.58946,0,-0.09242972918355281,-0.4321565487903116,-1.4890127216999964,-0.5499651278165586
0.39586,36.05449,0,-0.8734989837315228,0.8288690436138976,-0.06525765503613408,0.05259040292599286
5.91613,36.61886,1,1.8350088620394378,2.239737741246075,-0.6094221842168568,2.320252694868422
10.24256,35.8917,1,-1.1378608852708358,-0.6729474049853428,1.366995570757493,-0.5311016505053878
1.9903,35.21165,0,1.4168363996045246,0.4302621387297216,0.1924882285649201,2.320252694868422
-0.99991,34.37022,0,1.7148443613397502,-0.35624567258463613,0.2954792362144785,-0.5113745499454879
2.25977,35.49212,0,0.700655975434386,-0.8149761459571895,1.2979152404647305,-0.7779047370533008
0.97986,34.91661,0,1.1020054077713428,-0.4428177496756074,-1.5774144067037863,-0.6143512218352767
8.95334,34.31991,1,-0.6644127525140663,-0.8121336448267868,-0.883559530418752,-0.8381764010837188
5.55477,36.43822,1,0.777561255882186,2.239737741246075,1.168979571796334,2.320252694868422
9.71246,36.53374,0,-0.9143549139694166,-0.49855399118073107,1.2800019855847897,-0.5249889306678033
1.34538,33.02178,0,0.7126724255043547,-0.7212601712689046,-1.3198544845954485,-0.7769990402483811
1.53584,33.99551,0,1.8109759618995003,-0.350317812590338,-1.4744521735254557,-0.496239497623779
4.51445,33.80813,0,0.06618741174003494,-0.678851051335341,0.9119825641508336,-0.7341471690080981
6.1223,36.60356,1,0.06138083171204743,0.7210319887825709,1.623419456030055,0.7134829776165974
5.11215,35.61843,1,0.20077165252368515,-0.08651070084898672,-1.5999227005366108,-0.2519109610555661
9.4118,36.6893,1,-0.8879187238154853,-0.3064018004792184,-1.1411194895122712,-0.36382197617599094
2.75041,36.47446,1,-0.9864536143892293,-0.7570555770188393,0.16776541000299983,-0.7849602521718438
8.92793,35.27839,0,0.5949112148186608,-0.4636207292213245,-1.3198544845954485,-0.4455522551366272
6.37619,36.73105,1,-0.9648240042632855,-0.7446884232914767,0.06785526797461983,-0.7712887741364444
8.00933,36.374,1,1.0587461875194553,2.239737741246075,1.7025834262142712,0.9476867264571238
4.54395,36.56594,1,1.0347132873795177,2.239737741246075,1.6446252797102334,2.102289704635642
5.11962,34.8194,0,-0.43610020118465964,-0.7652329869453198,1.161827525333417,-0.5868868090694035
10.02912,36.50189,1,-0.861482533661554,-0.7423685203908622,-1.4295092973265895,-0.7968774690949304
9.79155,33.23216,0,-0.5923140520942536,-0.7789992891133342,-0.5260895402523974,-0.7088803202177817
5.24491,36.52194,1,1.7797331917175814,0.13759459665659143,1.1397453007917806,2.320252694868422
5.93518,34.83911,0,-0.9239680740253916,0.3490019550634445,-1.618222450563506,-0.15755321090742122
3.86107,36.6685,1,-0.5346350917584035,2.239737741246075,0.8591839984105039,1.2727986301252567
3.5849,36.55678,1,-0.9143549139694166,-0.4217541128084189,-1.0755183922309117,-0.3024476985720199
4.12263,36.61506,1,-0.10684946926751535,0.13349108972661625,1.011145161690195,2.320252694868422
5.48876,36.23031,1,1.7581035815916377,-0.09663054607376423,-1.260260224616212,-0.013870250257743364
6.62585,36.2546,1,0.3810184035732167,-0.5841459818518117,1.0298753452596987,-0.4663397021994564
8.79261,34.01433,0,-1.1522806253547984,-0.7610612909183923,-1.6644080658468525,-0.8198080990591836
3.25609,36.54169,1,0.5300223844408294,0.847355548327796,1.0759810725509473,2.320252694868422
10.7757,35.10848,0,-1.0633588948370294,-0.7789992891133342,-0.5260895402523974,-0.796325762964733
7.45724,36.47043,1,-0.6115403722062036,-0.7915465172780308,-0.4472645762420555,-0.3317992922366056
5.63865,36.19548,1,1.1404580479952429,0.07471593503629345,-0.32127603477843675,-0.16062287054543078
8.62659,36.33694,0,-0.27988635027506564,-0.2995386516337281,-0.1430894189817566,-0.501512941846757
7.62761,36.72478,1,-1.1306510152288545,-0.6602957991060436,0.0807718248302965,-0.5397011504348415
4.17329,36.63644,1,0.17673875238374762,2.239737741246075,-1.5250223081084355,2.320252694868422
-0.87022,33.52595,0,1.4360627197164746,-0.8384060150665126,-1.3198544845954485,-0.850241227297896
4.47877,36.19395,1,0.104640051963935,1.0424905311606465,-0.7918180835230966,0.4622294672479364
6.08689,36.63193,1,1.287058738848862,2.239737741246075,-0.5419861411244106,1.559516144372995
8.39109,33.06203,0,-0.9672272942772793,-0.6729474049853428,1.0095255066207753,-0.6490245327777772
2.36863,36.46138,1,-0.35198505069487823,1.2794545302310132,0.2504082063616222,1.4628869429203084
-0.25604,35.74915,1,-0.9984700644591981,-0.07547827578983649,-0.5893683010005105,-0.2866109277316089
8.63218,34.2252,0,-0.6403798523741286,-0.7789992891133342,-0.3684396862020767,-0.6381682745669172
10.11366,36.7391,1,-1.1402641752848295,-0.602539540917635,1.4766501245923633,-0.6578277506285748
8.72359,34.62988,1,-0.10684946926751535,-0.6133463028779537,1.3767401305047093,-0.7208762025171275
7.16985,36.31498,1,0.3617920834612667,0.58597315152712,-0.6827762262053985,0.10880866790185247
0.2396,36.0929,1,-0.49618245153450347,0.622475600344101,-0.2131628753688754,0.50709092606195
7.23966,34.57045,1,-0.8374496335216165,-0.7090964369722593,-0.4046171113642842,-0.726909504031386
5.04961,36.50935,1,1.4168363996045246,1.7761682346578291,1.1748540021485911,2.0673104016347055
-1.17417,33.22402,0,1.6235193408079875,-0.6912704792339341,0.2707277171516935,-0.6275824299063649
-0.16565,33.09446,0,1.6451489509339312,-0.2618305773910131,-0.39297654327128045,-0.2644321189319981
2.63463,36.56557,1,-1.077778634920992,-0.7877444399719243,1.4766501245923633,-0.8425817395600093
8.52841,34.93875,1,0.6141375349306109,0.11425053397062283,-1.756149438772145,-0.09333383485044693
3.31339,36.73434,1,-1.1210378551728795,-0.6623486383846771,0.03521599321798752,-0.5746113793385098
6.02894,35.86682,1,0.866482986399955,-0.5338689011249913,1.2979152404647305,-0.6377753628620411
2.79277,33.46784,0,0.9241619467358051,-0.6616620163699825,0.22602535558829584,-0.7658534181465508
9.75446,37.04385,1,-0.9215647840113979,-0.19627262406498466,-1.7007826959969607,-0.13719526736953688
8.28384,35.7851,0,0.2872900930274603,-0.44380047307149484,-0.556919425958378,-0.591643436055242
0.20018,34.61838,0,1.6619719810318876,-0.4270817660425998,1.252972327280683,-0.40304998355265836
0.5443,34.62218,0,1.4576923298424185,-0.5947214965288351,-1.4677595939726453,-0.7377349265969496
-0.65065,33.05912,0,1.851831892137394,-0.5363877405971286,-0.15391498161463682,-0.6093776616515386
8.75783,34.13822,0,-0.7413180329618664,-0.7423685203908622,-0.556919425958378,-0.7167821126549638
2.86404,36.60152,1,-1.1667003654387609,-0.8247899895070685,-0.2685295441736967,-0.850241227297896
0.92449,34.71327,0,1.392803499464587,-0.6133463028779537,-1.756149438772145,-0.4589940350584339
3.0328,34.76299,0,1.3279146690867558,-0.22485893298608503,-1.4856730337784938,-0.25536404667278784
7.76722,36.79186,1,-1.173910235480742,-0.8287010282125248,-1.756149438772145,-0.8623229701919665
2.47058,36.4922,1,-0.960017424235298,-0.6826395947499344,-0.33760972652573307,-0.7214694825844338
4.26372,36.65855,1,0.2296111326916102,2.239737741246075,1.627774535125193,2.320252694868422
10.97905,36.88544,0,-1.1234411451868733,0.46378374987992693,1.692624944177104,-0.10386648063413007
-0.70739,33.06992,0,1.8398154420674253,-0.5802217582663715,1.462035060260252,-0.6521302212847774
10.19779,36.77725,1,-1.183523395536717,0.054227686331605365,0.6987526367982823,-0.3109940277721583
7.97957,34.33759,0,-0.24143371005116557,0.5294273273677336,-0.5935334242033272,0.8887812145105265
0.29503,35.28073,1,0.6357671450565546,-0.37898304465186006,-1.5412369075712158,-0.3127694628818917
0.17853,33.89832,0,1.3687705993246495,-0.6729474049853428,-0.3781843938900191,-0.7695889292827067
1.30649,33.93104,0,1.7316673914377063,-0.7915465172780308,1.2979152404647305,-0.648613522195744
10.01817,33.38442,0,0.034944641558116135,0.5855987629820694,-0.17166195111843338,0.6442572213280389
2.46768,36.49445,1,-0.960017424235298,-0.6826395947499344,-0.33760972652573307,-0.7214694825844338
-0.51513,33.52214,0,1.4360627197164746,-0.8121336448267868,0.861620286288034,-0.7991200058247293
1.98651,35.32285,0,0.8232237661480674,-0.6912704792339341,0.2707277171516935,-0.7026464814557698
7.72672,34.22766,1,-1.1691036554527545,-0.8094451392166911,-0.7048244983503932,-0.8031934776036621
4.44153,35.88351,1,0.5324256744548231,-0.30664843529303615,-1.5878944537708435,-0.34680593541742727
2.11555,36.29953,0,-0.33035544056893446,2.239737741246075,-1.698010952522983,2.115241182316082
9.59588,36.88864,1,-0.8158200233956727,-0.35814649795286607,-1.6644080658468525,-0.5978269188433286
5.68528,33.85115,0,-0.9095483339414291,-0.4588291887189153,0.7698786914516524,-0.6070988356878755
0.92268,35.97082,1,-1.065762184851023,-0.8094451392166911,-0.18970465413371784,-0.6309981918671166
-0.25263,35.74805,1,-0.9095483339414291,0.5218986057806526,-0.5605981940241178,-0.08161218009496216
8.68778,35.68335,0,0.397841433671173,-0.7557539501551984,-0.5087355752875041,-0.7575646249908115
9.42938,35.97995,0,-0.02994418881971522,-0.7046686130179255,0.16776541000299983,-0.719402354373645
8.18226,36.46133,1,0.4122611737551355,0.9058849989017117,-0.3663668886885914,2.160972175365144
3.83324,34.84685,0,1.7388772614796877,1.8553911837387247,-0.48518903343886066,1.140763633934956
3.58685,33.61674,0,0.6742197852804547,-0.6602957991060436,0.9533618811244157,-0.7133509117608985
4.19651,36.63824,1,1.0779725076314053,2.239737741246075,-0.9188945071161432,2.320252694868422
0.18465,35.1019,0,0.6934461053924047,2.239737741246075,1.327452198194899,2.320252694868422
1.85163,33.19926,0,1.0563428975054616,-0.6089681626537242,1.1680688486864192,-0.7290765560585163
5.34485,36.41289,0,1.0827790876593928,0.9543393397730543,0.7806558774670956,0.6259425087276831
2.45468,34.9538,0,0.8328369262040424,-0.679602434378192,-0.010969622065359003,-0.6868198859560932
6.92691,34.6484,1,-0.9576141342213043,-0.7789992891133342,-1.3986794486057905,-0.742091633136991
6.43933,35.26227,0,1.921527302543213,2.239737741246075,0.16776541000299983,1.0513710559994873
5.39472,35.41395,1,0.008508451404184844,-0.7252205989836185,-0.7474719632281646,-0.7974326725586998
9.00163,33.78039,0,-1.0489391547530669,-0.6522855191670776,0.16776541000299983,-0.7335040114752829
4.17832,36.63903,1,0.45071381397903554,1.2286287723573774,1.6640448670633958,2.238523189965518
7.97225,35.97263,0,0.3233394432373666,-0.6961677004273207,0.861620286288034,0.0953160816452581
0.86253,33.18567,0,1.344737699184712,-0.37137961908595224,0.9749541259811856,-0.4727571193079977
7.6691,36.75417,1,-1.164297075424767,-0.7624323943437369,-0.010969622065359003,-0.8106990721090502
8.95565,36.49796,1,-0.8542726636195728,-0.8287010282125248,-0.883559530418752,-0.8213262866369455
4.55619,36.70771,1,1.404819949534556,2.239737741246075,-0.012796985914232752,2.138113209073117
7.38406,35.66401,0,0.9481948468757426,-0.7136565285402676,-0.2685295441736967,-0.678187115617931
8.52995,33.86669,0,-1.1594904953967795,-0.7193212183300857,0.517066779006993,-0.7797396549813113
3.40858,36.29513,0,0.12867295210387253,0.5610412570121174,-0.7928782267663793,0.4292637276627189
6.02647,35.87106,1,0.8905158865398926,-0.3812590651695632,-1.7370016185328412,-0.46357006733845635
7.30873,34.62651,1,-0.6115403722062036,-0.39514901048858014,0.25540712349677797,-0.36783559218155737
6.7655,36.55696,1,0.40505130371315423,0.8637637436772568,-1.1910518146398223,0.48828599566288927
3.31137,36.22556,0,0.19115849246771013,-0.6496826377187601,0.36385433306588894,-0.6523387383640612
4.00442,33.40909,0,0.43389078388107927,-0.7726182803056105,1.072994445172299,-0.8056157716495485
5.48821,33.10983,0,-0.823029893437654,-0.7252205989836185,-0.7474719632281646,-0.6058795118005246
1.21172,34.59133,0,1.2389929385689868,-0.7652329869453198,0.5614128993019251,-0.7232623973251384
2.18756,35.26629,1,0.7030592654483797,-0.8247899895070685,0.6040603641796963,-0.7756546497421685
7.68134,36.28873,1,0.1575124322717976,1.2220309963669058,-1.6232544324509468,2.320252694868422
6.76122,34.76508,0,-0.880708853773504,-0.7557539501551984,1.3593863874509053,-0.7211725681121302
7.05737,36.35963,1,0.25845061285953524,0.5610412570121174,0.0797116815870137,0.0989650179425091
7.67061,36.78016,1,-1.1715069454667484,-0.7935268707399993,0.9977080014193477,-0.8295447953505992
3.22429,34.49881,0,1.832605572025444,0.0684265301212114,-0.06043745029811558,-0.19011283758498393
5.98071,33.97805,1,-1.2604286759845171,-0.8247899895070685,0.6040603641796963,-0.8623229701919665
2.69035,36.27377,1,0.17914204239774137,1.8002437634620614,-1.1855266723419038,1.382991349670363
7.75421,35.77075,0,0.6333638550425609,-0.5301265668368357,1.7064579938310136,-0.5316501055931099
8.52559,34.9168,0,0.5180059343708606,-0.47942918315937344,1.5630841979389298,-0.6763173721288589
5.48169,36.52311,1,1.6018897306820437,2.239737741246075,1.5467959239945483,2.320252694868422
9.58312,36.97845,1,-0.9912601944172168,1.41523980783871,-0.9317433810896258,0.6295592442232736
10.87209,35.31284,0,-1.0104865145291668,-0.5108415547678611,1.5471847122227576,-0.592305607260716
9.83002,36.82824,1,-1.1282477252148608,-0.21886908854423875,-1.6408836411367622,-0.36943099553655284
3.85109,36.90961,1,-1.195539845606686,-0.6623486383846771,0.8154346710046875,-0.6948233192104045
5.56333,34.01911,0,-0.851869373605579,-0.7610612909183923,0.9533618811244157,-0.8087527531995959
6.46804,34.68348,1,-1.087391794976967,-0.7610612909183923,-0.9753009773144076,-0.7670853662118254
7.70096,36.78764,1,-1.1594904953967795,-0.7877444399719243,1.4766501245923633,-0.7979914577987027
5.01394,33.06458,0,-0.5947173421082473,-0.7136565285402676,1.119180356337098,-0.7712887741364444
7.45458,36.88,1,-1.1522806253547984,-0.8287010282125248,-0.883559530418752,-0.6669872602166259
6.48981,36.93413,1,-0.9984700644591981,-0.28510800214238036,1.3544043355585256,1.5213543663380218
-0.26475,35.76419,1,-0.9960667744452043,-0.4094663630818068,-0.24123152139243173,-0.5412493784895022
4.87667,34.90135,0,0.10223676194994125,-0.19874511480607243,-1.7283971639913687,-0.34107419272186573
7.10308,33.49579,0,-1.056149024795048,-0.7789992891133342,0.861620286288034,-0.7930855572976494
2.76867,36.60452,1,-1.1618937854107734,-0.8287010282125248,0.861620286288034,-0.7968774690949304
6.81342,35.56632,0,0.8929191765538863,-0.8452684910953331,0.861620286288034,-0.8304355422859543
5.43075,36.17319,1,1.277445578792887,-0.34208011673908373,-0.30814141329247835,-0.35478841281786083
5.05845,33.32417,0,-0.5466515418283723,-0.4174146740848482,0.24659030004297866,-0.536069046374822
6.02443,33.12874,0,-1.0321161246551105,-0.7127333697786606,0.861620286288034,-0.7909878889908802
-0.26848,35.80867,1,-1.1498773353408045,0.312489826993393,0.5197943621742279,-0.13100246774110966
5.28035,33.32407,0,-0.8734989837315228,-0.6602957991060436,0.7698786914516524,-0.78113725843817
9.7383,37.05811,0,-1.0128898045431605,0.6333841185546489,1.6727390476552524,0.15974189186252766
0.76473,33.00466,0,1.1020054077713428,-0.6395759773739665,1.4766501245923633,-0.7235631680123262
5.71109,34.98578,1,-0.6283634023041599,-0.5050290081827404,-1.5447751319471539,-0.29067312641520504
4.79219,33.12179,0,-0.3183389904989657,-0.7789992891133342,-1.756149438772145,-0.7783604881722564
1.19544,36.13836,1,-1.0225029645991355,-0.5207495732619785,1.4525127074836484,-0.64984869315594
4.77042,35.61816,0,-0.12607578937946537,-0.7423685203908622,-1.4295092973265895,-0.7602660020336064
5.4087,34.79098,1,-0.7365114529338789,-0.578764255098073,1.5349103660591115,-0.648613522195744
5.56963,35.70209,0,2.6545307568113077,2.239737741246075,0.6137345041412857,2.320252694868422
0.60584,34.98469,0,0.8977257565818738,0.22164631413632133,0.2921461316552877,-0.13396347782106907
1.55793,33.56081,0,1.9287371725851943,-0.5042611517957211,0.991466382184893,-0.46715099914548736
3.33695,34.39677,0,1.335124539128737,-0.2870111542541369,0.7488270220080775,-0.35781303636963196
6.57161,36.01392,1,0.6958493954063985,-0.5203476981200672,0.48258800926194617,-0.38731831567850616
5.68497,34.6974,1,-1.075375344906998,-0.7955663855340371,0.861620286288034,-0.846218533706197
5.64754,36.41153,1,0.3810184035732167,2.239737741246075,-0.5301311329489148,1.697735270745122
-0.33115,35.82343,1,-0.9768404543332543,-0.39691451245330406,0.9012323033475418,-0.40719065761652495
5.80639,35.06609,1,-0.10204288923952784,0.09561679292636219,-1.6596737407003392,-0.2845094313575094
2.32467,34.60532,0,1.1765073982051493,-0.6206304526971439,0.1436281408350111,-0.19585308084182299
5.77383,36.46015,1,0.5300223844408294,0.9644592470443258,0.28923776492075,2.320252694868422
7.40311,34.17121,0,-1.1138279851308983,-0.5802217892896184,-1.756149438772145,-0.5862366850169983
2.91637,33.70459,1,0.6958493954063985,-0.7557539501551984,0.36385433306588894,-0.7899565415053553
5.41004,35.87194,0,1.452885749814431,0.24810914384532132,0.2651004957527613,0.27638693148301
4.86112,36.09248,1,1.1164251478553053,0.03509471919628114,0.35264974629272255,0.14348431509132653
2.93236,36.13986,1,0.9866474870996427,-0.6229163696306468,0.31567048239501505,-0.610082645286493
4.58423,36.65247,1,1.558630510430156,2.239737741246075,0.6736395506008916,1.4642062750666625
2.05352,34.43908,1,1.5442107703461936,-0.17581750818811512,1.5427559586460182,-0.28823250831173036
9.95919,35.63408,1,-0.9431943941373417,-0.6857291223626484,-0.4102854602850742,-0.7549196274984761
9.71461,33.8666,0,-0.7413180329618664,2.239737741246075,1.0495156601762126,1.347754440256143
2.76295,36.60482,1,-1.1570872053827859,-0.7955663855340371,0.861620286288034,-0.8516921457402836
3.06775,36.52211,1,-0.9480009741653292,-0.6679291776169504,-0.6898144322795763,-0.6247702922389774
-1.534,34.92911,1,-0.2919028003450344,0.05079266832844087,-1.1005448591331668,0.025227096173724917
2.07373,35.6665,0,0.748721775714261,-0.34313568271897676,1.5723035681084663,-0.2212042315560669
7.71151,36.80154,1,-1.1618937854107734,-0.6623486383846771,1.6880245793580806,-0.6175974792264486
2.62715,35.34691,0,0.6549934651685047,-0.7055441200721081,-0.5732531177056743,-0.5966468607936669
5.77309,36.24802,1,1.5057581301222935,-0.30837835359342686,-1.3787296416902606,0.2230859352883508
9.7379,37.00082,1,-1.1426674652988233,-0.7610612909183923,-0.7918180835230966,-0.8043954485240342
10.04066,33.10363,0,-0.41927717108670337,-0.7557539501551984,-1.2583835225351816,-0.7904707973150902
7.29949,36.76531,1,-1.1330543052428483,-0.8247899895070685,-0.2685295441736967,-0.7968774690949304
4.75892,36.63964,1,-1.046535864739073,-0.4896048392055419,1.5320169413379106,-0.639548405429693
3.22761,33.01892,1,0.6742197852804547,-0.6912704792339341,-1.4744521735254557,-0.6084989794614735
-0.1714,35.62187,1,-1.1715069454667484,-0.7610612909183923,0.9533618811244157,-0.8341564413231923
8.52744,34.93807,1,0.6141375349306109,0.11425053397062283,-1.756149438772145,-0.09333383485044693
0.47504,33.33663,0,2.274810934600295,0.956116351362423,-0.30685743573059565,0.2188386945854226
5.99825,33.94446,1,-1.2556220959565296,-0.8452684910953331,-0.010969622065359003,-0.8704086057386067
5.93943,35.29199,0,1.5033548401082997,2.239737741246075,0.20998147972344314,2.320252694868422
9.41606,36.94249,1,-0.23182054999519056,2.239737741246075,-0.5431584234380825,1.769389485393871
2.46763,36.4938,1,-0.960017424235298,-0.6826395947499344,-0.33760972652573307,-0.7214694825844338
9.55175,35.20159,0,-0.3471784706668907,-0.4841194327602587,0.13693559826738233,-0.46207740255519225
-0.7316,34.43621,1,1.6643752710458812,-0.5301265668368357,0.8338680854776206,-0.6569746686387807
-0.30421,34.60074,0,1.8157825419274878,-0.6729474049853428,-0.7356543840563737,0.14527202253455995
9.82563,36.81855,1,-1.1282477252148608,-0.8452684910953331,-1.756149438772145,-0.8602232647059838
3.76704,36.83253,1,-0.38082453086280327,0.9699745598997374,0.45007670323339644,0.4072687786851764
3.85652,35.53793,0,0.3762118235452292,-0.7789992891133342,-0.883559530418752,-0.46357006733845635
8.84121,34.53036,1,-0.2919028003450344,-0.5962666713932151,-1.7214753132982739,-0.7266023579232401
7.309,34.62725,1,-0.6115403722062036,-0.39514901048858014,0.25540712349677797,-0.36783559218155737
6.41459,36.79747,1,-0.4937791615205097,2.239737741246075,0.17770392004214247,2.320252694868422
8.89379,35.7775,0,0.866482986399955,-0.7726182803056105,1.522836035757162,-0.7687483799912863
5.91963,33.59661,1,-1.046535864739073,-0.8287010282125248,0.861620286288034,-0.8062330897278844
5.27688,34.74892,1,-0.7028653927379663,-0.6095112711276991,1.5092893993489955,-0.5931354534447664
3.64805,34.1516,0,0.45552039400702304,-0.6616620163699825,0.22602535558829584,-0.7370761049503896
0.33392,33.62301,0,1.6811983011438376,-0.615564635667821,0.3988926146370725,-0.6810239668376419
4.54365,36.73257,1,0.4218743338111105,1.9441881550363083,0.22629357212472784,1.6678545030672352
10.94691,33.82879,0,-1.1618937854107734,-0.7282680125385013,-0.2993595038500403,-0.778818209619985
2.67107,36.40094,1,0.044557801614091154,0.9915757986145545,-1.6668444276947458,1.5787879863961325
6.46931,35.06278,1,1.414433109590531,1.2508218105323692,0.6156720838311093,0.36401612146181406
10.08706,35.59475,0,-1.0056799345011793,-0.8287010282125248,0.861620286288034,-0.8381764010837188
10.29288,36.81506,0,-1.193136555592692,-0.8452684910953331,-1.756149438772145,-0.8646454723631704
-1.5433,34.60392,0,1.921527302543213,0.3490019550634445,0.5497062017043515,0.15467702101394126
3.40371,36.51648,0,-0.3063225404289969,-0.6089681626537242,0.5551715759489226,2.320252694868422
4.10819,36.73301,1,-0.8951285938574666,0.4320485813861847,1.4607828899544824,0.45722449439404705
5.13353,36.61989,1,-0.2630633201771093,2.239737741246075,-0.10328108457870482,2.320252694868422
1.59066,33.51635,0,1.8205891219554753,-0.017148180601278415,1.7124368703359023,-0.27244724749495447
10.95321,33.10838,0,-1.1042148250749233,-0.6744058543626753,-1.3198544845954485,-0.7390615348859866
6.17698,35.37664,0,2.8996663382386703,1.1896873999525857,1.514557568605666,0.6728329558169523
-0.59965,34.13269,0,1.4456758797724496,-0.6095112711276991,-1.5312287914204397,-0.671942693375653
5.80111,34.8575,1,-0.8999351738854541,-0.6857291223626484,0.38834621615435616,-0.5316501055931099
6.92038,36.83726,1,-0.7893838332417414,1.5853454831609117,0.10160883228029012,1.2641210770288411
3.27134,34.57855,0,1.7893463517735564,-0.39047346590678284,0.16776541000299983,-0.34187656689331064
4.24206,33.23516,0,0.15030256222981633,-0.6275552912693356,0.7827953962480552,-0.7526947885431912
6.18191,35.2982,0,2.1498398538726193,-0.5876257974236746,-1.5135995827346242,-0.47041200585490234
3.06541,36.52309,1,-0.9431943941373417,-0.7118158727596351,0.050501376980089586,-0.7571834085945803
7.65409,36.76455,1,-1.1234411451868733,-0.4143408907699974,0.8821852307427168,-0.438549002988786
6.25379,36.7328,1,-1.1210378551728795,-0.8287010282125248,-0.010969622065359003,-0.8381764010837188
4.89354,36.31392,0,2.3372964749641323,1.2790182192849084,-1.3258923524648722,1.116795428838878
-0.52246,33.93395,0,1.3519475692266933,-0.7789992891133342,-0.010969622065359003,-0.7250755079357657
4.83318,36.53165,1,0.7078658454763672,2.239737741246075,-0.9165212419879346,2.320252694868422
10.58601,34.60368,1,-1.154683915368792,-0.7046686130179255,-1.5774144067037863,-0.7859392100226742
5.88723,35.85039,1,1.0587461875194553,-0.4970471920729162,-0.8583265382628518,-0.3796843049953423
9.45318,37.04248,1,-0.6331699823321474,-0.04261131719827041,0.7827953962480552,0.7193784264856355
8.72831,34.97624,0,0.691042815378411,-0.14997427476862057,-1.756149438772145,-0.4777258944075729
2.52618,36.4112,0,0.044557801614091154,0.44894719222455515,-1.2101996718643075,2.320252694868422
6.01876,33.54747,1,-1.106618115088917,-0.6229163696306468,0.31567048239501505,-0.6433343077242166
-0.90644,35.5883,0,-0.8086101533536915,-0.24918308209194429,-1.756149438772145,-0.36559161288962116
0.01001,34.2973,0,1.3375278291427308,-0.6834069392533778,1.522836035757162,-0.7779047370533008
8.08431,33.20338,0,-1.056149024795048,-0.7423685203908622,-1.4295092973265895,-0.7300146014397544
3.30841,36.69617,1,-1.1042148250749233,-0.7557539501551984,-0.38579357719660695,-0.7583305340061802
3.16879,36.54305,1,-0.880708853773504,0.151689822801147,-1.5026442021145852,-0.0885149736229378
5.40231,35.35512,1,0.022928191488147367,-0.40135794110088946,-1.249021907357493,-0.4354116203360955
-1.30214,33.83702,0,1.4649021998843996,-0.6857291223626484,1.334894504362438,-0.7779047370533008
3.36754,35.27112,0,1.404819949534556,2.239737741246075,1.2979152404647305,1.3666891871737858
1.98321,36.38332,0,0.9169520766938238,2.239737741246075,0.7462833291633937,2.320252694868422
8.21033,36.66772,1,-0.676429202584035,1.8097587174164214,0.858212323721433,1.3948495763573658
0.96398,36.26984,0,0.09262360189396623,-0.18303736232785406,-0.010969622065359003,1.5757210289232972
5.75464,35.52413,0,2.5103333559716825,1.3380251796769729,0.10194317832129196,0.5840231448374086
5.2765,34.74805,1,-0.7028653927379663,-0.6095112711276991,1.5092893993489955,-0.5931354534447664
6.42635,36.53065,1,-0.24143371005116557,1.4715723161515795,-1.0709542728897845,1.3394346988648915
6.42075,36.53494,1,-0.15491526954739043,1.0065994884959575,1.1542644995333746,1.5973642460673179
3.71586,35.35775,0,0.8592731163579738,1.3009752325965636,-0.1388584621558223,0.8450343988309132
5.20248,36.53592,1,1.4985482600803122,2.239737741246075,-0.06396687220085044,2.320252694868422
7.30186,36.76529,1,-1.1306510152288545,-0.7136565285402676,-0.2685295441736967,-0.7802034351900167
10.31229,36.58979,1,-0.9480009741653292,-0.39691451245330406,-0.9231713995375337,-0.5051969218486123
3.52088,35.08299,0,1.3110916389887994,1.7710245803017306,-0.464389307051846,2.0170041925846847
-0.66515,35.07818,1,0.22240126264962895,-0.2801421109917126,-0.05846850717435742,-0.25984288544919704
5.307,35.47798,0,0.027734771516134876,-0.6686380898346296,1.434002955596044,-0.6571876330315806
9.04567,33.66863,0,-1.0345194146691044,-0.49145140491473194,1.4766501245923633,-0.6379717483455943
5.66135,35.62374,0,0.6189441149585984,-0.6766151128527891,-1.4985895166638075,-0.5525807392626234
5.0654,33.75471,0,-0.4745528414085597,-0.401655733249045,-1.4627998811299079,-0.45615887269195693
8.30826,36.33624,0,0.5444421245247919,1.6613747751004668,-1.102313416543413,0.9273117255015766
-0.16761,35.47484,0,-0.6259601122901661,2.075989303168567,-1.3067346941672824,1.5153319157057914
4.39531,36.67168,1,-0.24143371005116557,1.0801088241264825,-1.0265048899680298,0.3056629771129308
0.15132,35.50268,0,-0.22461067995320927,1.4426956296383615,-0.21351541811918842,1.4560729830724382
6.59467,33.456,0,-0.9960667744452043,-0.7681172259766834,-1.3198544845954485,-0.7864323551669847
10.60218,33.36133,0,-1.0104865145291668,-0.7935268707399993,-1.0196470976093395,-0.6574008085310347
5.35998,33.77024,0,-0.6043305021642223,-0.7090964369722593,-0.13244197698310917,-0.723864501650592
1.37046,36.51774,0,-0.5057956115904785,2.239737741246075,-0.32243574213038956,1.21197109060822
10.27989,36.15866,1,-0.9023384638994478,-0.6229163696306468,1.1882603907484082,-0.3157407749665782
9.68068,33.53316,1,-0.7557377730458289,-0.7412253214939464,-1.601551749842138,-0.8014231934962921
9.68034,33.53175,1,-0.7557377730458289,-0.7412253214939464,-1.601551749842138,-0.8014231934962921
7.07924,34.56222,0,-0.979243744347248,-0.7915465172780308,-1.3198544845954485,-0.7341471690080981
3.95947,36.77359,1,-0.06118695900163402,2.0799327301439137,-1.7004754970791995,2.320252694868422
7.22068,33.6188,0,-1.0729720548930044,-0.6986714470897822,-0.24329662598815946,-0.7606567323030554
9.87508,37.05024,1,-0.8350463435076227,0.3629639053387974,1.4262881426110159,0.7700314133996923
6.21445,35.67623,1,1.0034705171975988,-0.11033711297963943,-0.08460297614479075,-0.26217215182944725
8.84181,33.60587,0,-1.1522806253547984,-0.732442841913378,-1.3702167624582482,-0.7874261890000507
4.04768,33.36172,0,0.3810184035732167,-0.8094451392166911,1.5554753105137944,-0.8295447953505992
2.06126,34.43891,1,1.4985482600803122,-0.7046686130179255,1.0403551704156668,-0.5045592108674766
-1.39957,34.28984,0,1.5610338004441497,-0.7570555770188393,0.16776541000299983,-0.7952325964139575
-1.34519,33.25413,0,1.5970831506540561,-0.7557539501551984,0.4867963311567861,-0.7915078587540565
5.08418,36.52635,1,1.5033548401082997,2.239737741246075,-0.12588968222382985,2.320252694868422
0.15953,33.42659,0,1.8638483422073628,-0.5284768126067476,-0.2685295441736967,-0.6567618872050812
0.65613,34.90828,0,1.2197666184570368,-0.8149761459571895,-0.4472645762420555,-0.4056715904277036
8.71282,35.92993,0,0.3617920834612667,-0.6084262175515126,-0.12062447178168145,-0.7156306243725096
10.83768,34.79867,1,-1.1883299755647045,-0.8021013006702323,1.407570090181053,-0.850241227297896
9.42078,37.04874,1,-0.2534501601211343,0.1990183300380938,-1.4559420887712176,2.320252694868422
3.10456,36.19918,0,0.3810184035732167,0.1869990554912023,-0.37895265008069284,-0.09345622041479978
0.54582,35.04155,0,0.7535283557422485,0.23365342757038055,0.5815520703468718,0.13933232571079254
5.00476,36.78865,1,-1.1426674652988233,2.239737741246075,-0.00220842432457594,2.320252694868422
-0.89872,34.86406,1,1.0996021177573492,0.471953535843452,-0.4764748808489796,1.0018849540798676
10.02766,36.49913,1,-0.8662891136895415,-0.7282680125385013,-1.1719493382330703,-0.7407370180318247
-1.37646,35.27993,1,-0.7052686827519601,-0.38757465370513106,0.6214144031149527,0.7616435549280053
-0.57642,35.63668,1,-0.9840503243752355,-0.8121336448267868,-1.756149438772145,-0.8475105556883806
7.01433,34.56796,0,-0.9840503243752355,-0.6953414738010312,1.6788433778958798,-0.4394183964860645
4.83046,34.40248,0,-0.568281151954316,-0.35814649795286607,0.5958916690469719,-0.44887380723447895
6.79744,35.23923,1,1.5610338004441497,1.468154795259735,-1.5091026284831497,1.2093376054654292
7.31963,35.77818,1,0.9722277470156802,-0.7193212183300857,-0.5390060231377111,-0.7319080170216555
8.56213,36.42723,0,-0.37601795083481576,-0.0836938520659647,-0.24209682669943164,0.551528144943598
2.92433,36.14055,1,1.0034705171975988,-0.6596161418103054,0.32829367279082156,-0.36999524140201223
6.68401,36.13796,0,0.6381704350705484,-0.3186217333878424,-0.5193154083743206,-0.046853553916593835
8.29191,33.64407,0,-1.1522806253547984,-0.5841459818518117,-0.17922468103702358,-0.5678105362507564
-0.25653,35.77266,1,-1.027309544627123,-0.7127333697786606,-0.883559530418752,-0.7583305340061802
8.60135,36.56357,1,-0.2870962203170469,1.7402850098513896,1.6534049700417799,0.8889721675161772
6.21898,35.67717,1,1.0034705171975988,0.03919673701039933,0.06064138228818996,-0.138427060623265
5.84001,34.67326,1,-1.1306510152288545,-0.8247899895070685,1.4766501245923633,-0.8062330897278844
3.86368,35.6678,1,0.12867295210387253,-0.33892620037717747,-0.11717419816741384,-0.4384404660209515
0.57579,35.36856,0,0.16472230231377885,-0.392805390315618,0.4530776808624771,-0.38035601822158804
3.06625,36.52419,1,-0.9431943941373417,-0.7118158727596351,0.050501376980089586,-0.7571834085945803
4.25568,35.79928,0,0.12626966208987878,-0.5861290808711416,1.4168276290579251,-0.661707102802043
-0.02657,34.81107,0,0.6525901751545109,-0.7877444399719243,-0.2685295441736967,-0.5820448949952511
5.63547,36.19258,1,1.0659560575614366,-0.16552163705973988,-0.18552799155426483,-0.10709765093641209
5.07765,36.74498,1,-1.193136555592692,-0.8384060150665126,0.4253253321113375,-0.8646454723631704
5.47794,34.65225,1,-0.9624207142492918,-0.7773588418573524,1.6245553449251047,-0.7820796033582661
-0.1913,35.79819,1,-1.154683915368792,-0.29856508009571187,0.005364217622663428,-0.47879856953910993
1.1932,36.13927,1,-1.0225029645991355,-0.5207495732619785,1.4525127074836484,-0.64984869315594
4.18018,36.61735,1,0.436294073895073,2.239737741246075,1.4852620501405043,2.320252694868422
8.65585,34.29397,0,-0.7196884228359226,-0.5268351864673789,-0.9662690480448487,-0.4843259609933648
7.02191,33.48129,1,-1.0537457347810544,-0.8287010282125248,-0.010969622065359003,-0.846218533706197
7.70763,36.63321,0,-1.0417292847110855,-0.6310956797310073,0.19299832818853707,-0.6174160963891234
3.8491,33.32703,0,0.4218743338111105,-0.6293187456997561,0.02864224705342266,-0.7050599934648397
8.35371,35.47686,1,1.2149600384290493,1.2608519985732558,-1.6870692564201086,0.7222728957481778
4.96905,36.64284,1,0.4795532941469606,0.9877998971731221,-0.9182336558926232,2.320252694868422
5.34542,34.3036,0,-0.7701575131297914,-0.7136565285402676,-1.4985895166638075,-0.7761009221723486
7.82135,34.60354,0,0.17914204239774137,-0.7127333697786606,-0.883559530418752,-0.3357550368713557
1.28852,34.8735,0,1.421642979632512,-0.6458371821575064,0.9042674552843531,-0.6116755435091915
9.12638,35.37569,0,0.436294073895073,-0.576832468529316,-1.2281130746849747,-0.6232828910482924
5.95798,36.72031,1,-0.3087258304429907,2.239737741246075,-0.8952002464524819,2.320252694868422
0.06138,33.81623,0,1.3879969194365995,-0.8287010282125248,-0.883559530418752,-0.8449689054586297
6.42419,36.71955,1,-0.5370383817723973,1.1849853925410794,-0.1741600782194763,0.7441738318956975
2.12357,34.75479,0,1.022696837309549,-0.7652329869453198,0.28923776492075,-0.7974326725586998
3.94985,36.27663,1,0.1983683625096914,-0.33553095417669404,0.9849886495515716,-0.375291879209403
2.14861,34.49807,1,1.4000133695065684,-0.46812226441058047,1.5184960466160868,0.08882289132162073
7.28471,36.88811,1,-1.1426674652988233,-0.43600240765377657,-0.141816684915058,-0.37805658824847077
4.19073,36.87349,1,-0.4288903311426784,1.6928316030219357,0.09308833410088316,1.531552562886277
-0.00752,35.77357,1,-1.1138279851308983,-0.33164039081427166,1.2364440934785559,-0.36755456700342976
-0.97523,34.01048,0,1.5754535405281123,-0.8021013006702323,1.407570090181053,-0.8183248285220333
7.23992,34.57104,1,-0.8374496335216165,-0.7423685203908622,1.1882603907484082,-0.7247718943456342
6.74564,36.37672,1,1.0875856676873803,0.6320248039631723,-1.6260187788886193,0.6890344626607867
6.48501,33.26174,0,-0.9672272942772793,-0.8452684910953331,-0.010969622065359003,-0.8582923882482874
2.34454,36.42279,0,0.436294073895073,2.239737741246075,-0.140714822387013,1.8212237688499608
0.9764,34.61005,0,1.207750168387068,-0.7046686130179255,-0.7048244983503932,-0.6591134464480195
-0.67633,33.60333,0,1.4072232395485496,-0.8094451392166911,-0.18970465413371784,-0.8564951722095024
9.99651,36.66453,1,-1.0801819249349855,-0.6679291776169504,0.6678751881488583,-0.756424353508586
0.9276,34.56804,0,1.1717008181771618,-0.8618359966351061,-0.883559530418752,-0.8437577584356865
9.37183,35.41532,0,-0.19336790977129048,-0.7055441200721081,1.1719265510603856,-0.7272172553119408
2.06851,34.75232,0,1.0755692176174116,-0.6030691542791556,-1.3702167624582482,-0.643133559369809
7.22756,34.47049,1,-0.9528075541933168,-0.6623486383846771,-0.4799038509986878,-0.7400644885265157
3.76807,33.76623,0,0.5588618646087545,-0.5135873292919577,0.8880531517030252,-0.6377753628620411
10.58401,34.59746,1,-1.1691036554527545,-0.7356646061165195,-1.5312287914204397,-0.7802034351900167
8.44626,36.7036,0,-0.7701575131297914,0.6086314143144401,-1.1998175615579332,0.8130883888283488
4.34038,36.67392,0,-0.2534501601211343,0.8514532228873313,-0.24221044517708182,1.4982695440735099
6.50927,33.81437,0,-1.1907332655786984,-0.7789992891133342,-0.010969622065359003,-0.6890376880229033
3.30717,33.13197,1,0.5925079248046671,-0.6616620163699825,-0.24796459971901386,-0.6992158435127824
10.98374,35.60816,1,-1.2075562956766546,-0.7789992891133342,-0.5260895402523974,-0.8133771711247708
2.2913,33.59966,0,1.0347132873795177,-0.5466645324285858,0.018240682541565103,-0.5349590757343688
6.70033,36.57469,1,0.7943842859801423,0.3152682689966029,0.5761337412532027,1.5679180766216314
3.31326,36.40651,1,-0.24864358009314683,0.5213101568311563,0.062225383642617677,0.6683822645944422
9.98857,33.87468,1,-1.0297128346411168,-0.4049439182240586,1.28367446616967,-0.5007551534006881
7.23861,34.57238,1,-0.8374496335216165,-0.7423685203908622,1.1882603907484082,-0.7247718943456342
0.91104,35.70884,0,0.1719321723557601,-0.5124079495332036,1.4294866211094495,-0.2737141126008408
3.45383,36.4831,1,0.8688862764139488,2.150199640088781,1.1043522573593925,2.0019526822029476
7.57906,36.01921,0,0.9121454966658363,-0.6046645247572159,-0.15573642783446628,-0.5239130748626757
3.39225,33.26348,0,0.6453803051125296,-0.5758714614063434,1.637178239439459,-0.639944160037513
2.3365,35.10946,0,0.8015941560221236,-0.7570555770188393,1.0403551704156668,-0.7946910163662753
5.06717,35.95486,0,1.5081614201362872,-0.5876257974236746,-1.1261093864562728,0.28585475530269394
6.02204,35.87093,1,0.8953224665678801,-0.2879649950070477,1.3092504588990495,-0.45514280229131077
11.00828,36.78728,0,-1.1883299755647045,-0.5668982974379598,1.2315715177234954,-0.6798371674488214
6.69089,36.40405,1,0.9962606471556177,1.8955960709481918,1.4130610581712406,0.8979284939864085
5.07012,35.9787,1,1.2918653188768494,-0.40976949122844997,0.5858535948991592,-0.40124330465809704
5.66672,34.90897,1,-0.5778943120102911,-0.1149011910348899,-0.7594164755429551,0.80537269394377
5.08522,36.41975,0,0.9289685267637926,0.8643886759652499,-0.4397582117401121,0.4327223864956127
9.15142,36.73704,1,-0.3327587305829282,0.3488896509092281,1.2008832852627624,0.7922900486621607
4.7436,33.56622,0,-0.19577119978528423,-0.6888738558434364,-1.5942428862095475,-0.6525474524762224
-1.39888,35.06723,0,-0.7821739631997602,-0.27381932506283585,-0.5699367304485335,-0.013203322115660412
5.25588,36.42573,1,0.27287035294349776,1.4721984893694533,-1.6618362642642084,1.1969107981896667
9.15724,36.92332,1,-0.8566759536335665,-0.34445814169299227,1.3482775183275302,-0.28048866587325255
5.29484,35.82575,1,1.1500712080512179,0.8555407218218436,0.015716961694905673,0.6639186254971384
8.38027,36.6099,0,0.7751579658681923,2.239737741246075,0.0590124069530257,2.320252694868422
7.70588,36.78705,1,-1.1715069454667484,-0.8121336448267868,-1.756149438772145,-0.8269554842752088
9.36732,35.87141,0,0.7126724255043547,-0.5104510341343594,-0.4472645762420555,-0.09443592417580846
6.91742,35.10543,1,0.7847711259241673,-0.5523737716011262,-1.6056363193195895,-0.6032844480688061
0.78202,33.20605,0,1.9191240125292193,0.7083391374963572,0.10670228353942826,0.06775748716403887
5.80489,36.21099,0,1.6451489509339312,0.28385450134199924,-1.5596645523558306,0.43532884998666027
5.78603,36.26019,1,1.6523588209759126,0.28776963511606235,0.38007810485368776,0.5551636830051931
4.40927,36.67008,1,-0.07080011905760904,0.653619589842609,-1.11404297098317,0.8694054517183939
6.36917,33.4954,0,-1.008083224515173,-0.7212601712689046,1.2979152404647305,-0.7802034351900167
4.61551,36.6553,1,1.2990751889188306,2.239737741246075,1.2996035400310637,2.320252694868422
6.20815,36.35615,1,0.49397303423092315,0.300957865610709,0.2783999232076029,1.0556915929327686
5.57699,33.45629,0,-0.794190413269729,-0.565506346390617,0.24659030004297866,-0.6892856679727536
7.45824,34.1242,0,-1.185926685550711,-0.7252205989836185,-1.0196470976093395,-0.7438032436682586
9.33963,33.71375,0,-0.657202882472085,0.934146432380007,-0.4328390239800874,0.6123586118062403
4.55635,36.71181,1,0.9289685267637926,2.239737741246075,-0.03116101618662164,2.320252694868422
9.4406,37.10698,0,-0.40726072101673455,2.239737741246075,0.3164419932816631,2.320252694868422
4.40415,36.67286,1,-0.07320340907160279,1.0246341706402406,-1.6188849291350134,0.655989909924652
9.87533,36.82375,1,-1.1378608852708358,-0.8121336448267868,-0.010969622065359003,-0.8269554842752088
1.18933,36.13702,1,-1.0225029645991355,-0.6389595144324103,1.3271255450716546,-0.7250755079357657
5.05065,36.51262,1,1.8302022820114503,2.239737741246075,1.6334465825641358,2.2950268148428057
3.90956,34.64068,0,1.287058738848862,-0.6686380898346296,0.5614128993019251,-0.6873105681894376
4.12791,36.61306,1,-0.12126920935147786,2.239737741246075,0.8563299259224475,2.320252694868422
5.70647,34.98576,1,-0.6427831423881225,0.10130180294297912,-1.7083789344900142,-0.3211286671437095
9.6929,34.42349,0,-1.0825852149489794,-0.8452684910953331,-1.756149438772145,-0.8623229701919665
5.92031,34.79528,0,-1.0032766444871855,-0.5618260896197507,-1.6946785136970595,-0.7300146014397544
10.27993,36.15968,1,-0.9023384638994478,-0.6229163696306468,1.1882603907484082,-0.3157407749665782
3.71926,36.56272,1,-0.02994418881971522,2.239737741246075,-0.665611477429196,2.320252694868422
5.91525,36.61931,1,1.8350088620394378,2.239737741246075,-0.6094221842168568,2.320252694868422
8.4915,36.80608,0,-0.9576141342213043,0.2895447853106098,-0.5436428553457199,-0.023542537908949602
2.71434,33.09875,0,0.6790263653084422,-0.8094451392166911,1.5554753105137944,-0.7968774690949304
8.09253,36.00431,0,0.1527058522438101,-0.4896048392055419,0.5486936953748751,-0.5316501055931099
2.47313,36.49316,1,-0.950404264179323,-0.6834069392533778,-0.22234392889035015,-0.6979131887921136
3.32534,36.73701,1,-1.145070755312817,-0.6630376336777687,-0.010969622065359003,-0.7526947885431912
5.95019,35.6256,1,1.7965562218155378,0.26998264257599563,0.9760500708801862,0.9214786516119786
10.01533,35.46555,1,-0.9071450439274353,-0.7955663855340371,0.861620286288034,-0.8068553195543757
8.54254,33.36883,1,-1.145070755312817,-0.6458371821575064,-0.32579222132430535,-0.6966195553624693
-0.26796,35.8051,1,-1.084988504962973,-0.40976949122844997,0.26479721726424194,-0.32926499907375506
1.35524,35.34032,1,1.1428613380092367,-0.7458657555159275,0.861620286288034,-0.590488232295673
-0.27355,35.80532,1,-1.0537457347810544,-0.6522855191670776,1.0403551704156668,-0.42888285150432975
8.77728,33.20419,0,-1.008083224515173,-0.5453616801466876,0.44589042450674643,-0.6309981918671166
9.40939,36.68744,1,-0.8879187238154853,-0.3064018004792184,-1.1411194895122712,-0.36382197617599094
4.44091,36.63603,1,-0.017927738749746448,2.239737741246075,-0.9946572460367962,1.2426593553123615
2.68165,36.61966,1,-0.8278364734656415,0.0789337316082944,-0.34302909120448494,-0.03514653588913654
7.66877,36.76014,1,-1.1667003654387609,-0.8121336448267868,-0.010969622065359003,-0.8392373633143897
9.81457,34.54046,0,-0.5250219317024285,1.7796078441015528,0.7959612332272222,1.1145692950961137
10.09572,35.48545,1,-0.9648240042632855,-0.8149761459571895,1.2979152404647305,-0.8425817395600093
9.01238,36.91912,1,-0.8542726636195728,0.7694632483581297,-0.5069804065129706,0.1576539063142997
2.85439,36.31324,1,1.414433109590531,0.6720825168887715,-0.5536029647308741,2.0309158396237272
9.80232,33.03449,0,-0.6235568222761724,-0.4428177496756074,-1.5774144067037863,-0.4641455722254753
3.8415,36.3949,1,0.4627302640490043,0.18855791160751864,-0.08113480170266418,0.8571096994535851
8.5725,33.78431,0,-1.1570872053827859,-0.8094451392166911,-1.062294562487111,-0.8361244901442567
3.96281,35.03069,0,1.1308448879392679,-0.28772636419096137,1.1838162513361536,-0.3169336683008179
4.17754,36.63576,1,0.08541373185198496,2.239737741246075,1.5216507346595927,2.320252694868422
-1.49376,34.41709,0,2.104177343606738,1.6939670538629081,-1.3501249324456555,0.8564147926429265
6.21469,35.67693,1,1.0034705171975988,-0.11033711297963943,-0.08460297614479075,-0.26217215182944725
8.37307,35.4633,0,1.2389929385689868,2.239737741246075,1.4052870688957697,1.6947721214510663
3.32961,36.75654,1,-1.183523395536717,-0.7292993803857178,-0.010969622065359003,-0.723864501650592
-0.259,35.77809,1,-1.027309544627123,-0.7292993803857178,-1.756149438772145,-0.8050032668029292
0.03517,33.34786,0,1.7412805514936813,-0.6961677004273207,-0.010969622065359003,-0.46773142985443866
5.11871,36.54366,1,1.3783837593806245,2.239737741246075,0.13012085665998915,2.320252694868422
3.98012,36.73127,1,-1.084988504962973,0.38921751426988704,0.4097544227478489,0.09160386964684211
2.1038,33.82172,0,1.9936260029630255,0.823834342901337,-0.7685737106075267,0.778958916774731
5.52781,34.28999,0,-0.9191614939974041,-0.654259094049572,0.5842292057265043,-0.7066872176295179
4.26458,36.3988,0,0.08060715182399746,-0.18627110150434564,0.5123189172840409,1.6199027806057578
3.32256,36.73904,1,-1.164297075424767,-0.7446884232914767,-0.08979451210533784,-0.738396717810446
3.43429,34.63421,0,1.7797331917175814,-0.4737344628664389,0.374963054248538,-0.5586169259011565
2.80776,34.67579,0,1.217363328443043,-0.5453616801466876,0.047290323519937,-0.6344606224722329
3.76433,36.87917,1,-0.7845772532137539,2.0500109324850486,-0.8741979152410637,0.9950475754671533
4.26068,36.69838,1,-0.6355732723461411,1.7747709476119988,0.19399041869781064,0.6367033185832714
-1.06369,34.3982,0,1.6115028907380187,-0.42613685998483103,-0.09576747098118214,-0.556838704183587
9.24162,37.13794,1,-0.9239680740253916,-0.565506346390617,0.24659030004297866,-0.4066837764659117
-0.17907,35.7989,1,-1.1907332655786984,-0.5264260208624176,0.18511930099753007,-0.5447943377226503
6.47926,36.95515,1,-0.813416733381679,0.5446504346809884,0.8942595610446663,0.16201069729700282
0.0176,33.3904,0,1.6884081711858188,-0.7773588418573524,-0.9932143801350745,-0.7328635983289727
5.91799,33.96935,1,-1.183523395536717,-0.7773588418573524,0.7519654365717116,-0.7538024651580016
2.46838,36.44557,1,-0.03715405886169648,1.2460102290123845,0.08932827260614747,1.84418339079473
4.61202,36.64414,0,0.6598000451964922,1.6409768660911042,0.4691580980866782,1.1714555015259966
7.73245,36.91378,1,-1.1138279851308983,1.8453230232434843,1.6430216022392334,1.4206095421444387
9.25872,36.19225,0,-0.1453021094914154,-0.35733095883517535,0.21395102528634635,0.07912673454470813
4.12678,36.87574,1,-0.5971206321222411,0.8614185102954497,0.042280902593227636,1.2766764623308144
7.24089,35.51811,0,1.013083677253574,-0.4004658676327977,-0.679591580164856,-0.07297679203428735
10.52902,35.31995,1,-1.0321161246551105,-0.679602434378192,-0.010969622065359003,-0.7217669177864845
5.22686,34.61059,0,-0.8302397634796352,-0.6834069392533778,1.522836035757162,-0.7424323029818307
-0.87659,34.50992,0,1.424046269646506,-0.49855399118073107,-1.3377678874161154,-0.5688826765787693
10.40097,36.02067,0,-1.1715069454667484,-0.6623486383846771,0.9078059015713805,-0.7575646249908115
4.12269,33.84077,0,0.30411312312541655,-0.7356646061165195,0.21395102528634635,-0.7752101998661032
1.2561,34.09706,0,1.5514206403881747,-0.6246453262103798,0.22923640904844844,-0.5229743539401439
7.24025,34.57127,1,-0.8374496335216165,-0.7423685203908622,1.1882603907484082,-0.7247718943456342
-0.26988,35.76855,1,-1.027309544627123,-0.8287010282125248,-0.883559530418752,-0.7549196274984761
3.35186,36.48188,1,0.46994013409098556,2.239737741246075,-0.026878280106549895,2.320252694868422
-0.46748,34.53123,0,1.5249844502342436,-0.43729213710218484,0.18833035445768267,-0.5537498760613723
0.7715,35.81147,1,-0.6163469522341911,0.23762626458390287,-0.07797700690391011,8.434994854923176e-05
6.76399,34.35582,0,-1.233992485830586,-0.8452684910953331,0.861620286288034,-0.8582923882482874
6.76625,35.64258,0,0.8592731163579738,-0.7955663855340371,-0.010969622065359003,-0.7575646249908115
5.89302,34.43914,1,-1.1474740453268109,-0.6275552912693356,0.9404451763280128,-0.7275256117649044
3.84283,33.23523,0,0.46513355406299806,-0.7773588418573524,0.9712751360043564,-0.5152880451018357
10.41288,36.47689,0,-0.5899107620802598,0.1384132380989843,0.5298839196947258,1.434363337701216
1.09933,36.3768,1,0.4915697442169294,0.35315174867797516,-1.6108958340437827,1.0978906309185834
7.19915,37.08179,0,-1.195539845606686,-0.8618359966351061,-0.883559530418752,-0.6678798050769863
-0.36283,34.86808,0,0.691042815378411,-0.49405214575900497,0.5141582643317293,-0.45831187908969157
6.71923,36.54532,1,0.24883745280356023,1.820462234010654,0.4878563264593428,0.965379828477174
6.20847,34.13363,0,-1.2460089359005546,-0.8247899895070685,1.119180356337098,-0.8582923882482874
8.89353,33.33061,0,-1.068165474865017,-0.7127333697786606,-0.010969622065359003,-0.7444937594605089
3.79406,36.78734,1,-0.6836390726260163,1.3854741191588555,1.573471412200355,1.0963762925188172
9.18533,35.82341,0,0.9914540671276302,-0.04679337498970304,0.7364772260741168,-0.35223554226943693
9.06904,36.79159,0,-0.15731855956138419,1.6236460393752359,1.3186722119819003,1.8471616271776756
10.02436,36.50443,1,-0.8686924037035353,-0.6365106323823055,-1.0493780796017973,-0.6342670235965155
3.18641,36.71041,1,-1.1667003654387609,-0.7789992891133342,0.861620286288034,-0.8313412637199836
8.52683,34.93716,1,0.6093309549026233,-0.6729474049853428,1.5863049743086857,-0.635430981245347
-0.0054,34.19656,1,1.1909271382891118,-0.6857291223626484,1.334894504362438,-0.5885183820311591
-1.34085,35.31128,1,-0.7893838332417414,-0.1546023848057226,0.6623203097649923,-0.3172749292442894
9.13737,35.85088,0,1.2534126786529494,-0.7789992891133342,1.2190903504247517,-0.6097299282885846
8.27151,36.37339,1,-0.039557348875690235,2.239737741246075,-0.6860942408105264,2.320252694868422
2.51897,34.17462,0,1.647552240947925,-0.48339404719841134,1.5092893993489955,-0.4819134060011274
7.35561,33.85434,0,-1.1330543052428483,-0.7458657555159275,-1.756149438772145,-0.7476442447995394
9.27239,36.9834,1,0.09022031187997248,2.0190206941987774,0.07454781054224861,2.145437878138931
5.98221,33.98111,1,-1.2604286759845171,-0.8452684910953331,0.861620286288034,-0.8623229701919665
2.65906,36.3449,0,0.710269135490361,2.239737741246075,1.14088917848604,2.320252694868422
10.43672,36.57789,0,-0.5730877319823036,2.239737741246075,0.40741192929067055,2.320252694868422
4.74489,36.64977,1,-0.9744371643192605,0.6373632843105635,-1.6825160107223502,1.0264843399245769
3.75601,36.82073,0,-0.6932522326819913,1.5562742188423775,-0.6040608123027388,1.8682002348639457
1.42169,34.73378,0,1.2990751889188306,-0.8021013006702323,0.31567048239501505,-0.8414379566704349
9.80385,36.81549,1,-1.1282477252148608,0.08644898910616826,-0.06922956765065501,-0.14651638613829918
6.45158,34.18137,0,-1.2604286759845171,-0.8452684910953331,0.861620286288034,-0.8672816332828035
10.5856,34.59834,1,-1.1691036554527545,-0.7356646061165195,-1.5312287914204397,-0.7802034351900167
9.68018,33.53461,1,-0.7461246129898539,-0.7412253214939464,-1.0381572193487592,-0.7618363962869626
6.12181,36.55659,1,0.7655448058122173,1.9224552536611335,1.1791993171558062,1.3180475118711363
3.46755,36.42399,1,-0.0011047086517901718,2.239737741246075,-0.5799956642387273,1.9539502941444522
-0.2819,34.12455,0,1.296671898904837,-0.7773588418573524,-1.6464946630261856,-0.8304355422859543
4.5794,36.65306,1,1.9023009824312629,1.5414322010955301,0.6516560025235688,1.5453953047133748
-0.18861,34.04241,0,1.2606225486949305,-0.678851051335341,0.039392655797440536,-0.7712887741364444
9.74388,37.00034,1,-1.1330543052428483,-0.7446884232914767,-0.4472645762420555,-0.816160415328081
-0.36605,35.82795,1,-0.950404264179323,-0.578764255098073,1.0609201148703495,-0.6445422599997923
7.23795,34.57121,1,-0.8374496335216165,-0.7423685203908622,1.1882603907484082,-0.7247718943456342
2.85086,33.23783,0,0.7535283557422485,-0.6172415662622998,-1.4817610741432277,-0.6352365942381205
5.12028,34.26317,0,-0.5947173421082473,-0.7935268707399993,0.9977080014193477,-0.78113725843817
9.73811,35.65563,0,-0.4144705910587158,-0.41128811019337996,1.2109216552920272,-0.4779640227135584
2.42965,36.25055,0,-0.04436392890367774,0.7031630948703684,-1.5012097688342516,0.10088265449454031
3.84732,36.38886,1,0.2752736429574915,0.560659919259734,0.7380489483482776,0.24643872226598115
3.13819,36.60108,1,-1.0609556048230355,-0.7610612909183923,0.0807718248302965,-0.7991200058247293
9.72397,36.77422,1,-0.9936634844312106,-0.4643099106538983,-1.756149438772145,-0.4877281558331371
8.95237,35.77781,0,0.7631415157982235,0.0015709984652783476,-0.7655518733360649,0.076259286933909
4.08001,36.31971,1,-0.22220738993921552,-0.6912704792339341,0.2707277171516935,-0.4631102207504083
6.84466,33.79987,0,-1.1883299755647045,-0.7773588418573524,-0.7739046807024296,-0.796325762964733
-1.88917,34.87409,0,-0.09723630921154032,-0.5962666713932151,1.6995358472564668,-0.6878024889151535
-0.34554,33.47329,1,1.5153712901782685,-0.7412253214939464,1.579612431741057,-0.7341471690080981
6.81776,33.98413,0,-1.231589195816592,-0.8247899895070685,0.6040603641796963,-0.8278054067020777
8.84601,33.26301,0,-1.0585523148090419,-0.8287010282125248,-0.010969622065359003,-0.7734502177634602
3.13935,36.22442,0,0.3593887934472729,0.9431168663026528,1.2404065378866058,0.7232667295812437
2.67766,36.48486,1,-1.0056799345011793,-0.636510616870682,-0.5342581614147589,-0.7164935017110604
9.65158,33.74844,0,-0.7557377730458289,-0.5203476981200672,1.355177769674613,-0.5411083592444682
6.33562,35.75657,0,0.7943842859801423,-0.7446884232914767,-1.3198544845954485,-0.7505069213999526
2.39799,36.25256,0,-0.003507998665783926,0.5200346050066367,-1.486708766801969,0.37336302338994787
4.48763,36.85779,1,-0.1765448796733342,2.239737741246075,0.43798950208827564,2.320252694868422
9.59607,36.97465,0,-0.9912601944172168,-0.3295770346548982,0.04095757279820046,0.9212910763127957
5.52411,34.01364,0,-0.8182233134096665,-0.7446884232914767,0.06785526797461983,-0.8252923403133112
3.46204,33.45606,0,0.691042815378411,-0.5682968874601652,1.5753064689669865,-0.648203243450112
-0.23575,35.18997,0,-0.06599353902962153,-0.038118778750650596,1.5166177911574323,0.05382934565841133
3.74875,35.36651,0,0.7126724255043547,0.2693806674907982,0.13693559826738233,0.04178393773798024
1.40453,36.49915,1,-0.3423718906389032,2.239737741246075,1.3788130759589208,2.278850528207265
-1.95307,35.01283,1,-0.8062068633396977,-0.3942687568776034,-1.5338125762018986,0.23732848497103018
3.94783,34.3587,0,0.7607382257842298,-0.23854744436219394,1.5694767167140138,-0.4670350030758696
8.61832,34.462,0,-0.4889725814925222,-0.2538949548960033,1.4495737170188066,0.5170377086587794
8.16949,33.03136,0,-0.9864536143892293,-0.8618359966351061,-0.883559530418752,-0.7730145710348769
6.51165,36.29211,1,0.3353558933073354,-0.2784962656907491,0.9248326956204882,-0.40993718333577395
8.17279,35.23016,1,1.3976100794925745,-0.6569200975511835,-0.1470571892559465,0.13202544589904283
7.26433,33.07456,0,-0.9263713640393854,-0.5466645324285858,1.704999890034503,-0.6060533792409587
4.15498,36.62411,1,-0.5610712819123348,2.239737741246075,-0.6173542481581731,2.320252694868422
2.40751,33.07083,0,0.8232237661480674,-0.8287010282125248,0.861620286288034,-0.8183248285220333
7.75259,34.62842,0,0.03734793157210989,-0.6744058543626753,-1.3198544845954485,-0.538579526707074
6.088,35.31212,0,2.108983923634726,1.5715096113614526,-0.14342065826751016,1.329860026930607
0.33116,34.80014,1,1.412029819576537,-0.19442438310045548,-0.08004980441739538,-0.5077586307289604
9.13025,36.88071,1,-0.7485279030038476,0.7240184106338102,0.012163277513089255,0.7178689294651399
0.73534,33.39156,0,1.9768029728650693,0.015384905805846552,0.8511401652506136,-0.12041245724258037
8.63011,36.64233,1,-0.41927717108670337,0.130745966690707,-1.3986794486057905,-0.14691005782713062
9.91931,35.63978,0,-0.832643053493629,-0.5264260208624176,-0.2070585451282481,-0.5678105362507564
7.23934,34.56981,1,-0.8374496335216165,-0.7090964369722593,-0.4046171113642842,-0.726909504031386
2.9086,33.5258,0,0.9265652367497988,-0.42425315944895675,-0.2967514567894999,-0.5401227163495869
9.65986,36.21337,0,0.260853902873529,0.9415504405140633,1.5956592664204319,0.3728627850620548
5.123,36.53587,1,2.128210243746676,2.239737741246075,1.0804867553052624,2.320252694868422
6.259,36.74913,1,-1.1234411451868733,-0.7915465172780308,0.4253253321113375,-0.7909878889908802
-1.44599,34.86919,0,0.05897754169805367,1.5845877713756684,-0.8798313501504924,1.0860873482567914
-0.27297,33.83381,0,1.3495442792126995,-0.46293266462564353,1.6880245793580806,-0.6260788157246342
-1.60405,34.5936,0,1.3904002094505934,2.239737741246075,0.4409379607595883,2.320252694868422
5.75248,34.10278,0,-1.1282477252148608,-0.7090964369722593,0.7401479313702839,-0.7072329424045117
5.37708,36.57686,0,-0.26546661019110307,2.239737741246075,1.2141192461461041,2.320252694868422
6.75139,36.62206,0,-0.3856311108907908,0.88749975406609,0.009982927091724186,0.898552919322104
7.39074,36.35527,1,1.7869430617595627,2.239737741246075,-1.083125282456245,1.9924129132354982
5.26807,36.5534,1,-0.539441671786391,2.239737741246075,-1.3099103897938953,2.274532918619589
6.11615,36.60305,1,0.17673875238374762,1.4300269764848244,1.6903404434845597,1.0266363367156315
-0.49203,34.20957,0,1.4168363996045246,-0.8149761459571895,0.4253253321113375,-0.7683303888158861
-1.39203,33.27101,0,1.5730502505141186,-0.7726182803056105,0.20040468475963216,-0.816160415328081
-0.28196,35.81284,1,-1.1570872053827859,0.2024820135215058,0.30848766426106766,-0.07986562437552909
5.83745,34.65937,1,-1.1402641752848295,-0.8247899895070685,1.4766501245923633,-0.8602232647059838
6.25301,36.75202,1,-1.125844435200867,-0.8618359966351061,-0.883559530418752,-0.8564951722095024
6.25854,36.75212,1,-1.1306510152288545,-0.7557539501551984,0.36385433306588894,-0.8295447953505992
6.82937,35.87818,0,1.5898732806120748,0.2861102636793976,0.9744135505679905,1.2095688657682635
5.75222,34.47725,0,-1.0705687648790105,-0.8384060150665126,-1.3198544845954485,-0.8261179714011652
5.30182,36.00044,1,0.9433882668477551,-0.7570555770188393,-1.5774144067037863,-0.772580620196416
5.43777,36.17337,1,1.3759804693666309,-0.5595487040791787,-0.9753009773144076,-0.34214425013089017
7.90568,36.80803,1,-1.185926685550711,-0.8247899895070685,1.119180356337098,-0.8449689054586297
-0.68632,34.43274,0,1.5778568305421061,-0.7773588418573524,0.09868522765096345,-0.7560465148188227
2.36203,36.00974,0,2.161856303942588,2.239737741246075,-1.0050318853365021,2.320252694868422
8.51089,35.27094,1,1.2029435883590804,1.6775976996187176,0.23374845325398605,0.684722144813244
6.14267,33.72249,0,-1.0825852149489794,-0.679602434378192,0.861620286288034,-0.5963106101147894
10.73166,33.68013,0,-1.1618937854107734,-0.6095112711276991,-1.5312287914204397,-0.6875563807776375
4.157,36.63174,1,-0.7052686827519601,1.6561345763996385,-0.9598245281045382,2.320252694868422
5.19899,35.84293,0,2.70740313711917,2.239737741246075,1.4036443350730774,2.320252694868422
10.13852,36.85404,1,-0.9143549139694166,0.32172532353858696,1.2594760974817991,-0.18997339460296828
5.33268,36.64083,1,-1.164297075424767,-0.6623486383846771,0.8154346710046875,-0.5605543220360248
8.27184,36.37888,1,-0.40726072101673455,2.135797904263657,-0.2820758847004109,2.320252694868422
6.00157,36.72394,1,0.25845061285953524,2.239737741246075,1.0126843370046121,2.320252694868422
0.03629,35.03019,0,0.09022031187997248,-0.4636207292213245,0.1531501977301625,-0.5324744348565961
6.46533,35.05682,1,1.6523588209759126,-0.05066011249841319,-0.8722242380140701,0.7900947646384697
5.85371,35.05901,0,0.25845061285953524,1.8132499495431882,-0.3772889086748934,1.4344885380209587
6.80837,36.50617,0,0.26325719288752275,2.239737741246075,-0.3721760771806353,2.320252694868422
9.63983,37.23438,0,-0.7629476430878102,0.4773379305964345,-0.9730473962336195,1.8511452941858937
4.78012,36.27365,0,0.38342169358721045,1.2693913334552962,-0.753713286581167,1.269475642502156
9.75805,37.10129,1,-1.0585523148090419,0.6815796014528475,-0.3244251010743505,0.6053902907727878
4.75419,34.26595,0,-0.4433100712266409,-0.6961677004273207,-0.5260895402523974,-0.6875563807776375
4.17676,36.63248,1,-0.32554886054094695,1.7873666340885423,1.5630841979389298,2.2066687158082328
4.16864,33.82508,0,0.3497756333912979,-0.5886281585349264,0.7255327190974465,-0.722363462970043
9.00972,35.5407,0,0.691042815378411,-0.5000670880076913,1.016218049188404,1.2760270419672566
8.60247,36.54104,0,-0.539441671786391,-0.09967491935043901,-0.34430226909336187,0.6782315440645653
5.70575,34.70736,0,-1.075375344906998,-0.8384060150665126,-0.4472645762420555,-0.7370761049503896
-0.60705,34.63529,0,1.6932147512138063,-0.5124079495332036,-1.703403022137768,-0.12875724995680188
9.29289,36.7747,1,-0.4336969111706659,-0.25457101349508715,0.6108344220874101,-0.07458891503629879
9.57298,35.63797,1,-0.28469293030305315,-0.6686380898346296,1.434002955596044,-0.4132131082487554
0.35076,34.92439,0,1.2582192586809369,-0.12671527782598382,0.5141582643317293,-0.38102868846466637
-0.3504,35.80977,1,-0.960017424235298,-0.6458371821575064,0.30385297719358734,-0.713634202817115
9.60417,37.03865,1,-0.969630584291273,-0.5338689011249913,1.2979152404647305,-0.14206935409779586
0.29065,36.11929,1,-0.7220917128499164,0.7770622065764666,-0.05576193159022973,0.29352226157499767
6.55533,35.94255,1,0.7174790055323422,-0.3636174165417904,-0.21891481079991584,-0.5344054133491755
4.21543,33.07474,0,-0.05397708895965276,-0.5632008848114909,0.8924499500829254,-0.6690006969683524
7.99556,35.49985,0,0.700655975434386,-0.39544280063786996,0.149047505513763,-0.5104672698406615
6.69394,34.31284,0,-1.2484122259145485,-0.6834069392533778,-1.0949338372437432,-0.7088803202177817
1.23523,36.13346,1,-0.9960667744452043,-0.7292993803857178,-1.756149438772145,-0.7691678840977085
7.45191,34.6689,0,-0.43610020118465964,-0.6275552912693356,-1.6773244747618032,-0.7010551313485358
3.70333,33.66513,0,0.6117342449166171,-0.8121336448267868,-0.883559530418752,-0.6311893137580908
6.25408,36.73228,1,-1.1210378551728795,-0.7773588418573524,0.09868522765096345,-0.828668305151294
7.86942,34.82198,0,0.9289685267637926,-0.7090964369722593,0.38267786723356617,-0.6997394865317426
7.29132,36.10379,0,1.3014784789328244,0.6093682784776854,-1.7311996051660137,0.7643171221875481
4.50706,36.83259,1,-0.7172851328219289,2.239737741246075,-1.0939558750738128,1.858477619386368
6.8209,36.44991,1,1.1861205582611243,1.5948996504995065,0.09358896551802927,0.7692706413129101
2.04362,34.93416,0,1.3783837593806245,-0.05471478883757718,1.1344655921584739,-0.293533368252206
-0.28101,35.52789,1,-0.803803573325704,0.08572900158930252,-0.25117565317916646,-0.21923666124341884
6.64426,36.8214,1,-0.969630584291273,0.3235636370640694,0.37595514475781155,0.2111786192673482
-1.28658,33.9374,0,1.558630510430156,-0.7935268707399993,-0.1470571892559465,-0.7979914577987027
3.75139,35.73277,0,0.1983683625096914,-0.6616620163699825,0.6246253086343792,-0.7508690678284172
10.30264,35.51598,1,-1.097004955032942,-0.7090964369722593,0.38267786723356617,-0.777450928115564
9.68077,33.52943,1,-0.7557377730458289,-0.7412253214939464,-1.601551749842138,-0.8014231934962921
2.83915,36.7106,1,-1.135457595256842,-0.6172415662622998,-0.6091711288046532,-0.5802888535501541
6.28508,36.8308,1,-1.0729720548930044,1.6791046848660147,1.6477761212948605,1.5374547671682508
6.30645,36.33175,1,1.303881768946818,0.4124710511210481,-1.304569137818528,0.5808886332352158
10.22215,36.77864,1,-1.193136555592692,-0.8247899895070685,-0.6259996083104143,-0.8582923882482874
4.56066,36.72142,1,0.5852980547626858,2.239737741246075,-0.05038103150026567,1.5487194182386315
6.51048,36.56692,0,1.3375278291427308,1.6327251787554435,-1.6457778902081972,1.549017782309961
4.16469,36.62817,1,-0.6139436622201974,2.239737741246075,-0.15829432298885643,2.320252694868422
5.88874,34.4386,1,-1.1210378551728795,-0.6111476853615682,0.935253936248918,-0.6106125792837496
9.48761,35.53805,0,-0.06839682904361528,-0.252544947278633,1.276559996651184,-0.40779965809268376
9.89257,35.77768,1,-0.9936634844312106,-0.6293187456997561,-1.7165375696533633,-0.5901590185052703
10.45239,36.37235,0,-1.0225029645991355,-0.04261131719827041,1.2979152404647305,-0.310150501876913
8.7994,34.37893,1,-0.5778943120102911,-0.6263870023213914,-1.3752212273706328,-0.6882956340594639
10.76412,34.85698,1,-1.1042148250749233,-0.8247899895070685,1.119180356337098,-0.8244781019478978
9.11007,36.85292,1,-0.500989031562491,2.239737741246075,-0.14501309224332598,2.320252694868422
9.10714,34.34573,0,-0.2774830602610719,-0.4737344628664389,0.47568760997413706,-0.4640303924349206
10.37461,34.71498,1,-0.8879187238154853,-0.8452684910953331,0.861620286288034,-0.6953347884123033
9.405,34.49603,0,0.2752736429574915,1.0349301658616041,-1.5743622415834726,1.5163197822574306
2.31441,35.34794,0,0.5973145048326546,-0.7212601712689046,1.2979152404647305,-0.6088501201963635
5.89212,34.13379,1,-1.2363957758445796,-0.7877444399719243,1.4766501245923633,-0.8341564413231923
11.10386,35.20504,1,-1.193136555592692,-0.8452684910953331,0.861620286288034,-0.8704086057386067
10.14814,35.77956,1,-1.1138279851308983,-0.8247899895070685,0.24659030004297866,-0.7717177428578652
9.11052,36.09241,0,0.06618741174003494,-0.09502372801755328,0.12220957839069085,-0.055859138606148315
4.16482,36.63779,1,0.29930654309742905,2.239737741246075,-0.883559530418752,2.320252694868422
5.39758,34.38496,0,-0.8470627935775915,-0.7446884232914767,0.06785526797461983,-0.777450928115564
10.432,33.49237,0,-1.0345194146691044,-0.602539540917635,0.24659030004297866,-0.6950788849260305
6.17771,35.00541,0,1.803766091857519,2.239737741246075,-0.7561817515666254,2.320252694868422
8.60767,36.66612,0,-0.3375653106109157,-0.06459953989642878,1.2652759657080983,0.12029140621984251
7.09167,36.52364,1,0.7823678359101736,2.239737741246075,1.006813753111234,1.5687073340329596
5.47864,33.58601,0,-0.7653509331018039,-0.7624323943437369,-0.010969622065359003,-0.6730851462933057
6.09808,36.69576,0,0.09502689190795999,2.239737741246075,-1.0871514153468842,1.6076007232888756
-0.71227,35.5196,1,-0.9912601944172168,-0.8121336448267868,-0.883559530418752,-0.7797396549813113
7.02368,33.90025,0,-1.1811201055227234,-0.636510616870682,-1.2328608994227452,-0.759876510256529
10.68727,34.92207,1,-0.9480009741653292,-0.5618260896197507,0.9230911373927565,-0.6986936782404021
8.19741,33.94858,0,-1.145070755312817,-0.6961677004273207,-1.756149438772145,-0.7904707973150902
5.85368,33.32782,0,-1.027309544627123,-0.8384060150665126,1.2979152404647305,-0.7839908433786738
3.9748,35.73476,0,0.04696109162808491,-0.7557539501551984,1.2364440934785559,-0.8087527531995959
9.10195,36.02572,0,0.09743018192195374,-0.7118158727596351,-0.9450305294642006,-0.7494262945844391
5.16631,33.16004,0,-0.7148818428079351,-0.6623486383846771,0.3926860573547052,-0.682697226326722
4.63866,36.42899,1,-0.6259601122901661,0.9058849989017117,-0.0941916063666903,2.320252694868422
2.09437,36.29023,1,-0.5802976020242848,-0.40976949122844997,-1.4803826734129073,-0.5867241443554212
10.33532,36.86326,0,-1.1138279851308983,-0.2394268293222541,0.5842292057265043,-0.45797120924485196
7.16605,36.31474,1,0.2824835129994728,-0.7193212183300857,-0.3555231293464,-0.324662930306376
1.35598,35.33957,1,1.1428613380092367,-0.7458657555159275,0.861620286288034,-0.590488232295673
2.38351,33.20959,0,0.8953224665678801,-0.7915465172780308,0.4253253321113375,-0.7102650391318431
3.69439,35.87085,0,0.6021210848606421,-0.1289518057502291,-0.18970465413371784,0.2629668533252595
6.88221,34.89174,0,0.9890507771136364,1.587183548500418,-1.7300709653665431,0.8648461109378336
10.50244,35.28649,1,-0.8086101533536915,-0.3151023321527805,0.8447917328119098,-0.3738677818674369
-0.26293,35.80445,1,-1.084988504962973,-0.09877828546503511,-0.047147195168292605,-0.24908579107072326
6.58346,36.04084,1,0.6477835951265234,-0.5124079495332036,-0.8308131137843751,-0.6147099905572734
7.28792,35.10594,0,1.5177745801922622,0.53448821170078,1.4825284014034992,-0.1433092538470469
8.06045,36.28894,1,0.6622033352104859,0.4708331002540379,0.6719943017858556,1.203318982900529
-0.21639,35.50798,1,-0.950404264179323,-0.0501546817579454,0.18567881282366677,-0.06596844517919045
6.60509,33.04811,0,-0.9071450439274353,-0.7681172259766834,-1.3198544845954485,-0.6945681053392023
2.59519,34.85434,0,0.9001290465958676,-0.7610612909183923,-0.1027109210202884,-0.7783604881722564
6.46534,35.06173,1,1.4769186499543685,-0.07495677500741176,0.6459061382626938,0.5873153953316514
3.59448,35.55216,0,0.5228125143988481,-0.5901387114556309,0.4973761642436026,-0.5470826775595313
1.42823,34.64196,0,1.2486060986249619,-0.8618359966351061,-0.883559530418752,-0.8744837558154406
8.71866,34.62055,1,-0.1453021094914154,-0.7652329869453198,1.161827525333417,-0.7235631680123262
4.93839,34.14058,0,-0.344775180652897,-0.6888738558434364,-0.17287624859831968,-0.665213063599264
6.17401,36.14149,1,0.7078658454763672,-0.38815298907609846,0.34261581448524087,-0.33162415815624596
1.14176,35.76336,0,-0.6187502422481849,-0.21525953375333354,-1.3702167624582482,-0.06337053854452818
7.25201,33.89077,0,-1.1498773353408045,-0.8618359966351061,-0.883559530418752,-0.7920307628997267
0.58131,33.20609,0,1.4697087799123871,-0.7773588418573524,0.7519654365717116,-0.7244688577803575
1.66991,33.83728,0,2.157049723914601,-0.8121336448267868,-1.756149438772145,-0.8269554842752088
4.55258,36.10341,0,0.8977257565818738,1.4068694876064407,0.6382854155794697,1.358957617068808
2.34712,33.88125,0,1.392803499464587,0.44406748365411197,1.2331509329154138,0.30452367672131475
5.63486,36.19292,1,1.0659560575614366,-0.16552163705973988,-0.18552799155426483,-0.10709765093641209
9.5755,35.03011,1,-0.41687388107270956,-0.7915465172780308,-0.4472645762420555,-0.7752101998661032
6.24982,35.75902,0,0.7655448058122173,-0.6616620163699825,1.497215069047046,-0.6593284374647
6.04452,34.53866,0,-1.2099595856906484,-0.7423685203908622,0.31567048239501505,-0.8031934776036621
3.77812,36.66463,1,0.11665650203390376,1.2153472239356915,-0.1994493618216603,1.6348356209002564
10.69962,36.56779,1,-0.7917871232557352,-0.5363877405971286,0.1319757374839188,-0.5593606968653838
9.32949,36.24183,0,-0.44571336124063465,0.2857543649895716,-0.532492784730124,0.165473972328736
9.69248,34.32409,0,-1.0489391547530669,-0.7292993803857178,-0.010969622065359003,-0.728454326232025
1.95518,36.55723,1,-0.8398529235356103,2.239737741246075,-0.24091981028252427,1.9045839882142268
8.69798,34.46785,0,0.7871744159381611,2.239737741246075,-1.6200618715815576,2.320252694868422
1.92262,34.94489,0,1.6836015911578313,0.5620890982035022,-0.8448658554165535,0.014630048786720867
0.78625,35.92809,1,-1.0825852149489794,-0.8618359966351061,-0.883559530418752,-0.7996899304591879
5.08931,36.531,1,0.8112073160780986,2.239737741246075,0.24419587939093676,2.320252694868422
5.59957,34.01416,0,-0.8903220138294791,-0.6679291776169504,0.18277547607381678,-0.6815006315891445
9.53842,33.45592,0,-0.8759022737455165,-0.7252205989836185,-1.0196470976093395,-0.7869280054435923
10.8175,35.28392,0,-0.9215647840113979,-0.6679291776169504,1.0553652364864836,-0.6798371674488214
-0.97448,34.55935,0,1.7460871315216688,0.6930189894664205,0.8262103776128696,0.4844727902410837
-0.71355,35.23847,0,-0.06839682904361528,-0.7046686130179255,1.5554753105137944,-0.399643059923831
7.23227,35.80405,1,0.9578080069317176,-0.7136565285402676,0.24659030004297866,-0.655912788094164
8.7388,34.12473,0,-0.6547995924580913,-0.3516590096055543,-0.13830975000269138,-0.29690156084686836
-0.88762,35.01722,1,0.3810184035732167,-0.24317791216606957,0.7111071668354784,-0.5830070628301807
9.88712,33.23843,0,-0.5130054816324597,-0.7136565285402676,-1.4985895166638075,-0.7229622036628056
5.92286,33.03543,0,-0.979243744347248,-0.8121336448267868,0.861620286288034,-0.6036290867187455
7.70426,35.547,0,1.236589648554993,0.6236613088452475,-0.24643148997436692,0.38195331906927643
8.74504,36.2883,1,-0.45532652129660967,-0.49817671747370745,-0.5920313080407997,-0.6017388658842119
6.57784,36.444,1,-0.17414158965934046,0.7999685312469674,-0.24385658163647447,1.101378900978179
0.26737,35.48704,0,0.407454593727148,1.0350716318680202,0.7841602973871185,0.25713085209005604
8.08674,36.11102,0,0.5372322544828106,-0.2597800028094123,-1.189007384760568,-0.25767670599623765
6.79563,35.24589,1,1.421642979632512,-0.017957515069564924,-0.7739046807024296,0.21404640464879413
6.80004,33.81458,0,-1.195539845606686,-0.7955663855340371,0.861620286288034,-0.7946910163662753
4.87589,33.7651,0,-0.41927717108670337,-0.679602434378192,0.861620286288034,-0.6920345580865301
1.13726,33.823,0,2.106580633620732,-0.615564635667821,0.6710677490182475,-0.5191109614297365
5.31551,35.92575,1,0.9914540671276302,-0.7458657555159275,-0.010969622065359003,-0.7930855572976494
9.788,37.12973,1,-0.979243744347248,-0.0896920727845067,0.28923776492075,0.27455092283728594
5.54193,36.51376,1,0.8232237661480674,2.239737741246075,0.23110490041917991,2.320252694868422
0.79435,34.06797,0,1.3567541492546809,-0.09806164845884767,0.2789134254679203,-0.27000021174919087
5.9945,36.67725,1,-0.0780099890995903,2.239737741246075,0.0944340029455525,2.320252694868422
7.12524,36.08927,1,0.6718164952664609,-0.09877828546503511,0.0252079510375746,-0.2625612073194392
8.67506,34.04987,0,-1.0128898045431605,0.08183136492655936,1.7147266968945865,-0.15066049420374142
7.30852,34.6271,1,-0.6115403722062036,-0.39514901048858014,0.25540712349677797,-0.36783559218155737
4.39973,36.67227,1,-0.10444617925352159,0.7933755948830309,-1.1113885445049951,0.5128874081314794
9.68359,33.52994,1,-0.7509311930178414,-0.7557539501551984,-1.2583835225351816,-0.7182326968451489
6.40257,36.5229,1,-0.0011047086517901718,1.1359877725679033,-1.4740074267175964,1.2414758069660161
-0.43022,33.4242,0,1.4649021998843996,-0.7570555770188393,1.0403551704156668,-0.8361244901442567
6.60787,34.03978,0,-1.2363957758445796,-0.8384060150665126,-0.4472645762420555,-0.8516921457402836
5.76605,35.34523,1,0.9145487866798301,0.09290443043930724,0.07602396310734433,-0.21524646400269634
9.91196,36.75839,0,-1.046535864739073,-0.47942918315937344,-0.9317433810896258,-0.4139327567592912
3.18661,36.71254,1,-1.1667003654387609,-0.7877444399719243,-1.4985895166638075,-0.8183248285220333
9.3125,33.69786,0,-0.41206730104472206,0.7045451184786645,1.4530813916348038,0.39911206792610804
4.21224,33.29971,0,0.20557823255167265,-0.636510616870682,-1.4068480697681518,-0.7075064381119714
3.22513,33.01921,1,0.6742197852804547,-0.6912704792339341,-1.4744521735254557,-0.6084989794614735
2.67184,34.74736,0,0.9626145869597051,-0.28582097840541937,-1.5774144067037863,-0.4632251190654241
10.15007,33.05761,0,-0.2678699002050969,-0.46293266462564353,1.6880245793580806,-0.08693538919323361
-0.84979,33.1383,0,1.7436838415076752,-0.7055441200721081,1.1719265510603856,-0.7490680043708587
6.1237,36.51455,1,-0.14289881947742164,1.7199464172903312,-1.2346771307319795,1.3297071294178275
1.46345,35.02688,0,1.899897692417269,-0.4395586024598055,-0.12062447178168145,-0.4087145661846169
7.30866,34.62649,1,-0.6115403722062036,-0.39514901048858014,0.25540712349677797,-0.36783559218155737
8.18483,33.93129,1,-1.145070755312817,-0.8452684910953331,0.861620286288034,-0.8425817395600093
7.9658,33.97304,0,-1.1306510152288545,-0.5668982974379598,0.35898160937010243,-0.4843259609933648
6.75916,34.0586,0,-1.241202355872567,-0.7789992891133342,-1.2410295205851067,-0.7835096327972164
6.16231,34.42947,0,-1.2556220959565296,-0.8452684910953331,-1.756149438772145,-0.8602232647059838
4.83356,33.14862,0,-0.3471784706668907,-0.7570555770188393,1.5554753105137944,-0.8190622522128563
1.72948,35.27415,0,1.1236350178972867,0.05913351647604031,-0.711136833251927,-0.35818081230887633
5.38853,35.26095,0,-0.027540898805721463,-0.5841459818518117,-1.0518145154200536,-0.422341557011079
11.10482,33.34626,0,-1.183523395536717,-0.7652329869453198,0.5614128993019251,-0.8244781019478978
2.38222,34.74283,0,0.9385816868197676,-0.7506998056225674,1.119180356337098,-0.8014231934962921
7.70814,36.79689,1,-1.1282477252148608,-0.5466645324285858,0.8908305908949581,-0.5237788391781313
-1.02299,33.8659,0,1.4456758797724496,-0.7458657555159275,-1.756149438772145,-0.815454059499874
9.8274,34.60088,0,-0.8278364734656415,-0.7877444399719243,0.6040603641796963,-0.7835096327972164
5.04813,36.29599,0,1.5802601205560998,0.8488538470659271,-1.2667489418484468,1.1989097248773584
-0.49041,35.23158,0,-0.0780099890995903,-0.5618260896197507,-0.07244047317008148,-0.48602342737879795
7.28439,33.66966,0,-1.0897950849909606,-0.7610612909183923,0.9533618811244157,-0.7591011436630501
1.19549,33.16364,0,1.2053468783730743,0.05556820083538718,1.6638871622493656,-0.3072918363029304
5.40093,33.20531,0,-0.7869805432277477,-0.6961677004273207,-1.3986794486057905,-0.7179415807689484
8.53062,36.18945,0,-0.15491526954739043,1.0490368085610633,-1.684098680610243,0.39416271463872316
1.20847,35.42887,0,0.4314874938670855,0.08932366522163761,-1.2719665893471517,-0.35424032364833946
4.9941,33.88301,0,-0.4144705910587158,-0.43729213710218484,0.6623203097649923,-0.4414900001579232
0.46256,33.5667,0,1.7893463517735564,-0.6172415662622998,-1.4817610741432277,-0.7235631680123262
2.33778,36.10685,0,-0.09723630921154032,1.1364569681558503,-1.6734398471756853,0.870040010173493
7.13064,35.44523,1,1.4000133695065684,-0.27498505459290074,0.14793425154980777,-0.3346973643860468
-1.47897,33.75296,0,1.1644909481351804,-0.615564635667821,-1.2934216931508205,-0.6963619067278548
-0.76015,35.70141,0,-0.24383700006515932,2.239737741246075,-0.04921999268177788,2.320252694868422
-0.21359,35.80231,1,-1.193136555592692,-0.5402030105390307,-0.5489841073210873,-0.49338178906662894
0.37133,34.58768,0,1.5730502505141186,-0.39047346590678284,-1.5774144067037863,-0.3853746144915645
7.23149,34.24641,0,-1.087391794976967,-0.7446884232914767,0.06785526797461983,-0.6656552616710174
-0.0223,33.948,0,1.3086883489748058,-0.7446884232914767,-1.3198544845954485,-0.766673286022744
-0.0545,33.00026,0,1.491338390038331,-0.20517573754159454,1.1882603907484082,-0.2802482294678473
-0.58575,35.20779,1,-0.015524448735752695,-0.7570555770188393,-0.7048244983503932,-0.6397461982909414
4.16184,36.63216,1,-0.45051994126862216,2.239737741246075,-1.6464946630261856,2.320252694868422
3.94372,35.2549,0,1.4889351000243372,0.9726158791511139,0.46418285146769955,0.7450949324494885
10.10268,36.74582,1,-1.0921983750049544,-0.6111476853615682,-0.8099261023689572,-0.6767832282196644
-0.97805,34.58848,0,1.6787950111298438,-0.4612177926000581,-0.8144793480667156,-0.380644192878406
2.64877,33.97408,0,1.2486060986249619,-0.7136565285402676,-0.2685295441736967,-0.6455535734638295
6.6756,35.05618,0,1.5826634105700936,-0.23133999952126344,-0.6586388830670467,0.076259286933909
-1.75779,34.86004,1,-0.08521985914157156,0.14845478064828052,-0.856261433667124,0.3663788271360963
9.74817,36.93778,0,-0.851869373605579,0.0789337316082944,-1.424089895662656,0.7005578460466069
10.61943,36.61729,1,-1.0225029645991355,-0.6206304526971439,-1.601551749842138,-0.3448287949364536
8.52892,34.93877,1,0.6141375349306109,0.11425053397062283,-1.756149438772145,-0.09333383485044693
5.52727,35.79023,1,1.3423344091707183,0.2809985012212366,-0.579216978226863,0.3241460120856026
4.82668,36.69545,1,-0.657202882472085,1.3365705616706474,1.00879645472252,0.8993127906871614
5.70356,33.31944,0,-0.8975318838714603,-0.5618260896197507,-0.9450305294642006,-0.612920903883899
-1.42456,33.79666,0,1.424046269646506,-0.7681172259766834,-1.3198544845954485,-0.7849602521718438
8.52975,34.93717,1,0.5901046347906733,-0.4527513313252702,1.4262881426110159,-0.6643313414733778
4.46438,36.8789,1,-0.6884456526540038,2.0896117350285213,-0.9763128179106164,2.320252694868422
-1.82363,34.97778,0,-0.4096640110307283,0.13691189908264506,0.24659030004297866,0.2067963828959204
8.75722,35.22202,0,0.33054931327934783,-0.8452684910953331,-1.756149438772145,-0.7952325964139575
4.51798,34.37992,0,-0.27988635027506564,-0.8247899895070685,1.4766501245923633,-0.23783380639959723
4.98784,34.13385,0,-0.4096640110307283,-0.6834069392533778,1.522836035757162,-0.6810239668376419
2.28426,33.69259,0,1.1356514679672554,-0.8287010282125248,-1.756149438772145,-0.7541737876890373
10.73341,33.0152,0,-0.950404264179323,-0.7212601712689046,0.4253253321113375,-0.7272172553119408
4.66449,36.50106,0,-0.27507977024707814,2.239737741246075,-0.3631743278192022,1.597247152243098
3.2315,36.58889,1,-0.27988635027506564,1.8994439463227133,1.478123614224389,1.058857179434466
10.63527,34.69981,1,-1.0897950849909606,-0.6206304526971439,0.7070225233876639,-0.6976537387140496
9.51703,35.35567,0,-0.32554886054094695,-0.6458371821575064,-0.5687369311598057,-0.62272728648188
6.33416,36.67313,1,0.5011829042729044,0.5070116663721185,1.0891821194229279,2.320252694868422
9.1885,36.92474,0,-0.5370383817723973,0.45896000724710984,-1.3051099351428121,0.47221993484841696
9.14403,36.51651,1,0.27287035294349776,2.221551122749506,-1.5857882956236211,2.320252694868422
6.39855,34.85863,0,-0.6379765623601349,-0.3977997608070512,-0.9033906888719441,-0.3617804340916963
5.30676,36.0014,0,0.9554047169177239,-0.6229163696306468,-1.2101996718643075,-0.6853550731774122
9.18438,35.89136,1,0.8544665363299861,-0.2554737279369072,1.2008832852627624,0.19578528499106204
7.16078,35.90922,1,1.1668942381491743,0.10285941812941461,0.9188828154979166,-0.1353191203119528
2.64163,36.50427,1,-1.027309544627123,-0.6616620163699825,-0.24796459971901386,-0.7747675514334875
4.40489,36.66949,1,-0.13328565942144663,0.49626136672137816,-1.238326384622861,0.4660338906329255
8.95251,36.54327,1,-0.8783055637595103,-0.7624323943437369,-0.010969622065359003,-0.8140626414679847
1.54189,33.47272,0,1.7316673914377063,-0.33164039081427166,-0.7432636413333246,-0.5503996416060976
6.18036,35.74052,1,0.758334935770236,-0.6978326095135787,0.4253253321113375,-0.7130680710655444
5.26126,35.38606,0,-0.14289881947742164,-0.7935268707399993,-1.0196470976093395,-0.7508690678284172
-1.65551,35.05954,1,-0.5370383817723973,1.5440781117874658,0.034586209546949985,0.47898142765581964
3.20764,36.60926,1,-1.0489391547530669,-0.2436207379940488,-0.8089428883032501,-0.4178587494295701
-0.67391,35.61456,1,-0.9912601944172168,-0.8094451392166911,-0.7048244983503932,-0.8198080990591836
2.69141,36.27133,1,0.17914204239774137,1.8002437634620614,-1.1855266723419038,1.382991349670363
7.61843,36.20549,1,1.335124539128737,1.0197851130378544,-1.0515242557154316,1.4496330479207777
6.75987,35.5269,0,1.0178902572815616,-0.4751502707907409,0.08468382145074409,-0.2835419999300007
10.31598,36.59434,1,-0.969630584291273,-0.297836033790716,-0.49345019152540204,-0.45367935466899384
10.37497,34.92398,0,-0.8783055637595103,-0.7055441200721081,0.29933679064771873,-0.7571834085945803
1.97824,36.44969,0,-0.08041327911358405,2.239737741246075,-0.646191002431677,2.320252694868422
4.78316,36.46474,0,-0.3495817606808845,2.239737741246075,1.517764923547666,2.320252694868422
2.32443,34.31139,0,1.6811983011438376,-0.34208011673908373,-0.228917675054915,-0.48602342737879795
0.54261,35.85891,1,-1.1018115350609294,-0.7915465172780308,1.2979152404647305,-0.8449689054586297
-0.21671,35.80222,1,-1.193136555592692,-0.5402030105390307,-0.5489841073210873,-0.49338178906662894
5.32579,36.28955,1,1.7004246212557876,0.24749525583326776,-0.2685295441736967,0.46416894630179323
6.45356,33.16688,0,-0.960017424235298,-0.8287010282125248,-0.010969622065359003,-0.7448402980703364
10.57233,35.30184,1,-0.9816470343612418,-0.2834479481942812,0.2181276878657994,-0.5176562114015744
4.92146,36.40884,1,1.2413962285829805,2.239737741246075,-1.5437058163788524,2.1655140646622866
2.42629,33.60744,0,0.9289685267637926,-0.5203476981200672,0.9977080014193477,-0.5172604567937543
7.9585,35.7823,0,1.1092152778133242,0.8643886759652499,-0.4397582117401121,0.9991631982080497
10.43367,36.66918,1,-1.1498773353408045,0.6123116400620594,0.7360982019338307,0.1071015750529858
-1.53958,34.81846,1,0.12867295210387253,-0.39309772237229784,0.29933679064771873,-0.20605105220964698
7.24811,34.76669,0,-0.24383700006515932,-0.1590665059590711,-1.610539814686406,0.0856847768325288
8.76238,35.05077,0,0.7919809959661486,-0.4318375987876877,0.1406888544887171,-0.5327496334910666
9.68427,33.53143,1,-0.7509311930178414,-0.7557539501551984,-1.2583835225351816,-0.7182326968451489
9.56085,37.24648,0,-0.7749640931577789,1.4941659264921077,0.37595514475781155,1.3712425606729197
10.02522,36.49988,1,-0.871095693717529,-0.7292993803857178,-0.883559530418752,-0.7734502177634602
-0.12961,33.73943,0,1.3303179591007495,-0.8452684910953331,-0.010969622065359003,-0.8392373633143897
9.20642,36.86367,1,-0.4889725814925222,-0.3655465661345506,1.110889758046061,-0.13499615527851566
7.063,36.35697,1,0.3065164131394103,1.0481229877968097,-0.782363561569413,1.0384267840928454
1.28679,35.24275,0,1.0443264474354927,-0.4474237091143363,-0.9057680223701207,-0.47499743941792705
3.30594,36.40107,1,-0.09002643916955906,2.239737741246075,-0.14433078961452048,1.9089015978019024
10.15632,35.63615,1,-1.0609556048230355,-0.7356646061165195,0.6366996389363286,-0.7211725681121302
-0.17205,35.62441,1,-1.1715069454667484,-0.7610612909183923,0.9533618811244157,-0.8341564413231923
5.20119,36.24791,0,1.2437995185969744,0.0789337316082944,-1.114894517802642,-0.07267859684828133
-0.67054,35.07753,1,0.1671255923277726,-0.34817925608018535,-0.6821633077771371,-0.48882793705907895
7.12389,36.09512,1,0.6573967551824984,-0.47550502162042724,0.28923776492075,0.16450535870396357
10.31511,36.59356,1,-0.969630584291273,-0.297836033790716,-0.49345019152540204,-0.45367935466899384
8.27419,36.3788,1,-0.40726072101673455,2.135797904263657,-0.2820758847004109,2.320252694868422
10.88776,35.23693,1,-1.106618115088917,-0.7423685203908622,1.407570090181053,-0.8198080990591836
2.65808,33.87545,1,0.9241619467358051,-0.49855399118073107,-1.3377678874161154,-0.535652406282009
7.301,35.35693,1,1.3879969194365995,-0.7789992891133342,-0.5260895402523974,-0.8087527531995959
6.05429,36.61635,1,1.2245731984850243,2.159285480490345,1.582088663614636,1.8873338161023312
3.333,36.58615,1,-0.7605443530738164,-0.2590979877469004,-0.6806872291824044,2.320252694868422
3.02492,35.50806,1,0.3858249836012042,-0.7955663855340371,-1.756149438772145,-0.7879269410208024
-0.67229,35.52451,1,-1.0008733544731918,-0.8287010282125248,-0.010969622065359003,-0.850241227297896
4.32483,33.27267,0,0.0421545116000974,-0.6275552912693356,0.9404451763280128,-0.6069243208537016
4.47903,35.70833,1,-0.017927738749746448,-0.6596161418103054,-1.4168862918566907,-0.48275614376486353
11.10656,33.48101,1,-1.195539845606686,-0.7624323943437369,-0.883559530418752,-0.7738875814928314
8.49434,36.35431,0,0.5083927743148856,1.9066011335034696,0.9977080014193477,1.4552663867679083
3.11805,36.6839,1,-1.1667003654387609,-0.7282680125385013,-0.08004980441739538,-0.7864323551669847
9.15297,36.78807,1,-0.5899107620802598,0.20924818369680814,1.604363802863116,-0.06502279995839959
3.38558,34.50032,0,1.558630510430156,-0.07547827578983649,1.1558116636470015,-0.4286703656199462
8.27148,36.19236,1,0.8232237661480674,1.4604451460960268,1.5206459212478738,0.563644653585178
0.35399,34.13132,0,1.198137008331093,-0.8149761459571895,0.4253253321113375,-0.8087527531995959
6.1274,36.35991,0,0.29930654309742905,2.239737741246075,1.1583935251990212,1.8609115946671224
-0.28074,35.53051,1,-0.861482533661554,-0.16473600435217747,0.02864224705342266,-0.33425730552838984
6.07132,33.34705,0,-1.0537457347810544,-0.8452684910953331,0.861620286288034,-0.7091563914264232
10.49529,36.46993,0,-0.960017424235298,-0.5475361305536437,1.5554753105137944,-0.5228404278786926
9.35645,36.9083,1,-0.6283634023041599,0.23415091635961094,0.8112580084252345,0.03491272576547928
2.90934,33.70664,1,0.7054625554623735,-0.7789992891133342,-0.010969622065359003,-0.7820796033582661
7.23839,34.56927,1,-0.8374496335216165,-0.7090964369722593,-0.4046171113642842,-0.726909504031386
10.53045,36.59892,1,-1.1138279851308983,-0.8384060150665126,-0.4472645762420555,-0.8548071897905111
4.39684,36.66494,1,-0.4240837511146909,1.0595456232569913,-1.4559420887712176,0.6434020986405872
5.35429,36.48418,1,0.4771500041329668,0.9524861350890017,1.549090188775016,1.8677782467358919
7.5644,36.44243,0,-0.43610020118465964,0.38005473621571056,0.2498969232121964,1.907757681211447
1.14725,35.76748,0,-0.4697462613805722,1.3820945707213648,-1.6744462139650282,0.7651974650832933
8.28361,33.45608,0,-1.1426674652988233,-0.7955663855340371,-0.883559530418752,-0.8213262866369455
7.31207,34.87693,0,0.8280303461760549,0.0045723735215818795,1.4576657788554077,-0.35726179467407393
4.70207,33.00937,0,-0.2919028003450344,-0.8149761459571895,-1.3198544845954485,-0.8244781019478978
4.12937,36.6202,1,-0.005911288679777679,1.63717192689046,0.8287667933599988,2.320252694868422
7.2851,36.61617,1,-0.7869805432277477,1.835603315858785,-0.9614299808642515,1.2361647013159214
5.68463,34.84998,1,-0.9624207142492918,-0.6744058543626753,1.2979152404647305,-0.6966195553624693
7.23947,34.57065,1,-0.8374496335216165,-0.7090964369722593,-0.4046171113642842,-0.726909504031386
7.67949,36.79435,1,-1.125844435200867,-0.24583958266749203,-1.4046524074816347,-0.27585783030578875
6.43569,36.39833,1,-0.13809223944943413,0.5746954566770209,1.0504541961426355,0.33391805466782687
10.39002,34.49422,0,-1.154683915368792,-0.7356646061165195,0.6366996389363286,-0.8198080990591836
1.81137,34.17641,0,1.6571654010039,-0.40135794110088946,-0.37643203598928165,-0.48167294144816825
10.63803,34.73639,1,-1.106618115088917,-0.8452684910953331,-1.756149438772145,-0.8381764010837188
5.47915,36.33093,1,1.2149600384290493,-0.602539540917635,0.24659030004297866,-0.332588155582179
10.98627,35.61595,1,-1.205153005662661,-0.7557539501551984,-1.3813254836408972,-0.7730145710348769
3.85929,35.13431,0,0.8905158865398926,0.24626648706525595,0.8699108845790707,-0.14677883393085348
4.17061,36.62537,1,-0.5226186416884347,0.7373437638802901,-1.3076920186059209,2.1950291393199177
9.51274,33.05765,0,-0.7076719727659538,-0.5124079495332036,0.2937539514666186,-0.656336943583868
7.70636,36.78717,1,-1.1715069454667484,-0.8121336448267868,-1.756149438772145,-0.8269554842752088
5.30641,34.86112,0,-0.3375653106109157,1.0612911152273867,0.2508469985552556,0.6219637956889513
2.25747,34.84921,0,0.9193553667078176,-0.6986714470897822,1.0939469943293822,-0.643133559369809
1.18341,34.82902,0,1.404819949534556,-0.4837565538398529,-1.1628929247733406,-0.550689617706365
9.14877,36.47855,1,0.767948095826211,0.7180398586538796,1.1737722595592968,0.558287048176042
-0.15024,34.96871,0,0.0998334719359475,-0.2127238796813108,1.368238272856792,-0.46127587281036425
8.75748,33.84492,0,-1.1474740453268109,-0.7624323943437369,0.861620286288034,-0.8213262866369455
9.9891,33.87326,1,-1.0297128346411168,-0.4049439182240586,1.28367446616967,-0.5007551534006881
6.26583,35.64554,0,1.5033548401082997,2.239737741246075,0.803043747548869,2.320252694868422
8.52982,34.93998,1,0.6117342449166171,0.21508576604227483,1.6312478874927334,-0.07369286580547796
1.29965,34.19781,0,1.462498909870406,-0.7726182803056105,0.6502459794630429,-0.7393950833996897
2.38318,34.08546,0,1.414433109590531,1.4982746453275824,0.5833033926625266,1.1996298518963104
2.65743,33.87302,1,0.8977257565818738,-0.6616620163699825,-1.5191544611184902,-0.5389997133916783
3.65472,36.79034,1,-0.9191614939974041,0.1063896775009339,0.5402453922698084,0.037226342105761645
2.29041,35.99379,0,0.4627302640490043,2.239737741246075,-1.0014070416654284,1.4307496421414465
4.95566,33.42894,0,-0.4385034911986534,-0.8121336448267868,0.861620286288034,-0.7549196274984761
6.96029,36.67576,0,-0.4096640110307283,2.0170716897279233,-0.24169383616151613,0.8949933796560362
6.05158,34.83693,0,-0.8254331834516477,-0.5203476981200672,-1.6200618715815576,-0.09910622261383865
3.80143,36.79356,1,-0.09002643916955906,1.6804029457073537,-1.5774144067037863,1.8331108186321563
8.27061,36.37823,1,-0.4288903311426784,0.04403394373242359,-1.6644080658468525,2.081181966556996
11.03771,36.89739,0,-0.9624207142492918,-0.5000670880076913,0.1436281408350111,-0.5909827848176785
6.06258,36.73783,0,-0.8470627935775915,1.7432704389587241,1.5964264870260227,0.8034812909119726
5.68247,33.57792,0,-0.880708853773504,-0.8287010282125248,-1.756149438772145,-0.6803110596662649
9.60396,37.04381,1,-1.0537457347810544,0.021282611204040163,-0.13695816352897777,-0.20362946185260805
6.38213,36.70564,1,-0.6547995924580913,0.38878281653262736,-0.8099261023689572,0.10147195168296981
10.39968,35.81241,0,-0.8999351738854541,-0.5135873292919577,-0.857126738974124,-0.4578577183075312
1.81299,36.04128,0,-0.18135145970132172,-0.026912003043241758,0.7282031971444041,0.9112657057454804
3.82275,36.81922,1,-0.6211535322621786,2.239737741246075,0.34994716510819973,1.2581209192592988
4.13936,36.62284,1,-0.8374496335216165,-0.08898393614800301,-0.787906160873012,2.320252694868422
-0.7897,35.45266,1,-0.9576141342213043,-0.8247899895070685,-0.2685295441736967,-0.8516921457402836
6.30903,35.64635,1,0.9121454966658363,-0.7935268707399993,0.7255327190974465,-0.7512322134950451
0.71499,33.38044,0,2.039288513228907,1.0040800285588798,1.3187370100199352,0.2595026775718015
2.3375,33.10019,0,0.6958493954063985,-0.6569200975511835,0.12511809306595462,-0.677483975647757
5.99988,36.72178,1,0.25845061285953524,2.239737741246075,1.0126843370046121,2.320252694868422
5.71088,34.98648,1,-0.6283634023041599,-0.5050290081827404,-1.5447751319471539,-0.29067312641520504
-0.19325,35.79919,1,-1.1691036554527545,-0.29275864509025434,-0.0920804922051433,-0.4457729038116415
-0.25103,35.81411,1,-1.195539845606686,-0.6458371821575064,0.818973117291715,-0.6654340641187021
8.41056,35.60692,0,1.0803757976453991,-0.3548923454798346,-1.384159658101292,-0.3453672576425415
3.35141,36.48464,1,0.26806377291551026,2.236972654750708,-0.2239746795142277,1.8214741694894465
8.9014,33.49405,0,-1.1018115350609294,-0.6206304526971439,-0.728961841488745,-0.6940587049825151
6.21617,35.67888,1,1.0034705171975988,-0.11033711297963943,-0.08460297614479075,-0.26217215182944725
7.1235,34.67502,0,-0.6716226225560475,-0.5577390870571908,-1.4715129981347062,-0.6740035728294762
5.103,34.39179,1,-0.6379765623601349,-0.7935268707399993,-0.1470571892559465,-0.625330287823798
5.69121,35.40942,0,0.8088040260641048,-0.580709319616555,-1.3198544845954485,0.09788156229782873
-0.26494,35.80514,1,-1.084988504962973,-0.09877828546503511,-0.047147195168292605,-0.24908579107072326
0.43655,35.95849,1,-0.3952442709467658,-0.06717614465451938,0.0006017097678266581,0.9168094227809966
3.4841,36.61897,1,0.20557823255167265,2.239737741246075,0.22195639385744872,2.320252694868422
2.45559,34.86587,0,0.8929191765538863,-0.5841459818518117,0.15728543690630556,-0.6604065169265857
6.60755,35.62899,0,0.9217586567218113,-0.8021013006702323,0.31567048239501505,-0.8244781019478978
9.93865,35.8207,0,-1.046535864739073,-0.7446884232914767,1.2979152404647305,-0.7996899304591879
6.27827,36.87875,0,-0.6307666923181536,2.177324133610247,0.3554594365629468,1.6158603415049988
8.1514,36.43653,0,-0.1765448796733342,0.5889654057487993,-0.23173860882032343,1.085841676406361
3.71906,34.43144,0,1.666778561059875,0.234399474614744,-0.5545951292105108,-0.22464329969144695
3.31071,36.73428,1,-1.1498773353408045,-0.6522855191670776,-0.7048244983503932,-0.655912788094164
5.16185,36.65933,1,-0.8590792436475603,2.239737741246075,-0.17082371896431106,2.320252694868422
3.68511,33.85854,0,0.436294073895073,-0.6961677004273207,-1.3986794486057905,-0.655912788094164
4.4695,36.86013,1,0.5059894843008919,0.6079863789623774,-1.7499080414487795,1.4817595400389425
-1.58438,34.72481,0,0.16472230231377885,-0.26365939780290704,0.3926860573547052,-0.08366469972527737
6.31645,35.25181,0,1.9167207225152254,0.9890351187765143,0.9460420698780931,2.320252694868422
10.10237,36.73244,1,-1.075375344906998,-0.3113566473539467,0.7946129014494829,-0.38122104884801217
5.94469,35.62498,1,1.5273877402482372,2.239737741246075,-1.4052402499568208,2.320252694868422
5.81084,33.89567,0,-1.1138279851308983,-0.7412253214939464,-0.16556738496572912,-0.8147548742610229
5.46751,35.54758,0,0.3617920834612667,0.37709499435690935,-1.0106591067354345,-0.05708682231700718
10.66433,34.84908,1,-0.9912601944172168,-0.45747064970861423,1.2008832852627624,-0.6401422625218542
9.16823,36.4774,1,0.14309269218783505,0.33031752203355136,1.5457304548851258,1.1129464197285128
7.69754,36.79238,1,-1.1522806253547984,-0.7681172259766834,1.2979152404647305,-0.720580371725649
5.10941,34.39186,1,-0.6403798523741286,-0.34737963188821647,0.31071076955227767,-0.5478009749874799
2.46726,36.49249,1,-0.960017424235298,-0.6826395947499344,-0.33760972652573307,-0.7214694825844338
3.84231,36.44444,0,-0.013121158721758942,0.9664468444344738,-0.6237596377764282,1.8954238734537667
-0.32757,35.79154,1,-0.9960667744452043,-0.7915465172780308,1.2979152404647305,-0.7380654492486086
-0.26469,35.62561,1,-0.8783055637595103,0.7604959167601862,1.285927899309732,0.10641803985410243
-0.34611,35.80994,0,-0.969630584291273,-0.6316910468645893,0.2823799725620597,-0.7005277447049071
5.84345,34.66935,1,-1.1402641752848295,-0.8452684910953331,-1.756149438772145,-0.8381764010837188
10.08435,33.88535,1,-1.176313525494736,-0.6458371821575064,0.9042674552843531,-0.7490680043708587
7.45251,33.07749,0,-0.9936634844312106,-0.6293187456997561,0.8220082692285262,-0.6819784222428031
6.28549,36.35205,1,0.8160138961060861,0.12218665283758498,-1.4944128540843544,0.5507189590641095
8.17268,33.92859,1,-1.1378608852708358,-0.7570555770188393,-0.18970465413371784,-0.822881980830278
5.96156,34.00544,1,-1.2508155159285421,-0.7877444399719243,1.119180356337098,-0.8147548742610229
8.77358,36.34126,0,0.06378412172604118,1.0050881599940775,-0.475016777052469,1.025648244983561
5.12629,36.32611,1,0.7919809959661486,0.07442437856078914,-1.305969692672583,0.6504816588070486
9.41471,37.14594,1,-0.7509311930178414,0.04523925892568745,1.0050813672085208,1.4702773646720304
10.59827,34.6064,0,-1.173910235480742,-0.7610612909183923,0.9533618811244157,-0.7974326725586998
7.24128,34.56981,1,-0.8374496335216165,-0.7090964369722593,-0.4046171113642842,-0.726909504031386
-0.53219,35.55004,0,-0.9552108442073105,-0.8149761459571895,-0.4472645762420555,-0.8392373633143897
6.62928,34.60621,0,-1.1210378551728795,-0.7681172259766834,1.2979152404647305,-0.7448402980703364
10.10516,36.72722,1,-1.0609556048230355,-0.5475361305536437,0.6828852542196752,-0.5470826775595313
7.89845,36.41904,1,0.33775918332132915,1.574989923305268,-0.6846976063857132,1.6404198704133872
8.4655,33.28723,0,-1.1090214051029108,-0.7446884232914767,-0.08979451210533784,-0.7925566436492217
6.50219,36.05836,1,0.866482986399955,-0.33164039081427166,0.006384416869897348,-0.2788878018928007
10.32025,36.59219,1,-0.9071450439274353,1.004224224611034,-0.7141338164814027,2.320252694868422
7.82427,35.27028,0,1.979206262879063,0.8977895446380492,-0.9830039550413472,0.7089332070043627
6.17328,36.1407,1,0.7078658454763672,-0.38815298907609846,0.34261581448524087,-0.33162415815624596
2.3657,35.67313,0,0.6982526854203922,0.01957949698907571,-1.371552149422453,-0.03577366339000631
8.87363,34.1655,0,-0.2774830602610719,-0.17981907272837896,-0.8295346100293582,-0.42718580733220507
2.91488,36.76186,0,-0.871095693717529,-0.5720593868588844,-0.583352143432643,-0.39054216761677446
6.94312,36.88197,1,-1.195539845606686,-0.471971970156676,-0.7646471418255575,-0.6425323557660801
0.32741,34.80242,1,1.412029819576537,-0.7446884232914767,-0.08979451210533784,-0.5133261324475213
2.65943,35.6976,0,0.42427762382510426,-0.7955663855340371,0.861620286288034,-0.712503811126308
6.56468,36.54121,1,-0.42648704112868463,0.01771779193533938,-0.052815396148356474,0.9389749459351671
6.05536,35.71796,0,1.7701200316616064,1.026413291810407,0.4116119665048485,1.0143646787569602
9.40656,36.6891,1,-0.9359845240953604,-0.5268351864673789,-0.9662690480448487,-0.6304256987683649
2.39801,36.56476,0,-1.1402641752848295,-0.49855399118073107,-1.3019410817747816,-0.5044317868909758
10.82272,36.53297,1,-1.1474740453268109,-0.7458657555159275,0.861620286288034,-0.7476442447995394
6.60678,36.30893,0,0.5973145048326546,-0.6729474049853428,0.7137152138960188,-0.5628042967569415
-0.25371,33.22098,0,1.609099600724025,-0.7557539501551984,-0.38579357719660695,-0.822881980830278
8.13292,36.57629,1,-0.008314578693771434,0.6979694310400718,0.4794510741055732,1.0007300036482838
4.86104,34.58131,0,-0.42648704112868463,-0.49517245725543096,0.6828852542196752,-0.4632251190654241
4.00274,36.44606,1,1.3687705993246495,2.102857668762627,-1.5259997524858244,2.320252694868422
6.09206,36.67072,1,0.7703513858402048,0.9526345503027507,-0.7144012933142042,1.499691108135625
1.74832,33.83368,0,1.931140462599188,-0.19627262406498466,-1.7007826959969607,0.5989765891413612
-0.92357,35.5529,1,-1.0008733544731918,-0.8452684910953331,-1.756149438772145,-0.8602232647059838
5.00379,36.77668,1,-0.3279521505549407,0.3879126765001795,-1.5611489896015882,1.0078538117694744
3.80279,36.79823,1,-0.10444617925352159,1.3480595868794543,-0.05234879109821497,1.6149697528996343
8.53005,34.93834,1,0.6117342449166171,0.21508576604227483,1.6312478874927334,-0.07369286580547796
3.99828,34.31243,0,0.47474671411897307,-0.35814649795286607,-0.1027109210202884,-0.4050653484118269
6.11256,33.24834,0,-1.065762184851023,-0.8452684910953331,-0.883559530418752,-0.8623229701919665
2.25469,35.40852,1,0.6790263653084422,-0.8247899895070685,0.6040603641796963,-0.8056157716495485
4.03204,34.50324,0,1.3759804693666309,0.19179760724743827,-1.2951814850730448,-0.0769831459709479
4.14453,36.6301,1,-0.8638858236755478,2.239737741246075,0.8376722333087362,1.620926901206819
-0.28115,35.52826,1,-0.803803573325704,0.08572900158930252,-0.25117565317916646,-0.21923666124341884
2.26883,33.14257,0,0.7343020356302985,-0.6095112711276991,0.6366996389363286,-0.6740035728294762
0.24027,35.82534,0,-0.9119516239554228,-0.47764047580587776,-0.08302030625689799,-0.5690361370426267
-0.18728,35.79891,1,-1.1715069454667484,-0.34313568271897676,0.1509370044676017,-0.4964889693939859
2.03598,35.17678,0,0.9073389166378488,-0.7789992891133342,0.5041502221513163,-0.7490680043708587
0.80827,34.68253,0,1.402416659520562,-0.6623486383846771,1.6880245793580806,-0.67126017148871
8.96956,33.69932,1,-1.106618115088917,-0.7292993803857178,-0.883559530418752,-0.6356255089903431
4.88949,35.55934,0,-0.15491526954739043,-0.44775469613680446,-1.5984995107514612,-0.3088875774285726
9.39677,36.52035,0,-0.8999351738854541,-0.4837565538398529,0.5822868919334454,-0.48083245548874404
10.72482,34.96446,0,-0.9287746540533791,-0.41189703448591014,1.6727390476552524,-0.5399821193178613
10.03517,33.91829,1,-1.0633588948370294,-0.7356646061165195,1.5092893993489955,-0.720580371725649
5.83928,34.66998,1,-1.1402641752848295,-0.8247899895070685,1.4766501245923633,-0.8332008213129886
5.91684,33.59883,1,-1.046535864739073,-0.8287010282125248,0.861620286288034,-0.8062330897278844
8.15523,34.72086,0,0.7078658454763672,-0.517149821817132,-0.5421093757492577,-0.6199667995758971
6.81028,33.92687,0,-1.1883299755647045,-0.5886281585349264,0.7255327190974465,-0.6829374094041422
9.56976,36.76122,0,-0.27988635027506564,1.0917481259438595,-0.28948224127150596,1.2984691992811466
1.94028,35.70777,0,1.3375278291427308,1.6049509343483674,-0.10757314092452129,0.9358932391440887
8.88065,36.42888,0,-0.4985857415484972,0.6629687555648883,-0.3359415468981505,0.17565877064133528
0.08182,34.04139,1,1.2149600384290493,-0.3193788247081453,-0.13060248199469465,-0.5718113451192988
9.41137,33.56777,0,-0.8158200233956727,-0.49592117229903826,1.6838479167786276,-0.6179606389668535
4.27966,36.76757,1,-0.8302397634796352,0.6312994804478189,0.579326302122592,0.40955244602811025
5.3456,35.05862,0,-0.2029810698272655,0.572334463485727,-0.7412654059457973,0.6428634670491759
4.10057,33.59937,0,0.4122611737551355,-0.6496826377187601,0.4867963311567861,-0.7226625448039968
0.44396,35.18823,1,0.9914540671276302,0.8866523230504616,-1.5126499512137435,0.7859275755788303
1.02608,34.32848,0,1.2437995185969744,-0.654259094049572,0.26642145849617077,-0.726909504031386
4.47266,36.87138,1,0.24643416278956648,2.239737741246075,-0.44578324575154604,2.320252694868422
4.65871,36.28992,1,2.015255613088969,1.6236460393752359,1.277158268947561,2.2952096613529336
5.86888,36.05645,1,1.2510093886389555,2.0815702612146754,0.9203648856920565,0.767162051755228
8.96059,36.64592,1,-0.8446595035635978,-0.3942687568776034,-1.5338125762018986,-0.5248542727699504
7.09925,36.52439,1,0.5973145048326546,0.9359442915913739,0.7539638198999651,1.927362114731455
7.47244,35.76893,0,1.3519475692266933,-0.40614551062767995,-0.19608947999104406,-0.3290034520029255
5.45807,36.56223,1,0.5564585745947607,2.239737741246075,-0.24696733128432652,2.320252694868422
-0.81814,35.21412,0,0.1358828221458538,-0.42992898658445544,-0.32579222132430535,-0.1300394273320092
5.79988,36.28824,0,1.2197666184570368,0.7714491084464445,0.2767241986029888,1.225869226821391
6.24569,35.07344,0,0.9554047169177239,0.5750728234537856,-0.010969622065359003,0.10446212262876858
9.95746,34.29671,0,-0.988856904403223,-0.4557788589788125,1.6201115013943024,-0.3357550368713557
7.68382,35.65051,0,0.7703513858402048,-0.8094451392166911,0.6828852542196752,-0.8361244901442567
8.74298,36.70205,1,-0.41206730104472206,0.8904241294232872,-1.2232510027214678,0.5853080243777903
6.68563,35.47511,0,1.1164251478553053,-0.7127333697786606,-0.010969622065359003,-0.7538024651580016
0.87856,34.59221,0,1.217363328443043,-0.7090964369722593,-1.2772070936880402,-0.701849075327588
-0.66539,35.08002,1,0.1527058522438101,-0.28202882078254793,-0.026837004643966038,-0.5515611222701859
7.23898,34.57238,1,-0.8374496335216165,-0.7423685203908622,1.1882603907484082,-0.7247718943456342
2.53513,34.30652,0,1.7436838415076752,-0.25299466026745093,-0.22795487680941062,-0.3862483145645895
5.23619,36.45213,1,0.397841433671173,-0.252544947278633,1.276559996651184,0.027830632319167
-1.3496,35.31551,1,-0.9431943941373417,1.3951082023817767,-0.5074715697236458,0.8551076202398569
-0.40117,35.58786,0,-0.7148818428079351,-0.0074969725460016755,-1.1893033031979636,-0.18559611220102668
2.92379,36.1385,1,1.0034705171975988,-0.6596161418103054,0.32829367279082156,-0.36999524140201223
6.59825,35.6896,0,0.8592731163579738,1.4945039557916495,0.818973117291715,0.4997673828982922
9.72323,37.29914,1,-0.7533344830318351,0.9365430402588812,1.4287623033144294,0.42852671211142745
6.01531,34.70969,1,-1.1378608852708358,-0.7877444399719243,-1.4985895166638075,-0.7879269410208024
5.6487,35.76459,1,1.9191240125292193,0.5022445101418679,-1.592309522830418,0.23568770775914957
7.15955,34.70852,0,-0.45051994126862216,-0.5999075596636116,-1.062294562487111,-0.5011338505908453
1.89535,33.03508,0,0.691042815378411,-0.8247899895070685,-1.4985895166638075,-0.7404003592134156
6.76103,35.23781,0,1.3759804693666309,0.12218665283758498,1.123357018916551,-0.012703477853521935
9.94859,36.49592,0,-0.842256213549604,-0.5797351276135985,0.8289810115314017,-0.701584037960075
10.32663,33.34266,0,-0.8110134433676852,-0.7877444399719243,0.6040603641796963,-0.6984331585552899
9.40524,33.51924,0,-0.851869373605579,-0.5203476981200672,1.5981224795101134,-0.6839009705429897
9.76066,37.10954,1,-0.8086101533536915,0.16386235218832274,-1.7471903703101939,1.1286108712439542
-1.33608,35.00232,0,-0.48656929147852845,-0.4896048392055419,-0.2131628753688754,-0.5409673681469881
8.11375,35.94197,1,0.41466446376912924,0.7194083561264745,1.215611080428167,0.013229257619383138
8.04334,35.38996,1,1.2317830685270055,0.8353191489485489,0.7085059250483389,0.34644675608870384
6.1824,34.65018,0,-1.2171694557326296,-0.8247899895070685,-1.4985895166638075,-0.8582923882482874
4.99471,35.96559,1,1.3855936294226059,0.6265758808563859,0.15802070231505738,0.49535463457843787
4.55558,33.66376,0,-0.039557348875690235,-0.6623486383846771,0.8154346710046875,-0.6654340641187021
4.30614,36.80217,1,-0.3039192504150032,0.824794450350146,1.6961468211028075,1.0688682510444005
8.53867,33.36744,1,-1.145070755312817,-0.8618359966351061,-0.883559530418752,-0.7472906130061293
3.86082,36.66432,1,-0.5178120616604472,2.239737741246075,-0.08938516011619975,2.320252694868422
6.49912,36.42188,1,-0.4288903311426784,0.45360204430058937,1.122301018013599,0.1309297179208625
8.6083,36.76159,1,-0.7365114529338789,1.3071352085250736,-0.10409623797955442,0.6884498942614122
7.88207,33.17205,0,-1.0249062546131293,-0.6961677004273207,-0.010969622065359003,-0.648613522195744
3.166,36.54364,1,-0.9167582039834103,-0.5632008848114909,-1.0720392701750534,1.0477175035033968
1.58519,34.36366,0,1.4168363996045246,-0.7773588418573524,-0.7739046807024296,-0.7979914577987027
2.56496,36.50125,1,-1.0321161246551105,-0.6978326095135787,-0.4472645762420555,-0.7704356780728735
4.87421,36.50245,1,0.07099399176802244,2.239737741246075,1.6947854705411707,2.320252694868422
3.32296,36.1041,0,1.188523848275118,1.2921336071955494,0.5432179652794764,1.3987109703914464
9.0742,33.79368,0,-1.075375344906998,-0.5725331428641436,-1.1126568403499104,-0.6930439575169022
4.50964,34.82383,0,0.5852980547626858,-0.5595487040791787,-0.1027109210202884,-0.6890376880229033
3.92599,35.01921,0,1.2630258387089244,0.7049767138912221,1.3310403525658983,0.5626750266484651
8.96178,34.082,0,-0.09483301919754657,-0.44478552321090886,-0.07731334480659409,1.7272001301665973
6.1149,36.00502,0,1.3110916389887994,0.33031752203355136,-0.1994493618216603,0.17734683574376622
10.58861,34.6044,1,-1.1522806253547984,-0.7446884232914767,0.7827953962480552,-0.7909878889908802
5.2652,34.075,0,-0.657202882472085,-0.678851051335341,0.039392655797440536,-0.7056007501965703
10.20981,35.55072,1,-1.0801819249349855,-0.5305402928591091,0.861620286288034,-0.6425323557660801
5.30605,34.96235,0,-0.6596061724860788,-0.7773588418573524,0.9712751360043564,-0.8008414398523076
8.99133,35.91099,1,0.9001290465958676,0.42889438581505523,-1.0127467722918935,0.33804257203575544
3.96737,34.83976,0,1.6259226308219812,-0.14308841690631083,0.7193261618150792,0.25852910997754286
1.67813,34.54565,0,1.2894620288628555,-0.7046686130179255,-0.18970465413371784,-0.6465691935036133
4.93691,36.47406,1,0.8232237661480674,2.239737741246075,-0.19247750716314146,1.9874118810391546
8.9759,33.05354,0,-0.9335812340813666,-0.8121336448267868,-1.756149438772145,-0.8392373633143897
6.75096,36.34829,1,0.6285572750145734,1.8161964134522643,-0.5220100007596337,0.8271433632118452
5.60991,36.38571,1,0.6766230752944484,1.5014213953194266,0.9508220347386106,0.549470558753581
9.63127,36.9293,1,-0.676429202584035,-0.6464733293492977,-0.010969622065359003,-0.542946366366519
9.94035,33.55481,0,-0.47214955139456594,-0.08228930558033133,-0.046379530740523346,-0.07041592758055616
8.8651,34.81531,0,0.3209361532233728,-0.5466645324285858,0.018240682541565103,-0.6574008085310347
6.64839,34.25653,0,-1.2580253859705235,-0.8452684910953331,-1.756149438772145,-0.8582923882482874
8.4235,35.58265,0,0.8640796963859613,-0.06237324964370046,0.598916908955134,-0.24068475954381152
6.11411,34.03166,0,-1.2652352560125046,-0.8452684910953331,-1.756149438772145,-0.8704086057386067
9.11383,34.53878,0,-0.2774830602610719,-0.8021013006702323,-0.556919425958378,-0.5721212215401729
4.1667,36.63258,1,-0.2726764802330844,2.239737741246075,-1.2444138126355306,2.320252694868422
8.03588,36.82954,1,-1.1907332655786984,-0.8618359966351061,-0.883559530418752,-0.726909504031386
7.9212,35.13506,0,1.6451489509339312,-0.2272276199426402,0.06170596375325598,-0.514502024659206
10.11925,35.75256,1,-1.1138279851308983,-0.8618359966351061,-0.883559530418752,-0.8646454723631704
4.56302,36.71701,1,0.777561255882186,2.239737741246075,0.412903932865941,1.8353004731450675
4.12914,36.62474,1,-0.6331699823321474,2.239737741246075,-0.14657830512553813,2.2321316686065638
3.14785,33.0876,0,0.5925079248046671,-0.8247899895070685,1.119180356337098,-0.8304355422859543
-0.03793,34.71395,1,1.2510093886389555,-0.48339404719841134,-0.6586388830670467,-0.49773886152487107
5.83747,34.87715,0,-0.7917871232557352,-0.27662103450131154,1.4907107070830254,-0.38663714487415035
-0.21404,35.80367,1,-1.193136555592692,-0.5402030105390307,-0.5489841073210873,-0.49338178906662894
6.91454,36.06566,0,0.729495455602311,-0.8121336448267868,-0.883559530418752,-0.8147548742610229
8.30435,33.80674,0,-1.1474740453268109,-0.7915465172780308,-1.3198544845954485,-0.7996899304591879
2.90375,36.52724,1,-0.8999351738854541,-0.5782800752818147,-0.07602448520074984,-0.6643313414733778
8.76515,34.64262,1,-0.1092527592815091,-0.732442841913378,-1.3702167624582482,-0.7549196274984761
9.80217,33.95395,0,-1.1042148250749233,-0.6986714470897822,-1.1158865343415525,-0.7830307162414019
9.23189,36.45582,1,-0.09242972918355281,0.4861289260583101,0.09868522765096345,0.10890617102855861
5.99102,34.76043,0,-1.0897950849909606,-0.8021013006702323,0.5349801818276599,-0.7974326725586998
4.114,36.53656,1,-0.5322318017444098,0.7352297157352842,1.5591057759324602,0.7972475084450684
9.87668,34.28942,0,-1.0056799345011793,-0.4863039657224966,-1.2851803591215774,-0.5956392628067443
10.04226,36.74849,1,-1.075375344906998,-0.34313568271897676,-1.5942428862095475,-0.46093281042344325
-0.25568,35.77304,1,-1.027309544627123,-0.7127333697786606,-0.883559530418752,-0.7583305340061802
-0.91998,35.55388,1,-1.0032766444871855,-0.8452684910953331,0.861620286288034,-0.8704086057386067
7.73488,36.30766,1,1.424046269646506,0.9843074241164745,1.3717802697212458,1.5999175669766041
0.33051,34.79848,1,1.500951550094306,-0.47764047580587776,-0.08302030625689799,-0.056794312936888754
4.17826,36.20002,0,1.1212317278832928,1.5448492256154223,-1.105493550391809,1.2627465756768452
2.84564,33.8468,0,0.6862362353504234,0.4445875573671737,1.3978252345523845,-0.03577366339000631
3.26529,36.63032,1,-0.9768404543332543,0.05720399460431585,0.12026652489400141,-0.3067050723943518
7.43427,36.86927,1,-0.9720338743052668,-0.007496910499507634,-0.6741834589812882,0.8760984896747142
1.95013,33.26339,0,0.8448533762740111,-0.5000670880076913,1.016218049188404,-0.6240255361103637
8.20824,36.26444,1,0.4218743338111105,1.2483543455572987,0.3577650927793245,1.113624663187263
6.6939,36.44548,1,0.3810184035732167,0.3983125375525695,-0.17357408500336644,0.5405996882569871
3.48242,36.62224,1,-0.19096461975729673,2.239737741246075,-0.02291420835051264,2.2444686288902806
1.25239,35.798,0,-0.40245414098874704,0.9196961761965421,-1.678778732099435,0.6631683243004067
4.42894,36.8573,1,-0.21019093986924675,2.239737741246075,-0.6073272695648184,2.320252694868422
6.58333,35.98342,1,0.6598000451964922,-0.8618359966351061,-0.883559530418752,-0.8548071897905111
2.26228,34.44735,0,1.275042288778893,-0.7356646061165195,-0.23589026941706437,-0.759876510256529
10.76539,34.7509,0,-1.193136555592692,-0.7955663855340371,0.861620286288034,-0.828668305151294
5.04505,33.80419,0,-0.3904376909187783,-0.5797351276135985,0.47151109533541014,-0.6905303387323904
1.19961,35.15643,0,1.392803499464587,-0.6522855191670776,-0.7048244983503932,-0.7351170914941269
4.86247,36.09056,1,1.303881768946818,0.34224186544455826,-0.09518754333484267,0.49156101985414596
10.89351,35.33684,0,-1.0729720548930044,-0.7127333697786606,-1.756149438772145,-0.6915318427738939
9.14983,34.11401,0,-0.15251197953339665,1.4160575806301863,-1.1823918823260595,0.9682557203541429
4.40436,36.85266,1,0.31853286320937907,2.239737741246075,-0.08486867768887893,2.320252694868422
3.36891,33.20191,0,0.5660717346507358,-0.6569200975511835,0.7255327190974465,-0.738396717810446
4.2237,34.44107,0,0.3545822134192854,-0.6522855191670776,-1.5774144067037863,-0.6257042843724541
3.37686,34.02747,0,0.7751579658681923,-0.10616268690697399,-1.4768160074323748,-0.1100922691957269
10.61899,36.71556,1,-1.075375344906998,-0.5203476981200672,0.12511809306595462,-0.5475134758719555
-0.46915,34.161,0,1.383190339408612,-0.6275552912693356,-0.9623844944290939,-0.6391532982156127
5.12325,36.53946,1,2.2579879045023383,2.239737741246075,0.6228838983473736,2.320252694868422
3.11741,36.68042,1,-1.1474740453268109,-0.6630376336777687,-0.010969622065359003,-0.7247718943456342
10.80694,34.86783,1,-1.1378608852708358,-0.8247899895070685,0.6040603641796963,-0.8304355422859543
5.39706,35.36066,1,0.06618741174003494,-0.29856508009571187,-0.8672257647010927,-0.3085512704545873
-0.7666,34.1371,0,1.549017350374181,-0.8149761459571895,1.2979152404647305,-0.8213262866369455
4.75585,34.66722,0,-0.15251197953339665,-0.7458657555159275,0.861620286288034,-0.7367477918817117
-0.17977,35.79943,1,-1.176313525494736,-0.4270817660425998,0.16107286743537105,-0.5541893719679514
7.76979,36.90052,1,-1.176313525494736,0.12093796714498563,1.2116089879055203,0.2614473357755758
6.57058,35.78111,0,0.9866474870996427,-0.5999075906868587,1.3978252345523845,-0.3835350592540491
-0.91637,34.6677,1,1.4576923298424185,-0.33553095417669404,0.2231320788078211,-0.5563956616852168
5.40079,35.35396,1,0.034944641558116135,0.03555144343892581,0.04031994826867926,-0.021352601920499453
6.42474,34.66719,0,-1.1138279851308983,-0.7789992891133342,-1.756149438772145,-0.8002637113085306
-0.96344,33.51611,0,1.4384660097304685,-0.6766151128527891,-0.6259996083104143,-0.7427737891057333
6.91247,36.63644,0,-0.207787649855253,-0.16316740693629653,-0.14386462838655728,2.320252694868422
5.32753,34.19171,0,-0.7605443530738164,-0.7773588418573524,0.7519654365717116,-0.8190622522128563
4.08532,35.59409,0,0.018121611460159857,-0.5682968874601652,0.7027164126728672,-0.728144140188058
5.72862,34.10638,0,-1.1114246951169044,-0.6928871161478273,-0.7739046807024296,-0.793617553103229
9.96796,35.87302,0,-1.027309544627123,-0.5668982974379598,1.2315715177234954,-0.678187115617931
10.06425,37.03418,0,-1.183523395536717,-0.8452684910953331,-0.883559530418752,-0.8744837558154406
6.83401,36.57151,1,0.1406894021738413,1.1196205279045102,0.25278531794870956,1.665179359544674
3.22103,33.01918,1,0.6573967551824984,-0.5050290081827404,-1.5447751319471539,-0.650055183611343
10.59053,35.11817,1,-0.9864536143892293,-0.7726182803056105,0.20040468475963216,-0.7111011903679668
0.28924,34.9805,0,0.7150757155183485,1.2462636268940528,-0.13338258411969753,0.35381724937226533
6.5869,35.98251,1,0.6598000451964922,-0.8121336448267868,-0.883559530418752,-0.8488496051962409
10.56337,33.38159,0,-1.046535864739073,-0.6596161418103054,-0.35023276898081346,-0.713634202817115
9.51437,36.54196,0,-0.657202882472085,0.8057252049642031,-0.6210836859226047,1.2517865937298673
8.68725,36.91309,0,-0.842256213549604,-0.10363298929837929,0.5114272785277939,2.082193702234342
0.33121,34.79892,1,1.500951550094306,-0.47764047580587776,-0.08302030625689799,-0.056794312936888754
10.82199,36.53294,1,-1.1474740453268109,-0.7458657555159275,0.861620286288034,-0.7476442447995394
2.47038,36.49175,1,-0.960017424235298,-0.6826395947499344,-0.33760972652573307,-0.7214694825844338
-0.2553,35.74725,1,-0.9984700644591981,-0.07547827578983649,-0.5893683010005105,-0.2866109277316089
6.51365,36.29264,1,0.2824835129994728,-0.39691451245330406,0.9012323033475418,-0.6352365942381205
6.53932,35.90229,0,0.7078658454763672,-0.6744058543626753,1.2979152404647305,-0.726909504031386
5.33101,36.64084,1,-1.164297075424767,-0.6623486383846771,0.8154346710046875,-0.5605543220360248
-0.14593,34.35475,0,1.3976100794925745,-0.7877444399719243,0.24659030004297866,-0.8261179714011652
-0.57029,34.75977,0,1.0251001273235427,-0.6439399244626839,-0.09576747098118214,-0.6779524776086289
7.24569,34.50465,0,-0.9119516239554228,-0.6953414738010312,1.6788433778958798,-0.7427737891057333
6.67599,36.65974,1,-0.7677542231157977,-0.6439399244626839,-0.09576747098118214,-0.5192435082610468
8.62059,36.75587,1,-0.4985857415484972,0.6344701803863636,-0.6699085637597001,0.8349020675587817
6.0552,36.613,1,1.2245731984850243,2.159285480490345,1.582088663614636,1.8873338161023312
3.91003,36.2681,0,0.2752736429574915,-0.25299466026745093,0.6446350315439824,-0.44909614476272713
9.12508,34.76403,1,-0.07320340907160279,-0.6729474049853428,-0.15887469445737423,-0.7523276177763557
8.37071,35.08342,0,1.2413962285829805,0.655851154047331,-1.6773244747618032,0.4165653527869388
8.48581,35.28099,0,1.3231080890587683,0.31665488404545805,0.3199934583525879,0.38351933637800134
-0.07916,33.29029,0,1.9335437526131818,0.2550826734037127,-0.2574944974726489,1.2273137592874879
1.07235,35.62066,0,0.280080222985479,1.2811995258294562,1.1420747754650615,2.320252694868422
1.40084,33.67851,0,2.503123485929701,0.05913351647604031,1.561787645415328,0.6086677919487876
6.85534,35.08761,0,0.87609614645593,-0.17581757023460914,1.6534892962556609,-0.15033071746226073
9.11771,37.01669,1,-1.1138279851308983,2.066304838192484,-0.31436956992085724,1.6813202928525177
4.07997,36.31907,1,-0.22220738993921552,-0.6912704792339341,0.2707277171516935,-0.4631102207504083
9.15186,36.96771,1,-0.7821739631997602,2.1507602922089464,-0.11707862845834871,2.0224035689638065
-1.17155,33.06343,0,1.7869430617595627,-0.7789992891133342,0.5041502221513163,-0.7979914577987027
4.1088,33.57573,0,0.41947104379711675,-0.5124079495332036,0.9143667768927741,-0.6106125792837496
10.45769,33.18818,0,-0.8086101533536915,-0.7652329869453198,0.28923776492075,-0.7650391938549145
6.55826,37.01899,1,-0.8831121437874978,2.239737741246075,1.5399823659129641,2.159827808413826
2.68407,35.22666,0,0.6598000451964922,-0.7557539501551984,-1.3813254836408972,-0.6358201774731086
10.12775,36.32361,0,-0.3952442709467658,0.7325191525965564,1.471506817308527,0.22378489534677082
-0.21344,35.80198,1,-1.193136555592692,-0.5402030105390307,-0.5489841073210873,-0.49338178906662894
9.30739,36.76889,1,-0.33996860062490947,0.6374534999129009,0.15035101125149183,0.5309894378145743
6.01338,36.21045,1,1.1356514679672554,-0.5725331738873907,-1.0119322106539483,-0.26474450048516923
0.63133,34.70711,0,1.5153712901782685,-0.30149100661526007,-0.3421630461938545,-0.49524313051086216
8.9906,35.91457,1,0.8352402162180361,0.2622549999290153,-0.6296541880674358,-0.05317633894892664
9.7905,33.92413,1,-1.0994082450469358,-0.7412253214939464,0.1436281408350111,-0.8198080990591836
4.16898,36.63435,1,-0.18856132974330297,2.239737741246075,1.6662086481234368,2.320252694868422
6.4115,35.2033,0,2.3541195050620884,2.149466250529202,-0.2604402932108916,1.0226814928026062
-0.94183,34.9469,1,0.4675368440769918,-0.580709319616555,0.4253253321113375,-0.47146565324000367
9.92272,36.20121,1,0.09502689190795999,0.8786959770264418,-1.634106180592348,0.5036431884799691
7.87824,34.44371,0,-0.1501086895194029,-0.5264260208624176,1.057709209350923,-0.6800739728197737
2.14173,36.23636,0,-0.5875074720662661,-0.7610612909183923,-1.6644080658468525,-0.817595553548064
4.5437,36.71004,1,1.4000133695065684,2.239737741246075,0.007404468176405161,2.251838108861902
2.65205,34.05889,0,1.3231080890587683,-0.5802217582663715,0.261205512315816,-0.5893375602922818
0.08157,35.01156,0,0.1575124322717976,-0.35814649795286607,0.25475899517570316,-0.4633400736755476
5.4129,33.29722,0,-0.9480009741653292,-0.7506998056225674,-0.2685295441736967,-0.7952325964139575
5.21177,35.18442,0,-0.217400809911228,-0.7446884232914767,-0.8047345664084101,-0.7438032436682586
10.3713,33.41797,0,-0.8783055637595103,-0.5301265668368357,0.016782578745054445,-0.3002063651501502
7.80296,36.79217,1,-1.1811201055227234,-0.8094451392166911,1.5554753105137944,-0.8488496051962409
6.25432,36.71083,0,-0.8879187238154853,0.8259939331729699,0.9051006574537879,0.6628868487614167
2.19185,34.44589,0,1.265429128722918,-0.8149761459571895,1.2979152404647305,-0.6610558669212587
6.71954,34.07851,0,-1.2387990658585735,-0.8094451392166911,0.16776541000299983,-0.772580620196416
7.40189,35.90548,1,0.9794376170576614,-0.8149761459571895,0.4253253321113375,-0.7259898530766209
1.76996,34.73398,0,1.325511379072762,-0.44676263474356365,0.5842292057265043,-0.5589142203654378
2.66512,33.14103,0,0.7439151956862735,-0.7877444399719243,0.6040603641796963,-0.8183248285220333
2.30535,34.44991,0,1.3591574392686745,-0.252544947278633,-1.2984993147522652,-0.5538962996367549
2.0931,33.30207,0,0.8712895664279425,-0.7282680125385013,-0.9526397127707884,-0.7909878889908802
10.14702,34.34899,1,-1.1234411451868733,-0.7624323943437369,-1.756149438772145,-0.7091563914264232
9.32052,35.06682,1,-0.3063225404289969,-0.8021013006702323,0.31567048239501505,-0.7968774690949304
2.67744,34.30114,0,1.5370009003042122,-0.5687645318857613,-0.4694729942230611,-0.6451485301632229
9.515,35.55508,0,0.044557801614091154,0.3718150858998939,-1.415056967793196,0.03559688021054842
9.33105,37.09131,0,-0.2630633201771093,1.9960838426532075,-0.8357890261366212,2.320252694868422
2.46991,36.46804,1,-0.8542726636195728,-0.4245665252671169,-0.6448231424780916,-0.14200416436296576
7.32084,36.51113,0,-0.33516202059692196,-0.13044656783819986,1.6838479167786276,0.8091777928700526
7.81117,33.29388,0,-1.0729720548930044,-0.6623486383846771,0.03521599321798752,-0.761441922392845
5.88787,34.13334,1,-1.2363957758445796,-0.7789992891133342,1.2190903504247517,-0.7996899304591879
5.15306,36.55386,1,0.4627302640490043,2.239737741246075,0.21633627361336963,2.320252694868422
0.08583,35.57239,0,-0.8062068633396977,0.9280648832199664,-1.6997644199791662,0.6310609725188931
-1.25481,33.30341,0,1.5850667005840873,-0.7935268707399993,-0.7474719632281646,-0.7211725681121302
5.0837,36.6217,1,-0.5923140520942536,2.239737741246075,-0.4903521647799952,2.320252694868422
3.77274,36.66059,1,0.397841433671173,2.239737741246075,-0.7199835407323999,2.320252694868422
2.33912,33.27579,0,0.9457915568617489,-0.7789992891133342,-1.756149438772145,-0.7743266903705444
4.4787,35.70785,1,-0.06359024901562778,-0.7935268707399993,-1.6200618715815576,-0.6756205372107583
5.76202,35.89673,1,0.9361783968057739,-0.6961677004273207,-0.010969622065359003,-0.6976537387140496
-0.29226,35.82416,1,-1.1498773353408045,0.15061257157158625,0.034462383159198424,-0.22965103100561837
6.96872,35.61511,0,0.8256270561620611,-0.6522855191670776,1.5554753105137944,-0.7199903145532642
3.11862,36.68106,1,-1.1474740453268109,-0.6630376336777687,-0.010969622065359003,-0.7247718943456342
9.60851,37.2762,1,-0.9576141342213043,-0.33164039081427166,0.4867963311567861,0.028732142175444234
-1.5287,34.83904,1,0.13347953213186003,-0.16023571009280238,-1.0705850868077844,-0.26069592521766016
4.16828,36.63383,1,-0.18856132974330297,2.239737741246075,1.6662086481234368,2.320252694868422
5.99888,36.24401,1,1.3879969194365995,-0.5203476981200672,1.355177769674613,-0.2793676050965631
0.29042,33.63782,0,1.6739884311018562,-0.7423685203908622,-1.2101996718643075,-0.6214354544956853
0.29163,36.11886,1,-0.7917871232557352,0.9165944719593723,0.15636361824193282,0.3347520103947465
6.51463,37.01761,0,-0.383227820876797,2.239737741246075,-0.37942280570826087,2.237236734162118
7.1343,33.84789,0,-1.154683915368792,-0.679602434378192,0.861620286288034,-0.7501457460620976
10.39267,36.22469,0,-1.0345194146691044,-0.6458371821575064,1.4193875953824808,-0.5470826775595313
7.05866,36.76288,0,-0.9263713640393854,0.6902327296049613,0.22015758256871362,1.022960491356853
2.44821,35.62771,0,0.5877013447766796,-0.202471317005777,0.5853424596904595,-0.28362255822925964
3.26427,35.40189,0,0.6453803051125296,-0.36998450366741326,-0.4472645762420555,-0.29181557933285773
-0.65682,35.67987,0,-0.8927253038434728,-0.3231804754446052,1.2979152404647305,-0.5369038465283587
-0.86608,34.89934,0,0.7246888755743235,-0.37474424534162587,-0.18373154731714744,-0.5348205897691857
3.42878,33.00589,0,0.6862362353504234,-0.6826395947499344,-0.33760972652573307,-0.7026464814557698
6.47385,36.04555,0,0.8616764063719675,-0.3655465661345506,-0.2602390938233861,-0.5913129274773599
3.08677,36.6894,1,-1.1570872053827859,-0.678851051335341,1.6838479167786276,-0.5578748156426093
0.04711,33.96063,0,1.315898219016787,-0.7055441200721081,1.1719265510603856,-0.7583305340061802
-0.26748,35.76445,1,-1.027309544627123,-0.6464733293492977,-0.883559530418752,-0.6064014237449199
-1.05804,35.22553,0,0.0733972817820162,1.0665182841644663,-1.047284496416294,1.0237722668113003
8.86223,36.29562,1,0.1358828221458538,1.2329725233122841,-1.3198544845954485,1.092487426472131
4.27503,35.51634,1,-0.20538435984125925,-0.7570555770188393,1.5554753105137944,-0.7779047370533008
4.52173,36.83684,0,-0.5178120616604472,1.2392153933568346,-0.49038397203610823,2.320252694868422
9.96183,35.63218,1,-0.9263713640393854,-0.6729474049853428,-0.15887469445737423,-0.7646341646280848
3.1357,36.5496,1,-0.9023384638994478,-0.30320485487369386,0.10514431975279538,-0.4581983037097091
1.35519,35.33902,1,1.1428613380092367,-0.7458657555159275,0.861620286288034,-0.590488232295673
4.16777,36.62812,1,-0.5226186416884347,0.7373437638802901,-1.3076920186059209,2.1950291393199177
5.99278,34.96825,0,-0.010717868707765187,-0.5000670880076913,-0.728961841488745,1.2357994586565277
2.88138,36.59811,1,-1.1594904953967795,-0.7412253214939464,-1.601551749842138,-0.7670853662118254
5.28952,36.29796,1,1.443272589758456,0.8273522550205418,-1.7072606505413712,0.13221594854383129
5.30741,36.01978,1,0.9986639371696114,-0.5506059428928758,0.23336647029917773,-0.5971519967959383
1.70161,35.18462,0,1.4072232395485496,-0.41587514545142606,-0.15706523143635942,-0.38469608955727513
5.20666,36.53133,1,1.5225811602202497,2.239737741246075,0.08879006424457019,2.320252694868422
4.18178,36.63508,1,-0.13568894943544038,2.239737741246075,1.60850052144652,2.320252694868422
-0.29379,35.44994,0,-0.09723630921154032,-0.10219127696281463,0.9712751360043564,0.3996776085790468
4.05143,34.39431,0,0.47474671411897307,-0.34313568271897676,0.1509370044676017,-0.38770793411957616
3.30817,33.13141,1,0.5925079248046671,-0.6616620163699825,-0.24796459971901386,-0.6992158435127824
4.54591,35.55249,0,-0.21499751989723426,-0.8384060150665126,-0.4472645762420555,-0.7642304864838422
9.68409,33.5282,1,-0.7581410630598227,-0.5636605562626025,-0.883559530418752,-0.7005277447049071
6.83181,35.86718,1,1.2005402983450868,2.239737741246075,-1.7482890521126275,1.024203487337033
7.71048,36.27588,1,0.7270921655883172,2.1776234458975066,-0.6233289083523676,2.320252694868422
9.87634,36.82194,1,-1.1378608852708358,-0.8121336448267868,-0.010969622065359003,-0.8269554842752088
8.76679,36.60927,1,-0.22461067995320927,2.2090837484226418,1.7253464739774518,1.2097075769138779
6.26965,35.10177,0,0.8712895664279425,1.192489791902496,-0.22069069127610436,0.6911247000133266
7.45837,36.91636,1,-0.861482533661554,1.6075236301773335,1.387080891378137,0.6007373875230672
2.84779,33.38116,0,0.8712895664279425,-0.6464733293492977,-1.5368398133098633,-0.5724314075841399
2.21477,36.26879,0,-0.22701396996720302,2.239737741246075,-1.6051667554549258,1.239152395276977
2.75206,36.46992,1,-0.979243744347248,-0.6602957991060436,-0.1027109210202884,-0.5971519967959383
6.79027,33.89712,0,-1.1979431356206796,-0.8287010282125248,-0.883559530418752,-0.8475105556883806
9.77025,34.44298,0,-1.075375344906998,-0.8149761459571895,1.2979152404647305,-0.8351306246451926
10.12316,34.79472,1,-0.7124785527939413,-0.5577390870571908,0.2736668555572614,-0.5658289766038205
6.05492,36.6748,1,0.270467062929504,2.239737741246075,-0.877043629078095,2.320252694868422
7.66041,36.76728,0,-1.1691036554527545,-0.6986714470897822,0.22135738185744144,-0.678187115617931
6.29503,35.12206,0,1.1644909481351804,0.654333993175011,-0.5115696757775361,0.5964621118564556
4.54468,36.42754,1,-0.7965937032837227,-0.8247899895070685,0.6040603641796963,-0.7952325964139575
2.68691,35.15263,0,0.7246888755743235,-0.565506346390617,-1.1411194895122712,-0.6728561518685604
7.7135,36.25748,1,0.9770343270436677,0.9058849989017117,1.5981224795101134,0.942819564027124
6.3812,33.95838,0,-1.2267826157886046,-0.7446884232914767,1.2979152404647305,-0.8050032668029292
1.26679,35.17775,0,1.284655448834868,-0.7935268707399993,-1.0196470976093395,-0.4179625013132418
9.14635,36.47802,1,0.767948095826211,0.7180398586538796,1.1737722595592968,0.558287048176042
3.15801,34.90966,0,0.9289685267637926,-0.471971970156676,0.10794276652783552,-0.6317635238576305
5.58555,35.84972,0,1.198137008331093,0.16651819031930523,-0.7756571125735301,0.4677172269463014
8.11973,36.78278,1,-1.1787168155087295,-0.5802217892896184,-0.010969622065359003,-0.726909504031386
6.88327,34.40448,1,-1.1787168155087295,-0.7282680125385013,-0.9526397127707884,-0.6940587049825151
10.02519,36.49985,1,-0.8662891136895415,-0.7282680125385013,-1.1719493382330703,-0.7407370180318247
3.13474,36.60123,1,-1.056149024795048,-0.8452684910953331,-0.883559530418752,-0.7825540444530108
9.67988,33.53462,1,-0.7461246129898539,-0.7412253214939464,-1.0381572193487592,-0.7618363962869626
0.46414,35.29994,0,0.5612651546227483,0.24220169714756307,-0.1712821872745167,0.2636416064873264
8.31936,36.38346,0,-0.43610020118465964,2.239737741246075,-0.0715137724617472,2.320252694868422
9.30811,36.75418,1,-0.6019272121502286,-0.13100790246979968,1.6072785310488762,0.3779722416360172
6.04943,36.11691,0,0.7559316457562423,-0.7935268707399993,0.7255327190974465,-0.5963106101147894
9.65142,36.97852,1,-0.9335812340813666,-0.1470970547468955,0.991466382184893,-0.3964582767903745
1.73727,34.12021,0,2.104177343606738,0.35851380669310245,1.136008909813222,0.012635907183192177
5.53788,36.64084,1,0.3858249836012042,2.239737741246075,-0.3412502519137743,2.320252694868422
1.81546,36.22024,0,-0.676429202584035,0.26515902403616665,0.7215788552515107,-0.210202197163564
2.83846,34.18832,0,1.5562272204161622,-0.6766151128527891,-1.1411194895122712,-0.6529654436516225
4.64976,33.58635,0,-0.1140593393094966,-0.5962666713932151,-1.7214753132982739,-0.7000018639554121
10.59135,35.66639,1,-1.0225029645991355,-0.7046686130179255,-0.7048244983503932,-0.6824573528723947
5.11198,34.38731,1,-0.6427831423881225,-0.6246453262103798,-0.7662954973958418,-0.6627967509085811
8.04692,36.80785,1,-1.1787168155087295,-0.7915465172780308,-1.3198544845954485,-0.8081150281446833
10.35818,36.41395,1,-0.9480009741653292,-0.7055441200721081,1.1719265510603856,-0.17282978913013436
9.89584,34.5953,0,-0.7677542231157977,-0.6744058543626753,0.4253253321113375,-0.6614898177597196
4.89641,33.29542,0,-0.3952442709467658,-0.602539540917635,-0.2685295441736967,-0.6550668133617294
6.31996,36.99447,1,0.7511250657282548,2.0148946023449708,-1.5794126420913135,1.143987542168332
4.12096,35.99679,0,1.969593102823088,2.239737741246075,-1.1668191237034946,1.4399293475994202
5.62672,35.37877,0,0.4579236840210168,-0.34208011673908373,-0.5863877391916327,-0.40486341786015545
9.93404,34.4055,0,-1.0225029645991355,-0.7726182803056105,-0.6721852235937609,-0.6660983604644954
2.88193,36.59468,1,-1.1594904953967795,-0.7506998056225674,-0.2685295441736967,-0.7920307628997267
7.23646,34.18646,0,-1.1570872053827859,-0.6630376336777687,-1.756149438772145,-0.7560465148188227
5.93911,34.19933,1,-1.125844435200867,-0.7570555770188393,1.5554753105137944,-0.7354418016759058
1.77903,36.56119,0,-1.195539845606686,0.1637293865515903,-0.010969622065359003,-0.24339733931305835
3.66626,35.54021,0,0.5083927743148856,-0.3516590096055543,-0.13830975000269138,-0.5870495582260475
7.71438,36.23369,0,0.7126724255043547,0.17404920762666581,1.051576178609431,1.377862865349965
10.03022,35.10181,0,-0.8999351738854541,-0.7446884232914767,-0.4472645762420555,-0.7410744790555198
9.29728,36.85241,1,-0.3375653106109157,-0.6439399244626839,-0.09576747098118214,0.09393189753472077
7.23915,34.57255,1,-0.8374496335216165,-0.7423685203908622,1.1882603907484082,-0.7247718943456342
1.87378,34.14916,0,1.7773299017035877,-0.7557539501551984,0.4867963311567861,-0.6046654796533067
-0.70818,34.46245,0,1.5273877402482372,-0.6046645247572159,0.7168536284596528,-0.6672100481057365
4.90279,35.35114,0,-0.25585345013512806,-0.7446884232914767,0.06785526797461983,-0.8093959036955227
3.56468,33.6037,0,0.7222855855603297,-0.5219579597566975,0.4061775118720337,-0.6714874348388905
10.24111,34.93191,0,-0.8398529235356103,-0.8287010282125248,-0.010969622065359003,-0.8488496051962409
0.20148,34.10459,0,1.1765073982051493,-0.8452684910953331,-0.010969622065359003,-0.8488496051962409
3.76696,36.77169,1,-0.5418449618003848,0.7954948549335364,-1.3042105294984445,1.5371951341310865
-0.85626,33.84611,0,1.402416659520562,-0.7935268707399993,-1.0196470976093395,-0.8269554842752088
4.2284,34.58695,0,0.9505981368897364,2.239737741246075,-0.2234132444586516,0.969587550014428
7.30641,36.76677,1,-1.1378608852708358,-0.7412253214939464,0.1436281408350111,-0.7864323551669847
7.87893,34.0186,0,-1.2387990658585735,-0.8452684910953331,0.861620286288034,-0.8704086057386067
7.18901,36.30113,1,0.7270921655883172,1.1799447353650907,-1.3897203801438394,1.158987711411757
9.79252,33.92371,1,-1.1042148250749233,-0.7726182803056105,-0.22234392889035015,-0.7769990402483811
8.70229,36.77953,1,0.20077165252368515,2.239737741246075,-0.07244047317008148,2.320252694868422
8.95918,33.46472,1,-1.1018115350609294,-0.8247899895070685,0.6040603641796963,-0.7979914577987027
2.54275,35.95458,0,1.9551733627391255,2.239737741246075,0.47504539928210654,2.0222871506808806
8.04757,35.39214,1,1.392803499464587,0.9118176364760511,-1.2979379166818705,1.3921300722898597
10.7453,36.53563,1,-0.861482533661554,-0.1590665059590711,1.279405192695674,-0.33293915557929954
-0.27355,34.45586,0,1.6139061807520125,-0.6496826377187601,1.2364440934785559,-0.5499651278165586
3.35376,33.17325,1,0.5997177948466483,-0.7610612909183923,-0.1027109210202884,-0.7816073507358372
5.52087,36.12811,1,1.1837172682471304,-0.7356646061165195,1.5092893993489955,-0.8008414398523076
9.21716,36.96385,1,-0.9311779440673729,-0.21886908854423875,-1.6408836411367622,-0.0012299156381029668
3.1349,36.60116,1,-1.056149024795048,-0.8452684910953331,-0.883559530418752,-0.7825540444530108
7.62065,34.75321,0,0.7631415157982235,0.632840343080863,1.0170610154457618,0.3549111759069961
3.84587,36.39551,1,0.21519139260764766,1.125496454983295,0.7691221225783412,0.3772052770873772
8.35868,35.69833,1,0.8833060164979113,0.612587374681583,0.7104411376865446,-0.05364229355617072
5.18202,33.33368,0,-0.7317048729058914,-0.7458657555159275,-0.010969622065359003,-0.6843845032976438
1.35793,35.339,1,1.1428613380092367,-0.7458657555159275,0.861620286288034,-0.590488232295673
4.06829,36.87158,1,-0.4288903311426784,0.4998544791913622,0.5162832849215303,0.3871404628920001
7.30156,35.35769,1,1.3879969194365995,-0.7789992891133342,-0.5260895402523974,-0.8087527531995959
10.67757,36.61942,1,-0.8662891136895415,-0.578764255098073,-0.21026959858840066,-0.653384194810978
8.13636,36.41716,1,-0.06359024901562778,1.8980672587129048,-0.9796365282336995,1.8825978212735006
7.49398,35.31409,0,1.7172476513537438,1.3440156445837594,-0.14906637225720576,0.8446985422177904
8.84077,36.04391,0,0.3449690533633104,-0.2590979877469004,-0.16556738496572912,-0.45514280229131077
9.34175,36.89621,1,-0.5971206321222411,-0.5523737716011262,1.5836970751888715,-0.3538752498742694
6.0387,36.5208,0,0.4002447236851667,1.9039492663481057,0.9809519388990158,1.3657645963233116
-0.61363,35.64022,1,-0.979243744347248,-0.8247899895070685,0.6040603641796963,-0.8213262866369455
6.94955,36.86546,1,-1.1570872053827859,-0.7193212183300857,0.333583885215682,-0.643133559369809
11.10756,33.47932,1,-1.195539845606686,-0.7624323943437369,-0.883559530418752,-0.7738875814928314
1.59497,36.49844,0,-0.8254331834516477,1.6054336560720157,-0.6144281285365026,0.9884694921209565
4.60351,34.80922,0,1.1717008181771618,2.239737741246075,1.1275017262991647,1.5260171775267148
-0.41076,34.07061,0,1.2149600384290493,-0.6030691542791556,-1.3702167624582482,-0.7469378960082209
1.82452,35.28582,0,1.0347132873795177,-0.6458371821575064,0.031677842812412337,-0.719402354373645
5.71959,34.98278,1,-0.6283634023041599,-0.4970471920729162,-1.37344645644989,-0.6058795118005246
10.20289,36.1164,0,-0.7725608031437852,0.5089929350198742,-0.48991204111982684,0.7891985465223255
6.43935,36.39598,1,-0.15972184957537794,0.3213803450317123,1.5849433278655969,0.21563144970395473
9.07569,35.85141,0,1.7292641014237127,-0.4557788589788125,0.9757189795351587,-0.21149568985543873
8.98807,33.52845,0,-1.065762184851023,-0.7726182803056105,-0.6721852235937609,-0.6955910437429998
1.94452,34.69088,0,1.169297528163168,-0.5901387114556309,1.2258645562731916,-0.6897825848892866
-0.45598,33.43986,0,1.462498909870406,-0.7935268707399993,-1.0196470976093395,-0.8351306246451926
8.91935,36.98329,0,-1.0489391547530669,-0.6623486383846771,-1.7099638234887986,-0.6997394865317426
1.43965,34.13343,0,1.7004246212557876,-0.22787507510797061,1.3389889118981755,-0.2509169020420689
9.41454,36.68766,1,-0.8638858236755478,0.5267922127657612,-1.1973684398224131,-0.019839783488643695
2.04052,35.0772,0,1.0251001273235427,-0.6458371821575064,0.5467976870290877,-0.6819784222428031
5.40258,36.11343,0,1.0996021177573492,-0.6464733293492977,-1.756149438772145,-0.6597590528180239
2.67008,36.40457,1,-0.15972184957537794,2.239737741246075,-0.3790724820688395,1.396802341056663
7.23898,34.57096,1,-0.8374496335216165,-0.7423685203908622,1.1882603907484082,-0.7247718943456342
8.67581,35.52371,0,1.609099600724025,-0.4751502707907409,0.08468382145074409,0.037593836569467014
8.54657,35.43179,0,0.7895777059521548,0.09746813621559347,1.1749732423738333,-0.1931170260126244
6.41246,36.71862,1,-0.832643053493629,0.3081934795599346,-0.4694729942230611,1.0853503327055
5.47925,36.23695,1,1.7581035815916377,-0.7570555770188393,0.6828852542196752,0.2565370512930027
3.60707,35.95372,0,0.5949112148186608,-0.4974233179198,0.861620286288034,-0.5728972496011684
-0.59455,35.51208,1,-0.960017424235298,-0.7446884232914767,-0.4472645762420555,-0.8008414398523076
9.87197,33.78582,0,-0.813416733381679,-0.6522855191670776,0.6828852542196752,-0.48907276448289244
2.58615,36.43216,0,-0.7052686827519601,1.7806040626098945,-0.21914411892538171,2.320252694868422
2.68765,36.27231,1,0.17914204239774137,1.8002437634620614,-1.1855266723419038,1.382991349670363
10.10918,36.72882,1,-1.0994082450469358,-0.5668982974379598,0.35898160937010243,-0.6447441905514637
8.9711,33.69669,1,-1.0946016650189483,-0.4896048392055419,-1.5539562594389917,-0.6111435547405003
3.16823,36.09959,0,0.5035861942868981,-0.5537063441536707,0.5101233289678867,-0.601054655144035
4.15516,36.62868,1,-0.7533344830318351,0.3680612730103406,-0.36246672732623236,2.320252694868422
4.57065,36.53128,1,0.27287035294349776,2.239737741246075,0.8926798499712957,2.320252694868422
9.0692,35.41398,1,0.5588618646087545,-0.5492865862435623,1.4239039298690754,-0.5207046196363901
5.2736,34.74426,1,-0.7365114529338789,-0.6365106323823055,1.568391719428745,-0.6708063625509734
8.54584,33.3631,1,-1.1186345651588858,-0.7652329869453198,0.28923776492075,-0.7319080170216555
1.62583,35.93194,0,0.34737234337730416,2.0423422340074087,1.1177808370681255,2.1521074973304075
9.23607,36.90288,1,-0.3183389904989657,0.7953319208401816,0.5196385805896372,0.11923103156935931
0.18533,34.60878,0,1.6523588209759126,-0.2822652179248487,-1.2410295205851067,-0.31667780703587595
9.3754,34.04493,0,-0.9624207142492918,-0.7610612909183923,0.9533618811244157,-0.7683303888158861
8.18998,35.42211,0,0.8280303461760549,-0.6623486383846771,-1.3524938333224439,-0.6730851462933057
7.68446,36.28825,1,0.18875520245371638,2.239737741246075,-1.6843361254756448,2.320252694868422
7.52628,36.44123,0,-0.5178120616604472,0.18034841588780653,-1.4074963090447712,0.048760140086524476
4.95666,35.28436,0,-0.22461067995320927,-0.7282680125385013,0.05811056028667739,-0.7756546497421685
2.37639,34.72159,0,0.9457915568617489,-0.7458657555159275,-1.756149438772145,-0.8120257155825296
4.50621,36.43352,1,-0.7100752627799476,-0.5000670880076913,-1.601551749842138,-0.650055183611343
9.88935,36.9216,0,-1.1210378551728795,-0.6496826377187601,1.2364440934785559,-0.6321470624270583
9.2884,37.22101,1,-0.9407911041233479,1.1027011935371298,0.3092113902931831,1.0744353868447607
5.6335,36.19509,1,1.0659560575614366,-0.16552163705973988,-0.18552799155426483,-0.10709765093641209
9.33684,36.905,1,-0.44090678121264715,-0.001282147516758359,-1.756149438772145,-0.09443592417580846
4.23498,33.48422,0,0.260853902873529,-0.5402030105390307,1.3996345496326732,-0.5676576668855309
0.07795,35.30398,0,-0.1092527592815091,-0.7726182803056105,-0.6721852235937609,-0.7105433058496886
9.81851,36.82834,1,-1.1282477252148608,-0.7789992891133342,-0.010969622065359003,-0.7111011903679668
10.08758,35.69715,0,-1.0537457347810544,-0.7356646061165195,1.0865410815804655,-0.7360933612535598
6.07416,33.65238,0,-1.1667003654387609,-0.04227769319980548,-1.335721830188874,-0.2905916110991135
0.24687,34.37079,1,1.3279146690867558,-0.8021013006702323,-0.33760972652573307,-0.7894450723034566
-1.58397,35.15883,0,-0.5851041820522723,-0.35814649795286607,0.0807718248302965,0.1692474334044362
10.93608,36.73053,1,-1.185926685550711,-0.6133463028779537,-1.756149438772145,-0.6672100481057365
2.55109,33.85204,0,0.8905158865398926,-0.6766151128527891,1.119180356337098,-0.7303285451821669
10.13979,35.7404,0,-1.0729720548930044,-0.40976949122844997,-1.159326369748353,-0.6346543902332736
7.26454,35.81759,0,1.032309997365524,-0.6834069392533778,-0.6721852235937609,-0.7370761049503896
0.09133,33.69619,0,1.4600956198564121,-0.7955663855340371,0.861620286288034,-0.8269554842752088
8.85957,36.54129,1,-0.8662891136895415,-0.8094451392166911,1.0403551704156668,-0.8126982591616153
8.81463,35.11975,0,0.6862362353504234,-0.5453616801466876,-0.06922956765065501,-0.6381682745669172
-0.36194,35.20587,0,0.4483105239650418,0.842377434017802,-1.5058034763206003,0.25874077958286334
5.30365,36.33362,1,1.4360627197164746,1.4759508131431498,0.0634377578930646,0.9322204337211314
5.47867,33.04742,0,-0.842256213549604,-0.43600240765377657,0.7307732234383351,-0.5268794611254298
9.20876,36.82654,1,-0.28949951033104065,2.0872281569133957,-0.6853410006035526,0.9845375040216972
7.92443,36.20658,1,0.5204092243848544,2.239737741246075,-0.389895677650102,2.320252694868422
2.32054,36.13617,1,-0.16933500963135295,0.300957865610709,0.5722507410150721,-0.14311334687190982
8.13927,36.57985,1,-0.10204288923952784,0.2626184682911145,-0.28314475644653403,1.2184254373074768
9.26191,33.33943,0,-0.9816470343612418,-0.8247899895070685,-0.6259996083104143,-0.8623229701919665
5.04067,35.90582,0,1.7845397717455689,2.239737741246075,-0.22570484630604914,1.7844290612127545
6.74516,33.40388,0,-0.979243744347248,-0.678851051335341,1.6838479167786276,-0.7086046852962258
-0.66891,33.22402,0,1.6715851410878626,-0.8094451392166911,-0.18970465413371784,-0.7053301677609393
8.41853,34.72256,0,0.44590723395104803,-0.6365106323823055,-1.5903308895890997,-0.44456067310787317
4.47094,33.88601,0,0.05176767165607241,-0.517149821817132,-1.225009722073428,-0.6672100481057365
0.99571,35.99888,0,-0.988856904403223,-0.35814649795286607,-0.1027109210202884,-0.49611480396000646
5.97642,36.06452,1,0.885709306511905,-0.7773588418573524,0.9712751360043564,-0.8087527531995959
1.40088,34.23666,0,1.4745153599403746,-0.7136565285402676,-0.2685295441736967,-0.7662626413589115
6.08314,33.3107,0,-1.036922704683098,-0.679602434378192,-0.010969622065359003,-0.6694506919125357
10.23316,36.65407,1,-1.135457595256842,-0.7726182803056105,0.6502459794630429,-0.8213262866369455
7.61947,36.20877,1,1.2125567484150555,0.7770622065764666,-0.5708817758069051,0.23810490709778026
4.7912,34.16925,0,-0.21980409992522176,-0.7136565285402676,1.119180356337098,-0.7743266903705444
7.73235,36.30824,1,1.255815968666943,2.0928302107674783,-0.21206840987713577,1.6563371995530571
3.00944,36.67956,1,-0.8254331834516477,0.004099206958016032,-0.4472645762420555,-0.2013580668431742
6.02478,35.86677,1,0.8977257565818738,-0.4709182655716043,1.2143825806385746,-0.5276927565477876
0.94597,36.00312,1,-1.0609556048230355,-0.7570555770188393,0.16776541000299983,-0.8252923403133112
7.87185,36.39705,1,1.0178902572815616,2.239737741246075,0.9655592981104861,2.275283670177183
10.73262,34.71007,1,-1.1907332655786984,-0.8247899895070685,1.119180356337098,-0.8548071897905111
3.87678,35.05046,0,1.1524744980652117,-0.6679291776169504,1.0553652364864836,-0.5873753380148746
4.43867,36.79538,1,-0.23182054999519056,1.5879941238985855,1.7044128612333103,1.8428527996268165
3.05151,36.2682,1,0.7270921655883172,1.572869918696834,0.7446181083503332,1.2819776600419368
5.80254,34.59632,0,-1.1018115350609294,-0.8452684910953331,-0.010969622065359003,-0.772580620196416
1.58375,33.00323,0,0.8232237661480674,-0.636510616870682,-1.2328608994227452,-0.6156089952812536
0.70578,34.44496,0,1.246202808610968,-0.5108415547678611,1.5471847122227576,-0.5555113781319257
5.98528,35.83706,0,0.885709306511905,-0.8618359966351061,-0.883559530418752,-0.8564951722095024
1.58954,35.32383,0,1.1212317278832928,-0.7570555770188393,0.16776541000299983,-0.7253797126245292
7.16436,35.90425,1,1.1164251478553053,-0.19135519122616382,0.665531363225145,-0.4771311928887948
0.47399,35.7388,1,-1.0537457347810544,-0.7726182803056105,0.20040468475963216,-0.8213262866369455
10.32758,35.7502,0,-1.097004955032942,-0.6888738558434364,0.1509370044676017,-0.7835096327972164
5.15781,35.70478,0,0.8352402162180361,2.239737741246075,-1.3066515514792103,2.320252694868422
8.81591,35.56755,0,0.8712895664279425,-0.2590979877469004,0.1436281408350111,-0.28362255822925964
0.28518,34.8357,0,1.5177745801922622,-0.2988083023523573,1.462035060260252,-0.27300119135568685
-0.21746,35.8033,1,-1.183523395536717,-0.44478552321090886,0.05537410067587608,-0.6449462899884586
-1.68782,34.38297,0,1.5802601205560998,-0.5363877405971286,-1.6132040792228672,-0.6632341216748407
7.47328,34.66715,0,-0.37121137080682826,-0.5139813865756198,-1.756149438772145,-0.6687760513406844
8.92354,35.87365,0,0.6141375349306109,-0.2834479481942812,-0.24006693199651738,-0.35132677034425375
4.39464,36.67506,1,-0.22941725998119677,1.0144219381858344,-0.5094976179676813,0.633039745557993
6.15678,36.15048,1,0.6357671450565546,-0.7915465172780308,1.2979152404647305,-0.7816073507358372
2.79189,33.73747,0,0.7439151956862735,0.19102090923501797,-0.459607123080437,-0.277610184421325
0.51613,35.9648,0,-0.9071450439274353,1.1974984330875587,0.5423701169781572,1.2325097977372437
8.92523,36.65674,0,-0.7341081629198851,-0.06288649824241757,-1.2709656963646747,-0.14200416436296576
2.47275,36.49182,1,-0.950404264179323,-0.6834069392533778,-0.22234392889035015,-0.6979131887921136
9.40506,36.89628,1,-0.44090678121264715,0.5422375706206751,-1.1265042402542524,0.1379603013435396
10.96423,35.12514,0,-1.1186345651588858,-0.6408140220928377,0.7356315968836892,-0.7290765560585163
9.71635,37.30172,1,-0.7773673831717727,0.6301199765960767,-0.6150008070872628,0.38187687031288675
10.63587,34.73967,1,-1.097004955032942,-0.8094451392166911,1.5554753105137944,-0.8113593785390785
10.66702,36.84027,1,-0.9407911041233479,-0.6046645247572159,-0.7387927986200078,-0.593468044941637
4.21976,35.7356,0,-0.04436392890367774,-0.6596161418103054,-1.4168862918566907,-0.7602660020336064
9.65085,35.47058,0,-0.41927717108670337,-0.4527513313252702,0.19622802218017912,-0.5969835336858528
10.42538,34.93455,0,-0.9359845240953604,-0.7726182803056105,-0.22234392889035015,-0.7797396549813113
7.1113,34.47765,0,-1.0152930945571543,-0.8121336448267868,-0.883559530418752,-0.8269554842752088
7.20659,34.42096,1,-0.9912601944172168,-0.8094451392166911,-1.062294562487111,-0.7884303178009552
6.56157,37.02299,1,-0.5178120616604472,2.239737741246075,-0.6225385350231409,2.320252694868422
10.1037,36.72831,1,-1.056149024795048,-0.6509800609324297,0.4253253321113375,-0.5953041661775766
0.235,36.09231,1,-0.5947173421082473,1.1871417563950222,-0.44095224134052174,0.29741923411720667
7.85241,36.39756,0,0.6381704350705484,1.6197060870035558,-0.6161395068561084,1.2643464826404645
9.06236,34.65421,0,-0.18856132974330297,-0.6522855191670776,-1.5774144067037863,-0.4889503507709857
4.73745,33.16668,0,-0.29430609035902816,-0.6766151128527891,1.119180356337098,-0.5364861931236052
4.75991,35.70867,1,0.18394862242572887,-0.27638699512578435,-0.8047345664084101,-0.5107262836316401
6.8023,36.0906,1,0.7535283557422485,-0.19442438310045548,0.41558062442339505,-0.26701386887072237
8.94776,36.54683,1,-0.8855154338014916,-0.8247899895070685,0.6040603641796963,-0.8488496051962409
4.72954,33.68563,0,-0.20538435984125925,-0.7955663855340371,0.861620286288034,-0.7031800324137023
3.25363,33.41086,0,0.7367053256442923,-0.7118158727596351,-1.6946785136970595,-0.7920307628997267
7.51075,34.8075,0,0.3209361532233728,-0.31435113524941155,-1.722523399372379,-0.419521735061477
5.88876,34.43858,1,-1.1210378551728795,-0.6111476853615682,0.935253936248918,-0.6106125792837496
5.28124,34.29493,0,-0.7437213229758601,-0.8149761459571895,0.4253253321113375,-0.8449689054586297
4.54853,36.56655,1,1.3759804693666309,2.239737741246075,-1.7387954738072517,2.320252694868422
8.42998,34.31082,1,-0.7461246129898539,-0.6458371821575064,1.6915627297636557,-0.7026464814557698
-1.3542,33.64654,0,1.2630258387089244,-0.6127948336389066,-1.7191702488448006,-0.6878024889151535
4.8274,33.2871,0,-0.3087258304429907,-0.7423685203908622,0.31567048239501505,-0.7704356780728735
5.7552,35.3475,1,0.9481948468757426,0.3022449580831204,-0.12217178383603464,0.06168909972384524
6.04794,33.47834,0,-1.087391794976967,-0.7915465172780308,0.4253253321113375,-0.7587152547728717
10.42383,35.90327,0,-1.0513424447670605,-0.6365106323823055,0.15484885314732316,-0.6803110596662649
4.93199,34.29371,0,-0.5514581218563598,-0.5203476981200672,0.7255327190974465,-0.48785020362684317
8.91875,36.77628,1,-0.07560669908559654,1.1928155359962174,1.3705088671210823,0.7525624784988937
3.4093,34.70365,0,1.5514206403881747,-0.8287010282125248,-0.010969622065359003,-0.8381764010837188
6.96067,36.86416,1,-1.183523395536717,-0.8618359966351061,-0.883559530418752,-0.7662626413589115
3.30773,33.12764,1,0.6309605650285671,-0.5124079495332036,-0.06371611267009906,-0.5530186870537379
-0.02089,33.49658,0,1.6211160507939937,-0.5563889243235853,0.11050273285239116,-0.6586840695870672
2.84898,36.60463,1,-1.1715069454667484,-0.8452684910953331,-0.010969622065359003,-0.8704086057386067
9.76616,35.67723,0,-0.41687388107270956,-0.5466645324285858,0.8908305908949581,-0.40597502105873484
5.18069,35.12455,1,-0.21019093986924675,-0.5572883813244681,-1.3198544845954485,-0.6387588102477183
8.37501,36.36607,1,0.3209361532233728,1.926544365804491,0.8942595610446663,2.320252694868422
9.90106,33.26497,0,-0.45051994126862216,-0.49517245725543096,-0.18970465413371784,-0.4216088480355341
3.31617,36.0886,0,1.0058738072115927,0.5355564041422106,0.05485246167562277,0.36149365027160113
1.89039,35.26316,0,0.9890507771136364,-0.654259094049572,0.26642145849617077,-0.7541737876890373
10.30771,36.66489,1,-1.0921983750049544,-0.7212601712689046,-0.4472645762420555,-0.7571834085945803
2.7522,36.4725,1,-0.9864536143892293,-0.7570555770188393,0.16776541000299983,-0.7849602521718438
6.68391,36.23361,0,0.26806377291551026,-0.6679291776169504,-0.20471472020453477,-0.45842551076478183
4.17675,36.635,1,0.08541373185198496,2.239737741246075,1.5216507346595927,2.320252694868422
11.10867,33.48014,1,-1.1787168155087295,-0.732442841913378,-0.4976268541048551,-0.7410744790555198
7.66921,36.77705,1,-1.1715069454667484,-0.8384060150665126,1.2979152404647305,-0.8425817395600093
9.55974,37.26202,1,-0.7845772532137539,-0.34208011673908373,1.4370384034143078,-0.018776762968093986
6.41235,36.72334,1,-0.6932522326819913,0.3354426865344255,0.16048835362652228,1.0876341126386495
10.0278,36.49959,1,-0.8662891136895415,-0.7282680125385013,-1.1719493382330703,-0.7407370180318247
2.33397,34.1246,0,1.6956180412278001,-0.49592117229903826,0.8112580084252345,-0.5478009749874799
5.74923,36.66686,0,0.0733972817820162,1.681233872355567,-0.0073857579754167575,2.253643155198337
8.03622,35.34403,0,2.243568164418376,0.6990097025591834,1.0347819473817637,0.5705468841620757
9.18768,35.88737,1,0.8136106060920923,0.5601835262784779,1.70839128323978,0.2758864679746858
-1.12391,35.36986,1,-1.0032766444871855,-0.5618260896197507,-0.07244047317008148,-0.5893375602922818
3.25171,35.92389,0,1.383190339408612,0.05198892473357456,1.2694526282875513,0.12077306716216223
3.09944,36.60064,1,-1.075375344906998,-0.7055441200721081,0.29933679064771873,-0.7630275444728606
5.51412,36.59504,0,0.45552039400702304,-0.4612177926000581,1.4458204607974718,-0.48167294144816825
3.10381,36.70793,1,-1.145070755312817,-0.02380769285332221,0.9497544944590224,-0.2456666514035037
7.6981,36.69003,1,-1.116231275144892,-0.7356646061165195,0.6366996389363286,-0.7634271975168956
5.71615,36.42075,1,0.0998334719359475,1.772823432257002,1.3248132315226022,1.439242096923422
3.71464,36.48826,0,-0.3471784706668907,2.239737741246075,0.33198834448461795,2.320252694868422
3.0378,35.45403,0,0.48916645420293564,-0.7118158727596351,-0.07244047317008148,-0.6409363613124528
2.91898,35.89194,0,1.1428613380092367,0.3307739360437258,1.2870244359716372,-0.08330210293595043
7.31147,36.44005,0,-0.6043305021642223,-0.7090964369722593,0.11050273285239116,-0.489195234489907
10.07711,36.86549,1,-0.5178120616604472,1.9545677889316404,1.206173645628349,1.076756546729488
5.82139,35.9621,1,0.9169520766938238,-0.7877444399719243,-1.4985895166638075,-0.7654456163856621
6.25342,36.75201,1,-1.125844435200867,-0.8618359966351061,-0.883559530418752,-0.8564951722095024
3.33463,33.06904,1,0.6357671450565546,-0.578764255098073,-1.5568494622491034,-0.5857500138100845
3.25568,36.63084,1,-0.9936634844312106,0.5118605998815168,-0.04439357443326288,0.10181557702096883
1.31589,34.18101,0,1.4937416800523247,-0.6961677004273207,-1.3986794486057905,-0.7344697681233345
7.72967,36.88566,1,-1.116231275144892,-0.2511979799394708,-1.6346771578247579,-0.27585783030578875
-1.22112,34.42657,0,1.4961449700663185,-0.7423685203908622,0.31567048239501505,-0.7968774690949304
1.35669,35.33882,1,1.1428613380092367,-0.7458657555159275,0.861620286288034,-0.590488232295673
7.75438,34.97207,0,1.0875856676873803,0.39885184567878434,1.4015101421582579,0.3013441290328835
3.26663,36.62891,1,-0.8927253038434728,-0.08615809062334488,0.374963054248538,-0.06231005130382938
-0.49803,35.65197,0,-0.9287746540533791,-0.5668982974379598,-0.38092085350082044,-0.6597590528180239
6.1188,34.58791,0,-1.2267826157886046,-0.8452684910953331,0.861620286288034,-0.8602232647059838
5.8883,36.03839,1,1.032309997365524,-0.34313568271897676,-0.17287624859831968,-0.45842551076478183
1.60949,33.73004,0,1.880671372305319,-0.5124079495332036,0.5568967127560565,-0.5100791150723942
10.90165,35.36091,1,-0.9984700644591981,-0.4143408907699974,0.8410553418333512,-0.5996911313380595
4.73801,36.67859,0,0.700655975434386,2.239737741246075,-1.6403453588048218,2.320252694868422
3.25365,36.63091,1,-0.960017424235298,0.24614351091406428,-0.010969622065359003,0.022242498443598144
9.84992,34.8145,1,-0.8638858236755478,-0.7681172259766834,1.2979152404647305,-0.816160415328081
7.67972,36.79304,1,-1.125844435200867,-0.24583958266749203,-1.4046524074816347,-0.27585783030578875
6.32988,36.08361,1,0.6573967551824984,-0.7610612909183923,0.0807718248302965,-0.8002637113085306
-0.98572,35.61746,1,-0.5057956115904785,0.7373437638802901,1.2857527374900213,0.14555406102462795
9.72445,37.29974,1,-0.7533344830318351,0.9365430402588812,1.4287623033144294,0.42852671211142745
-1.18817,34.40285,0,1.5129680001642747,-0.7570555770188393,-0.18970465413371784,-0.7830307162414019
-1.54428,34.66638,0,0.7150757155183485,-0.2590979877469004,1.2221423676043393,-0.18621974940521296
4.20657,34.90899,0,1.1404580479952429,-0.471971970156676,1.6152978060482326,-0.44412069869287785
3.3279,36.75979,1,-1.185926685550711,-0.6458371821575064,1.4193875953824808,-0.5839722987484853
9.17777,36.91729,1,-0.823029893437654,1.0131326120396373,-0.10913273205914137,0.5803931236963777
3.72554,34.04409,0,0.270467062929504,-0.5042611517957211,0.991466382184893,-0.6870650792981075
0.83141,33.03281,0,1.169297528163168,-0.6961677004273207,1.3767401305047093,-0.5867241443554212
7.48223,36.7426,1,-1.125844435200867,-0.6826395947499344,-0.33760972652573307,-0.6467728129085187
5.43783,34.17029,0,-0.8398529235356103,-0.6395759773739665,0.24659030004297866,-0.7390615348859866
6.25493,36.73245,1,-1.1210378551728795,-0.7773588418573524,0.09868522765096345,-0.828668305151294
4.98591,33.83066,0,-0.38082453086280327,-0.5962666713932151,1.6995358472564668,-0.5918088592295064
3.73497,35.68375,0,0.2127881025936539,-0.35814649795286607,0.4382417410262881,-0.5746113793385098
9.84635,34.36201,0,-1.0705687648790105,-0.7935268707399993,-0.1470571892559465,-0.7712887741364444
10.58655,34.60085,1,-1.154683915368792,-0.7046686130179255,-1.5774144067037863,-0.7859392100226742
-0.36771,35.84166,1,-0.813416733381679,-0.052178204068143795,-1.279670528688811,0.13497350810420872
7.79569,34.54903,0,0.1983683625096914,-0.05471485088407122,-0.7336561486688464,-0.4051663418352165
7.96414,34.51451,0,0.1623190122997851,-0.4198891192904983,-1.6301608973085262,-0.5860743580736627
5.48792,36.57515,1,0.5949112148186608,2.239737741246075,0.7602069185416808,2.320252694868422
-0.25469,35.77309,1,-1.027309544627123,-0.7127333697786606,-0.883559530418752,-0.7583305340061802
8.33693,34.57701,0,0.33054931327934783,1.487734435105669,-0.8796749028326343,0.5963968095314098
9.61214,35.82644,0,0.05657425168405992,-0.7202873598004403,0.18833035445768267,-0.5192435082610468
6.76514,36.55581,1,0.40505130371315423,0.8637637436772568,-1.1910518146398223,0.48828599566288927
8.52942,36.06389,0,0.06618741174003494,-0.4841194327602587,-0.15887469445737423,-0.4963642194351055
10.01507,35.4649,1,-0.9071450439274353,-0.7955663855340371,0.861620286288034,-0.8068553195543757
1.9877,36.32851,0,0.2199979726356352,2.239737741246075,0.3496990685105183,2.17574783971867
4.94917,35.19273,0,-0.051573798945659,-0.5632008848114909,0.17751011769094227,-0.6569746686387807
-1.62455,34.58162,0,1.969593102823088,1.7595993388887992,1.611607276694767,2.320252694868422
1.00434,36.37798,1,0.2560473228455415,2.239737741246075,1.1523054684382656,1.3365600454802942
-1.65327,33.40119,0,1.5466140603601872,-0.8121336448267868,-0.010969622065359003,-0.8392373633143897
-1.42748,35.01902,0,-0.6596061724860788,0.16226564771064067,0.29077649641298897,-0.20462554748998593
6.83326,36.37049,0,0.9530014269037301,-0.2246439418842288,-0.24915922108232794,0.030320902707719498
5.88708,34.4384,1,-1.1114246951169044,-0.7935268707399993,0.9977080014193477,-0.6019101718972413
9.44751,36.10306,0,0.21038481257966016,-0.16867322667811957,-0.4002999050950295,-0.01967185518208225
3.2963,36.61575,0,-0.6211535322621786,2.239737741246075,0.07883749983644739,1.7710121355810406
4.56563,36.71558,1,0.8688862764139488,2.239737741246075,0.1392215783671878,2.0973271782930323
-0.00025,33.50375,0,1.6715851410878626,-0.6766151128527891,-0.2685295441736967,-0.6538036918805117
8.06746,33.40634,0,-1.1138279851308983,-0.8287010282125248,-0.883559530418752,-0.8020090566831459
3.05277,35.33597,1,0.573281604692717,-0.6046645247572159,0.13379718370374827,-0.62272728648188
-1.04697,33.99651,0,1.5730502505141186,-0.8149761459571895,1.2979152404647305,-0.7925566436492217
5.01394,34.55325,0,-0.6620094625000725,-0.4395586024598055,0.4561552917876811,-0.5211041460164326
1.35744,35.33838,1,1.1428613380092367,-0.7458657555159275,0.861620286288034,-0.590488232295673
5.0557,35.97606,0,1.363964019296662,-0.29662296278569683,1.6853214064106534,-0.4678476229569338
9.67762,33.53305,1,-0.7557377730458289,-0.8287010282125248,0.861620286288034,-0.7708614238993728
10.59472,36.63865,1,-1.0729720548930044,-0.8021013006702323,-0.556919425958378,-0.820562678684108
1.6265,36.4801,0,-0.06118695900163402,2.239737741246075,1.2366852368621102,2.320252694868422
5.13115,35.17843,0,-0.18135145970132172,-0.6766151128527891,0.24659030004297866,-0.7568033181005052
6.68502,33.51922,0,-1.0393259946970919,-0.6458371821575064,-0.8409121395113438,-0.7150578216506648
6.05766,33.60361,0,-1.1667003654387609,-0.8287010282125248,0.861620286288034,-0.8564951722095024
9.78387,36.81593,1,-1.1282477252148608,-0.8121336448267868,-0.010969622065359003,-0.8062330897278844
10.74377,33.22458,0,-1.0200996745851418,-0.6961677004273207,-0.010969622065359003,-0.7322258732740601
-0.19049,35.79929,1,-1.154683915368792,-0.29856508009571187,0.005364217622663428,-0.47879856953910993
-0.25753,35.77327,1,-1.027309544627123,-0.7127333697786606,-0.883559530418752,-0.7583305340061802
2.52311,35.7691,0,0.6333638550425609,-0.4751502707907409,-1.660496069226405,-0.552872629396556
10.60466,34.81142,1,-0.9480009741653292,-0.7570555770188393,-1.5774144067037863,-0.6873105681894376
9.11558,36.85121,1,-0.344775180652897,2.239737741246075,0.041690767036786786,2.320252694868422
3.27113,36.62284,1,-0.9215647840113979,1.3764505734373098,-0.13022878372054836,0.7858985273032065
2.44352,34.6392,0,1.0923922477153678,-0.7789992891133342,-0.3684396862020767,-0.6925385963341996
9.996,35.76985,0,-1.0994082450469358,-0.8247899895070685,-0.2685295441736967,-0.8236747918702857
6.74669,35.88507,1,1.373577179352637,1.855536124348807,0.3612390369097693,1.7682039104236449
2.19532,35.7217,0,0.767948095826211,-0.4395586024598055,0.9712751360043564,-0.36905516939689337
6.09605,36.66448,1,0.7463184857002673,1.530651746848685,-0.5421093757492577,0.9584858169860149
7.97303,36.45691,0,0.14789927221582258,0.6417819874302731,1.4329567187810155,0.10083356516054044
9.95646,33.0167,0,-0.4577298113106034,-0.7356646061165195,-1.5312287914204397,-0.4926397351031896
0.3134,34.11663,0,1.2149600384290493,-0.7726182803056105,0.20040468475963216,-0.7695889292827067
3.51201,36.7186,1,-0.7028653927379663,2.239737741246075,0.2354815788603296,1.1043744762543264
10.45896,36.40821,1,-1.087391794976967,-0.8121336448267868,-1.756149438772145,-0.7241663982399358
8.58992,33.96479,0,-1.1522806253547984,-0.6986714470897822,0.6292934303059596,-0.7974326725586998
-0.83357,35.33433,0,-0.5514581218563598,-0.3516590096055543,0.1163705058719734,-0.06225122291618046
8.28284,36.36486,1,0.5540552845807669,2.239737741246075,-0.590795707096354,2.320252694868422
7.24073,34.57146,1,-0.8374496335216165,-0.7423685203908622,1.1882603907484082,-0.7247718943456342
5.88722,34.43877,1,-1.1114246951169044,-0.7935268707399993,0.9977080014193477,-0.6019101718972413
9.37265,36.96191,1,-0.2774830602610719,2.113372564014971,-0.32321716504568676,1.2389015442766291
5.45626,36.56334,1,0.39303485364318547,2.239737741246075,0.42345491751116665,2.320252694868422
6.06721,33.38638,0,-1.0633588948370294,-0.7557539501551984,-1.2583835225351816,-0.7899565415053553
2.90065,36.60945,0,-1.145070755312817,-0.7090964369722593,-1.0050318853365021,-0.7941526873610684
9.22069,36.95035,1,-0.7845772532137539,1.5719449295636527,0.33750505416114823,1.0146195830050697
6.491,34.94064,0,0.719882295546336,0.5294273273677336,-1.1735855996489952,0.553414368825478
-0.77631,34.73798,0,0.9698244570016864,-0.2554737279369072,0.5223571393725795,-0.37949250756307445
0.7856,36.21689,0,-0.40245414098874704,0.5436858598846083,-0.23931923956677256,0.9238622990663617
4.22871,36.8701,1,-0.22941725998119677,1.99095954680325,0.7000190094137582,1.9488301415000082
-0.17742,34.46407,0,1.500951550094306,-0.7423685203908622,-1.2101996718643075,-0.6817393932150928
10.53761,35.20502,0,-0.9552108442073105,-0.44478552321090886,-1.68980571603091,-0.4160983169660648
7.67282,33.84257,0,-1.1306510152288545,-0.8287010282125248,-1.756149438772145,-0.7208762025171275
5.46988,36.18557,1,1.443272589758456,-0.5050290081827404,1.522836035757162,-0.4065824452718753
1.37732,33.09435,0,0.9385816868197676,-0.7423685203908622,-0.33760972652573307,-0.536069046374822
5.92403,36.69563,1,-0.842256213549604,1.7618086904486538,0.05165146818484546,2.0030925455456416
1.14539,36.06768,0,-0.9912601944172168,-0.7877444399719243,-0.6259996083104143,-0.8008414398523076
9.53567,35.61836,0,-0.020331028763740204,-0.3151023321527805,0.32967188859523444,-0.3646594784947018
1.57581,33.8759,0,2.164259593956582,-0.6030691542791556,-0.396902298379256,-0.6132777867197844
4.73818,36.23956,0,0.3545822134192854,1.1496868938944933,0.6223671413910818,1.7231570155245446
7.2895,34.84313,0,0.37380853353123544,-0.15074358924824985,-1.5159434816287007,0.655455669351649
3.00471,36.51352,1,-0.8590792436475603,0.3197689975814363,0.1628494876151901,0.042045203333270775
8.05941,34.35864,0,-0.003507998665783926,2.239737741246075,-1.689142053933594,2.320252694868422
0.13837,35.96401,0,-0.8158200233956727,-0.7877444399719243,-1.1411194895122712,-0.726909504031386
4.4404,35.88152,1,0.4867631641889419,-0.19217221945971158,-1.6734398471756853,-0.46773142985443866
1.79259,35.1679,0,1.9047042724452568,1.4160575806301863,-0.3098019000023034,1.4447966226196356
2.82342,36.10549,1,0.6646066252244797,0.6123116400620594,-1.6306272804475785,0.8747783693968509
11.02414,35.52398,1,-1.154683915368792,-0.7789992891133342,-1.756149438772145,-0.7483542668466417
3.53213,36.44759,1,0.33054931327934783,2.239737741246075,-0.9786650754557178,2.320252694868422
5.47471,36.24282,1,1.609099600724025,-0.27219122505916843,1.3642589632059656,-0.36159522318704085
3.32887,36.75875,1,-1.185926685550711,-0.6458371821575064,1.4193875953824808,-0.5839722987484853
9.29577,36.85648,1,-0.364001500764847,0.46357899644958767,-0.35874335513157124,0.27141449720142796
9.68364,33.53222,1,-0.7509311930178414,-0.7557539501551984,-1.2583835225351816,-0.7182326968451489
5.92037,33.96753,1,-1.183523395536717,-0.7773588418573524,0.7519654365717116,-0.7538024651580016
4.34206,33.7592,0,0.15030256222981633,-0.5577390870571908,0.5769838086654137,-0.6219883287493695
4.67255,36.58525,1,-0.9672272942772793,-0.8287010282125248,-0.010969622065359003,-0.8322627372288638
4.17516,36.62594,1,-0.28469293030305315,2.239737741246075,-0.28115258662877707,2.320252694868422
1.58871,33.26752,0,1.2053468783730743,-0.8149761459571895,1.2979152404647305,-0.7448402980703364
9.68154,37.31606,1,-1.056149024795048,-0.16336328771798778,-0.06371611267009906,-0.01637577662050912
7.70147,36.79505,1,-1.1618937854107734,-0.5841459818518117,1.5659551356697625,-0.6578277506285748
1.19778,36.40807,1,-0.8014002833117102,-0.15074358924824985,-0.6433535732753076,-0.1380378362479496
8.50489,36.59296,1,0.6093309549026233,2.239737741246075,-0.26769678582644035,2.320252694868422
9.78238,37.29345,0,-0.9480009741653292,-0.3357913012656951,-0.28417353625588215,-0.1661273498908118
6.7585,36.3162,0,0.5204092243848544,0.21811872276404587,0.37714148144046367,0.025546289434939598
8.2791,36.36565,1,0.5540552845807669,2.239737741246075,-0.590795707096354,2.320252694868422
8.44287,35.23487,1,1.5081614201362872,-0.5402030105390307,0.746354340711925,-0.5308277185108428
-0.24314,35.21357,1,0.1623190122997851,-0.2834479481942812,-0.6544622204875936,-0.4455522551366272
-1.20312,34.09069,0,1.7052312012837751,-0.6275552912693356,0.7827953962480552,-0.7150578216506648
3.04283,33.14238,0,0.6141375349306109,-0.8021013006702323,0.31567048239501505,-0.8304355422859543
-0.58122,35.20459,1,-0.017927738749746448,-0.5563889243235853,1.340562705342502,-0.663453123717952
6.94165,36.8445,1,-1.176313525494736,-0.7610612909183923,-0.9753009773144076,-0.7985538740731587
10.07435,37.22686,1,-0.9383878141093541,0.525912765759207,-0.004356671608375789,0.5553654446715411
7.24298,34.57126,1,-0.8278364734656415,-0.7136565285402676,-1.1411194895122712,-0.7188165052605681
4.41605,33.4656,0,0.104640051963935,-0.27638699512578435,-0.28961464822137173,-0.5017658757660934
5.79916,36.48253,1,-0.05638037897364651,0.7911720756936161,0.2540297953367217,2.320252694868422
5.92284,35.58862,0,1.8013628018435253,2.239737741246075,0.27273068664245625,2.320252694868422
5.36064,33.78571,0,-0.6211535322621786,-0.7423685203908622,1.1882603907484082,-0.816160415328081
9.79926,36.81503,1,-1.1282477252148608,-0.6299095369044024,-0.010969622065359003,-0.2737141126008408
2.9271,36.14429,1,1.0010672271836052,-0.31310139476641347,0.039392655797440536,-0.18976431457260648
10.35926,35.2061,0,-0.8638858236755478,-0.38383259862619873,0.12511809306595462,-0.47570746146502935
1.32965,34.9171,0,1.462498909870406,-0.47942918315937344,-0.8353756797478782,-0.5870495582260475
-1.08442,33.66509,0,1.2534126786529494,-0.44478552321090886,-0.07731334480659409,-0.5640107572121605
3.35848,36.77132,1,-1.084988504962973,-0.5921658634857307,0.44946260127932625,-0.5090460154016392
-1.59454,34.97807,0,-0.7365114529338789,0.3931237133488081,0.9870604114799741,0.2478929374906192
8.95015,36.54484,1,-0.8783055637595103,-0.7624323943437369,-0.010969622065359003,-0.8140626414679847
-1.72525,35.09163,1,-0.539441671786391,1.5983447200347058,1.6747859555416689,0.685986307753956
-1.48203,35.15122,0,-1.0825852149489794,-0.21525959579982756,0.11821754583741938,0.49338892200434714
5.97426,35.17151,0,1.5658403804721372,2.239737741246075,1.0905709869596203,2.320252694868422
0.03344,33.23702,0,1.7196509413677377,-0.732442841913378,-0.396902298379256,-0.7957774908361114
1.43912,33.77954,0,2.183485914068532,-0.39544280063786996,1.574193067062305,-0.46230672067680745
3.75758,33.73485,0,0.5756848947067108,-0.7506998056225674,-0.6259996083104143,-0.7127857088786066
5.78825,36.44619,1,0.13828611215984754,1.7647675636565385,1.7064579938310136,1.1049340496258384
4.70601,34.61859,0,0.5396355444968044,0.956338353718106,0.8212904608254551,0.10705282348963273
0.01675,33.65059,0,1.481725229982356,-0.6986714470897822,-0.24329662598815946,-0.592305607260716
2.32722,33.84636,0,1.306285058960812,-0.19135519122616382,1.538121271578538,0.07666224731552712
-0.33245,35.82771,1,-1.0152930945571543,-0.5402030105390307,-0.1262354197007419,-0.5951367445269854
7.73369,36.8864,1,-1.075375344906998,-0.09164269046420549,1.460630511006592,0.11017213541272011
2.33021,36.30513,0,-0.19577119978528423,0.9372913209770303,-0.26397637244630134,0.6125849181395883
9.50921,37.23254,1,-0.49137587150651596,2.239737741246075,-0.5207738080522835,1.9069083006249907
4.54563,35.58704,0,-0.2029810698272655,-0.7773588418573524,1.6245553449251047,-0.8100446274071215
1.66988,36.23466,1,-0.8278364734656415,-0.8121336448267868,-0.883559530418752,-0.8322627372288638
0.81304,36.21507,0,-0.549054831842366,1.5560004697106633,-0.6462522498922852,0.8743106696412651
8.75781,36.06596,0,0.24883745280356023,-0.3770002868882474,-0.9597008496575128,-0.47029510906355976
7.7301,36.4564,1,-0.6716226225560475,0.14439619537999188,-1.3327709304955806,0.5793023496876836
8.12693,33.2904,0,-1.0994082450469358,-0.8452684910953331,0.861620286288034,-0.7957774908361114
10.39856,35.04812,0,-0.9455976841513355,-0.8094451392166911,0.6828852542196752,-0.7646341646280848
-1.75563,34.85968,1,-0.08521985914157156,0.14845478064828052,-0.856261433667124,0.3663788271360963
3.08433,33.36382,0,0.7799645458961798,-0.8384060150665126,0.4253253321113375,-0.7802034351900167
2.77109,34.67481,0,1.1428613380092367,-0.5506059428928758,-0.6392234380542153,-0.6569746686387807
8.56902,34.6966,0,0.19115849246771013,-0.7118158727596351,0.8001494351833115,-0.7859392100226742
9.88232,34.07121,0,-0.9624207142492918,-0.20851960924501103,1.649412345725604,-0.15742001668237116
1.68476,34.29351,0,1.6211160507939937,-0.44775469613680446,1.5765604145614693,-0.6208837624392649
5.91541,34.75193,0,-1.077778634920992,-0.615564635667821,-1.3462873130252582,-0.7053301677609393
6.05666,35.43114,0,1.7557002915776438,1.4714015641999754,1.6199517254101068,0.9478187947800178
6.68883,36.26625,1,0.270467062929504,0.1384132380989843,-0.5518231638254438,-0.3673672731797858
2.94836,35.90083,1,1.3279146690867558,2.239737741246075,1.7028000114372919,1.6540694074305222
2.63009,34.67763,0,1.0467297374494866,-0.679602434378192,-0.883559530418752,-0.7122223778086488
9.65117,34.90916,0,0.14789927221582258,1.5133494615200762,-0.4092012027034359,0.5648473422681746
1.87157,33.75832,0,1.6115028907380187,-0.5124079495332036,1.681463704036687,-0.4515494011179025
4.32319,34.52741,0,0.45071381397903554,1.3023318171423022,1.037684544427983,0.9340312221585619
1.76097,34.67931,0,1.2630258387089244,-0.8247899895070685,0.6040603641796963,-0.8093959036955227
10.27856,34.70784,0,-0.8686924037035353,-0.6246453262103798,-0.7662954973958418,-0.705871740771733
7.46223,34.74487,0,0.36900195350324794,2.13080638791095,0.5223571393725795,1.504314963109722
0.95597,36.20462,1,-0.27507977024707814,1.7133501304157164,1.4164024474110934,1.2981807431487895
3.45881,36.4783,1,0.33054931327934783,1.5944687996448774,1.568391719428745,2.0049691992591963
8.08938,36.78808,0,-1.183523395536717,-0.8287010282125248,-0.883559530418752,-0.8351306246451926
3.84999,35.52713,0,0.3065164131394103,-0.7423685203908622,-0.556919425958378,-0.5575784500476068
8.36038,36.45784,1,-0.44571336124063465,0.9469153526679165,0.4002548528430658,0.5723752366731393
6.53491,35.44864,0,1.6451489509339312,0.7911720756936161,-0.6185601869870343,1.2435238229877075
6.75673,34.6913,1,-1.0008733544731918,-0.7935268707399993,-1.6200618715815576,-0.7717177428578652
-0.58539,33.34639,0,1.5153712901782685,-0.7624323943437369,-0.010969622065359003,-0.8031934776036621
6.37099,35.14904,0,2.5848353464054887,1.729272998088779,-1.1190995110311444,2.320252694868422
-0.94354,35.56828,1,-0.7845772532137539,0.35739870710217597,-1.6346771578247579,-0.002436432388429786
9.41097,34.72109,0,-0.4985857415484972,-0.5453616801466876,1.3184801849194134,-0.6963619067278548
6.40891,36.20941,0,0.4411006539230605,-0.21886908854423875,-0.7682937327833691,-0.3237125000014223
6.96265,36.88063,1,-1.1138279851308983,-0.4270817660425998,-0.49220748942610315,-0.20448312086725698
5.45285,36.21991,1,1.61871276078,-0.07530442151353023,0.07116189114383754,0.26153177843727277
2.7344,36.50412,1,-1.0585523148090419,-0.5901387114556309,-1.3919052797425322,-0.6870650792981075
2.00975,36.21368,0,-0.09723630921154032,1.9066011335034696,0.24805979527539956,1.9678639678073757
3.52762,35.16084,0,0.6285572750145734,-0.8021013006702323,1.1882603907484082,-0.8414379566704349
1.22131,36.17415,0,-0.9768404543332543,-0.7652329869453198,1.434002955596044,-0.7752101998661032
9.54363,33.74736,0,-0.27988635027506564,0.3655153812668009,0.43061584041765016,0.4133620485630168
8.38362,33.6675,0,-1.1594904953967795,-0.8452684910953331,0.861620286288034,-0.8295447953505992
5.5012,34.42292,0,-0.9143549139694166,-0.7773588418573524,1.6245553449251047,-0.7915078587540565
2.84866,34.21108,0,1.529791030262231,-0.8094451392166911,-1.062294562487111,-0.6976537387140496
10.63516,34.68793,1,-1.0825852149489794,-0.7282680125385013,1.4458204607974718,-0.7638281734959638
9.8122,36.82769,1,-1.1282477252148608,-0.8121336448267868,-1.756149438772145,-0.817595553548064
8.2125,36.67105,1,-1.0008733544731918,1.2197200126498098,0.6453518043619708,1.0247105936680774
10.06866,36.85104,1,-0.9143549139694166,1.5560004697106633,1.6623219493671535,0.7268151228159675
10.53066,35.32265,1,-1.0393259946970919,-0.7193212183300857,-0.3555231293464,-0.7874261890000507
10.6097,36.78497,0,-1.0489391547530669,-0.7252205989836185,-1.6200618715815576,-0.7979914577987027
9.77732,36.80476,1,-1.1210378551728795,-0.7557539501551984,0.36385433306588894,-0.730958388921988
7.14943,36.2881,0,0.38342169358721045,0.9375906332642898,1.600591314347387,0.530715843590676
8.16742,35.234,1,1.3134949290027933,-0.6729474049853428,-1.388934666947485,-0.43218897874264484
6.92821,36.03253,0,0.8496599563019986,-0.44676263474356365,-1.4787583582106154,-0.605705756950306
5.89041,36.03899,1,1.032309997365524,-0.34313568271897676,-0.17287624859831968,-0.45842551076478183
2.22907,33.37904,0,0.9818409070716552,-0.6912704792339341,1.1433177734458126,-0.7523276177763557
10.15419,36.67402,1,-1.0489391547530669,-0.6509800609324297,0.4253253321113375,-0.654013728927706
5.30438,36.33723,1,1.4769186499543685,0.7554919911086705,-0.3627713372812867,0.9970808421706016
3.10424,34.38928,0,1.5129680001642747,-0.19874511480607243,-0.9113118051995285,-0.3626146712941549
2.05306,34.44164,1,1.5898732806120748,1.3096552889270916,1.6154765184453699,0.8372088158959127
6.95519,35.6809,0,0.8136106060920923,-0.7610612909183923,-0.9753009773144076,-0.822881980830278
-0.21048,33.40662,0,1.5538239304021686,-0.5108415547678611,0.6745948038693647,-0.5538962996367549
2.54861,34.77095,0,0.9794376170576614,-0.7412253214939464,-0.728961841488745,-0.6336870713959805
7.16579,34.47139,1,-0.9816470343612418,-0.8149761459571895,-1.3198544845954485,-0.8087527531995959
10.63625,34.73766,1,-1.097004955032942,-0.8094451392166911,1.5554753105137944,-0.8113593785390785
2.02707,34.22291,1,1.7629101616196252,-0.08898393614800301,-0.4640929817774537,-0.25914578312933434
4.59068,36.64349,1,2.0032391630190007,2.239737741246075,0.7110155915260181,2.320252694868422
4.84021,33.81683,0,-0.33516202059692196,-0.6623486383846771,0.9078059015713805,-0.7630275444728606
2.22072,33.38098,0,0.9746310370296739,-0.7412253214939464,-1.0381572193487592,-0.8140626414679847
4.93543,36.47992,1,0.2296111326916102,2.239737741246075,-0.14032100417411617,2.311939216307913
10.12622,35.07672,0,-0.7677542231157977,-0.5432020898750547,0.5911438073240197,-0.4000425863038734
2.75627,36.47402,1,-0.9840503243752355,-0.6857291223626484,-0.4842436921990369,-0.7393950833996897
8.28207,33.48171,0,-1.135457595256842,-0.8121336448267868,-0.010969622065359003,-0.816160415328081
2.75922,36.67131,1,-1.106618115088917,1.2973318624664052,0.16107286743537105,0.7871150645827214
4.59065,36.54503,1,-0.4240837511146909,1.807395738737318,1.0748945958584175,2.320252694868422
6.48286,36.95213,0,-0.8734989837315228,0.9389364217200652,0.8259943841527535,1.491821952787189
10.71589,34.70324,1,-1.1787168155087295,-0.8247899895070685,1.119180356337098,-0.8031934776036621
2.02778,35.94593,0,1.7605068716056314,0.41343053810491676,0.8255990865325955,1.5436618657540588
2.21084,34.95197,0,0.9433882668477551,-0.6522855191670776,0.16776541000299983,-0.7002646213710593
1.35599,36.13626,1,-0.823029893437654,-0.04011239465072065,-1.573876182327848,-0.438983488630771
8.83392,36.53128,1,-0.8759022737455165,-0.679602434378192,-0.010969622065359003,-0.7830307162414019
2.81961,33.97481,0,1.2437995185969744,-0.4970471920729162,-0.9087925225746523,-0.5398416067287974
9.18866,35.89251,1,1.0154869672675677,0.312489826993393,-1.4143234037027943,0.5418897469472862
4.69741,36.31348,0,1.0659560575614366,2.239737741246075,0.33791070763213366,2.320252694868422
3.76291,36.37607,1,0.5420388345107982,0.24810914384532132,-1.1596295742665093,0.6345699591781583
5.29721,34.66557,0,-0.8638858236755478,-0.6679291776169504,-0.20471472020453477,-0.7069598689103607
6.53806,35.78445,0,1.1668942381491743,1.5377893273373242,-0.40420480056062397,1.1457045429561712
3.30798,33.13456,1,0.6045243748746358,-0.8287010282125248,-0.010969622065359003,-0.7075064381119714
3.78936,33.81593,0,0.5204092243848544,-0.6912704792339341,1.1433177734458126,-0.7476442447995394
10.10734,35.98703,1,-1.046535864739073,-0.8094451392166911,0.16776541000299983,-0.796325762964733
-0.05041,35.25169,0,-0.33996860062490947,1.3901489502059714,0.22300455390191687,0.7193482523078558
9.828,33.68694,0,-0.8470627935775915,-0.8149761459571895,-0.4472645762420555,-0.6907802327159058
2.81177,36.61908,1,-1.1715069454667484,-0.8618359966351061,-0.883559530418752,-0.8843220392677109
8.46247,33.69602,0,-1.1618937854107734,-0.8384060150665126,-0.4472645762420555,-0.8449689054586297
9.32325,36.83923,1,-0.010717868707765187,0.4448994030462298,-0.3220206204529333,0.8052867876092702
5.68143,36.54861,0,1.013083677253574,2.239737741246075,-0.13902637487995373,2.1256298815091257
7.2356,34.57253,1,-0.813416733381679,-0.6729474049853428,-1.6082443663801298,-0.5995211482600634
6.67536,36.85657,0,-0.2534501601211343,2.239737741246075,1.5275680678224208,2.273598194649711
0.88815,35.84889,0,-0.842256213549604,0.23328027995521072,1.5899839642855147,0.4144431398131696
1.45267,33.67803,0,2.1786793340405444,0.50383538224911,1.197580064730245,0.22430889021015463
10.69137,35.06636,0,-0.9480009741653292,-0.6263870023213914,-1.3752212273706328,-0.7083294866617552
6.03114,33.87043,0,-1.2171694557326296,-0.7935268707399993,-0.7474719632281646,-0.82209927476212
2.54322,33.41206,0,0.9481948468757426,-0.5305402928591091,0.34650044207135866,-0.6192355261256011
6.95872,36.87411,1,-1.183523395536717,-0.6616620163699825,-1.1205545080724069,-0.7167821126549638
0.48421,33.818,0,1.5730502505141186,-0.8094451392166911,-1.5774144067037863,-0.726909504031386
1.97692,33.20779,0,0.7967875759941361,-0.7935268707399993,0.12511809306595462,-0.6641114527823188
8.13703,36.58035,1,-0.18375474971531547,0.9495916661419329,-0.407907313112904,0.6061373268532673
10.66946,34.86531,1,-0.9480009741653292,-0.7624323943437369,0.861620286288034,-0.6676563275728052
-0.21492,35.80402,1,-1.193136555592692,-0.5402030105390307,-0.5489841073210873,-0.49338178906662894
4.29358,36.79796,0,-0.21980409992522176,1.6077916710315956,-1.6559091670134574,0.4572605232630378
4.78172,35.62782,0,-0.09723630921154032,-0.7789992891133342,-1.756149438772145,-0.8002637113085306
10.63405,34.73972,1,-1.097004955032942,-0.8094451392166911,1.5554753105137944,-0.8113593785390785
6.75142,36.83382,1,-0.2582567401491218,1.5885885293115096,1.1758718343442074,2.213659442294589
10.87232,33.48186,0,-1.1618937854107734,-0.7773588418573524,-0.9932143801350745,-0.8295447953505992
5.95729,36.71687,1,-0.3087258304429907,2.239737741246075,-0.8952002464524819,2.320252694868422
10.22559,35.08541,0,-0.8638858236755478,-0.6395759773739665,1.4766501245923633,-0.7045208552174582
5.58359,35.53309,1,0.48435987417494814,-0.2618305773910131,-0.2822429097801857,-0.3074595957241684
3.2739,36.62035,1,-0.6403798523741286,0.7302285201295063,-0.7139303979830056,1.5617134550205667
0.3111,34.07329,0,1.2822521588208744,-0.7610612909183923,0.0807718248302965,-0.816160415328081
7.39317,36.617,0,-0.10444617925352159,0.6124035929662299,-0.9271614348910028,0.3904856307875731
10.16147,35.20171,0,-0.8638858236755478,-0.29856508009571187,0.22467376911458223,-0.5787011907724808
1.54288,35.721,0,0.4627302640490043,1.513963721811094,1.1466751402840851,1.2919630610827155
8.81076,34.85825,0,0.2969032530834353,-0.7423685203908622,-1.4295092973265895,-0.7312742748456196
4.47881,35.70778,1,-0.06359024901562778,-0.7935268707399993,-1.6200618715815576,-0.6756205372107583
7.1667,36.54636,1,-0.04917050893166525,2.239737741246075,-0.20135690954408403,1.6410141215713028
-1.29977,34.89267,1,0.426680913839098,0.3171167581471082,0.20474452595998122,0.11439697066274472
0.75636,34.96957,0,0.8616764063719675,-0.24895965266689832,-1.383669345549792,-0.03156363375333259
4.59377,36.53276,1,-0.5802976020242848,1.598990251758721,1.0039996246192264,1.150276831611525
3.13648,36.60124,1,-1.056149024795048,-0.8452684910953331,-0.883559530418752,-0.7825540444530108
9.34252,36.88251,0,-0.4288903311426784,0.4752071298980371,0.4739297782665336,0.1510375422948003
1.26162,35.45155,0,0.866482986399955,-0.18243271924341278,-1.3007066273709633,-0.08179305627631714
4.85591,35.90161,0,2.3060537047822134,-0.6912704792339341,-1.1652567956654416,0.05259040292599286
9.3684,35.31115,0,-0.2582567401491218,-0.6912704792339341,1.4525127074836484,-0.6902807684457449
5.50736,33.52787,0,-0.7797706731857664,-0.679602434378192,-1.756149438772145,-0.7380654492486086
4.41437,36.6673,1,0.06859070175402869,0.5595157819095957,-0.8641892073273832,0.6501662936131641
7.68706,36.79514,1,-1.0609556048230355,-0.09752469809940643,-1.7079656620716344,-0.028787271626950633
9.35972,33.83486,0,-1.135457595256842,-0.8094451392166911,0.16776541000299983,-0.8008414398523076
3.38421,35.78942,1,0.5131993543428731,-0.6616620163699825,-1.5191544611184902,-0.7779047370533008
10.17916,36.24233,0,-0.7845772532137539,-0.6439399244626839,-1.6713515158859589,-0.7111011903679668
4.9141,35.17142,0,0.06378412172604118,-0.5668982974379598,-0.5136082989832906,-0.6542239630077777
1.35498,35.34039,1,1.1428613380092367,-0.7458657555159275,0.861620286288034,-0.590488232295673
5.48735,34.95446,0,-0.7389147429478726,-0.8121336448267868,-1.756149438772145,-0.8437577584356865
0.97201,34.44288,0,1.1741041081911554,-0.7127333697786606,0.861620286288034,-0.793617553103229
11.11035,33.4825,1,-1.1787168155087295,-0.732442841913378,-0.4976268541048551,-0.7410744790555198
3.16353,35.89484,0,1.6163094707660062,-0.13910211580358134,-1.078391697013362,0.7915682327899747
4.59456,36.53665,1,-0.5778943120102911,2.239737741246075,0.8533708155188551,1.384314284703616
9.77817,37.05247,1,-0.8783055637595103,-0.6496826377187601,1.2364440934785559,-0.12441419498040147
3.23554,36.05166,0,1.188523848275118,1.75230564942115,-0.2029286318182449,0.47507094428773905
2.75316,36.63582,1,-0.8759022737455165,0.05198892473357456,1.427102408367509,-0.15708720000506934
2.7854,36.28754,1,0.6670099152384734,1.026413291810407,0.4390388456585526,2.320252694868422
9.78104,36.80294,1,-1.0946016650189483,-0.6686380898346296,-0.311177009051468,-0.6737735791665674
5.75828,34.3042,0,-1.0633588948370294,-0.8094451392166911,0.16776541000299983,-0.7438032436682586
-0.59424,35.50997,1,-0.960017424235298,-0.7446884232914767,-0.4472645762420555,-0.8008414398523076
1.08878,33.58856,0,2.2099221042224633,-0.4312004743636153,0.6423107347961152,-0.22928150991803228
6.58309,36.04049,1,0.6477835951265234,-0.8247899895070685,0.6040603641796963,-0.7797396549813113
11.10927,33.48083,1,-1.1787168155087295,-0.732442841913378,-0.4976268541048551,-0.7410744790555198
8.1333,36.58612,1,-0.3688080807928345,0.2666084301369925,0.32695983920424077,0.7634949884332661
-0.16137,33.01874,0,1.5225811602202497,-0.6596161418103054,0.32829367279082156,-0.7105433058496886
8.99464,33.33172,0,-1.0441325747250794,-0.7252205989836185,-0.7474719632281646,-0.756424353508586
6.04258,36.8427,1,-1.1306510152288545,2.239737741246075,-0.0743450620779831,1.7888500286183473
11.10785,33.48055,1,-1.195539845606686,-0.7624323943437369,-0.883559530418752,-0.7738875814928314
10.10582,36.73095,1,-1.0946016650189483,-0.5782800752818147,0.9266751494234249,-0.5632561775872361
3.27164,36.56494,1,0.2920966730554478,2.0072589126021607,-0.04584132237894605,2.301763087441915
6.7501,36.17648,1,0.8256270561620611,-0.6826395947499344,-0.556919425958378,-0.44909614476272713
5.66926,36.69293,1,0.8136106060920923,2.239737741246075,1.0989272709330486,2.320252694868422
7.3045,34.62503,1,-0.6355732723461411,-0.2908363206118388,-0.5971679579919611,-0.4943733992429369
4.47114,36.88756,1,-0.33035544056893446,2.239737741246075,-0.20139123179254087,2.320252694868422
4.43965,35.88388,1,0.5492487045527794,-0.13570277453449112,-1.5212507072370633,-0.32630838001220386
-1.59952,34.28628,0,1.3615607292826684,-0.6496826377187601,-1.3813254836408972,-0.7144869329624852
6.42237,34.95592,0,1.2197666184570368,1.0203564371549951,-0.9176268770044953,2.320252694868422
10.64288,34.68779,1,-1.116231275144892,-0.5942084030463531,0.6502459794630429,-0.6925385963341996
10.87383,33.10946,0,-1.065762184851023,-0.678851051335341,0.9119825641508336,-0.6958476509181201
3.00888,36.67811,1,-0.7317048729058914,0.17694100857449083,-0.3719778366076519,0.006083325520827919
-0.46402,35.63993,0,-0.539441671786391,0.48542382970001446,-0.33572022757189435,0.15056995512943008
9.20221,33.18167,0,-0.9119516239554228,-0.8094451392166911,0.16776541000299983,-0.8190622522128563
9.78949,36.81325,1,-1.1282477252148608,-0.8287010282125248,-0.010969622065359003,-0.7738875814928314
6.34678,35.68811,1,0.8280303461760549,-0.6206304526971439,1.579612431741057,-0.6471806428169613
-0.26751,35.80706,1,-1.084988504962973,-0.40976949122844997,0.26479721726424194,-0.32926499907375506
-0.18774,35.7993,1,-1.154683915368792,-0.29856508009571187,0.005364217622663428,-0.47879856953910993
6.86223,35.33701,0,2.0320786431869258,0.2622549999290153,1.4803048522901108,0.022189130681405638
8.77515,36.62554,1,-0.19577119978528423,1.2170846498618613,-0.11717419816741384,0.482845411264859
9.18611,35.88586,1,0.8376435062320299,0.5270854444966047,0.6011055440571611,0.02015817207737705
3.83492,36.90831,1,-1.195539845606686,-0.7624323943437369,-0.010969622065359003,-0.7679139035346195
2.35116,36.25371,1,-0.04917050893166525,0.4842139230661915,-1.2860826126249225,0.7364287509648482
5.46769,36.18381,1,1.443272589758456,-0.5050290081827404,1.522836035757162,-0.4065824452718753
10.62508,36.71223,1,-1.0537457347810544,-0.5139813865756198,-0.010969622065359003,-0.6917830456186655
4.42101,36.84008,1,0.9722277470156802,2.239737741246075,0.9400995867918269,1.6034605558809791
9.92289,35.70247,1,-1.065762184851023,-0.7624323943437369,-0.010969622065359003,-0.7545461657533441
7.6193,36.37384,1,-0.4529232312826159,2.239737741246075,0.16700750966315364,1.5469483741473062
5.60135,35.80168,1,1.2437995185969744,-0.4318375987876877,0.1406888544887171,-0.4492073557481821
9.31549,36.7876,1,-0.5346350917584035,0.013982220715034447,1.5189375017427902,0.20608638899637197
9.63652,35.37698,0,-0.4649396813525847,-0.4070487834879464,-0.3319987786066726,-0.603456711098668
8.93732,36.66143,0,-0.6884456526540038,-0.12430011804539104,0.9492621477225383,-0.13132374392131288
9.02008,34.9682,0,0.12626966208987878,-0.38498086206819077,1.0586619476270522,-0.6022531216939466
9.22765,35.2498,0,-0.13088236940745288,-0.678851051335341,1.6838479167786276,-0.6484082983802663
7.11602,36.64045,0,-0.64758972241611,1.2771464006526432,-1.6179890740680722,1.8803755155980668
6.1202,36.56332,1,1.306285058960812,2.239737741246075,0.893577554297313,1.5364554164146207
-1.4017,34.23419,0,1.7388772614796877,-0.46293266462564353,-0.05715523734870552,-0.5337145597862784
4.2298,34.35452,0,0.09022031187997248,-0.6316910468645893,1.4408606000140083,-0.661707102802043
-0.97412,33.5192,0,1.440869299744462,-0.7935268707399993,0.12511809306595462,-0.7462351501038015
0.09525,35.09232,1,0.06618741174003494,-0.6095112711276991,0.21395102528634635,-0.6578277506285748
1.30095,35.25352,0,1.0010672271836052,-0.7193212183300857,-0.5390060231377111,-0.7708614238993728
-0.28061,35.52861,1,-0.803803573325704,0.08572900158930252,-0.25117565317916646,-0.21923666124341884
5.91358,36.79125,1,-1.154683915368792,-0.5921658634857307,0.7586579791393404,-0.722363462970043
7.24784,35.10395,1,2.332489894936145,1.3591860123770785,-1.316946117860911,1.0436050332885372
5.15325,36.55531,1,0.22720784267761646,2.1700118301943854,-1.2176724538214247,2.320252694868422
8.30534,36.51955,1,1.395206789478581,1.0773432877940332,-1.6613047132353058,0.617909984976417
9.37129,36.9661,1,-0.5418449618003848,-0.2813206841460443,0.8933293097589055,1.425014521739417
-0.2007,34.93657,0,0.27767693297148527,-0.678851051335341,0.039392655797440536,-0.5221716419980522
7.04521,33.42482,0,-1.0297128346411168,-0.7773588418573524,1.6245553449251047,-0.8313412637199836
-0.44466,33.70644,0,1.392803499464587,-0.7282680125385013,0.2774201117785962,-0.7941526873610684
4.5231,35.56483,0,-0.22220738993921552,-0.7935268707399993,-1.0196470976093395,-0.840323901116222
4.35809,33.92696,0,0.18875520245371638,-0.7789992891133342,1.3767401305047093,-0.7108220229283966
3.87698,35.72507,1,0.18635191243972263,-0.5802217892896184,-0.010969622065359003,-0.5401227163495869
-1.48037,33.51344,0,1.4769186499543685,-0.8287010282125248,-0.010969622065359003,-0.8081150281446833
3.19678,36.22829,0,0.3545822134192854,-0.5219579597566975,-1.339002341819934,-0.22567119206473069
8.5566,36.62724,1,0.05176767165607241,0.7391175490519687,0.8673467759141841,0.32610665809999145
8.13529,35.76705,0,0.30411312312541655,-0.39544280063786996,-0.72354240283963,-0.5085305210995328
3.71764,34.74589,0,1.4793219399683621,-0.7458657555159275,-0.010969622065359003,-0.7683303888158861
3.6111,34.69164,0,1.7412805514936813,-0.39514901048858014,-0.277346367627496,-0.4655300096639977
5.95263,36.02243,0,1.1572810780931992,0.06607534027597613,1.16352647663203,-0.18851124176813072
2.02568,34.22094,1,1.7629101616196252,-0.08898393614800301,-0.4640929817774537,-0.25914578312933434
